REGIAO:;S
UF:;RS
ESTACAO:;ROLANTE
CODIGO (WMO):;B819
LATITUDE:;-29,65583333
LONGITUDE:;-50,61805554
ALTITUDE:;69
DATA DE FUNDACAO:;18/08/25
Data;Hora UTC;PRECIPITAÇÃO TOTAL, HORÁRIO (mm);PRESSAO ATMOSFERICA AO NIVEL DA ESTACAO, HORARIA (mB);PRESSÃO ATMOSFERICA MAX.NA HORA ANT. (AUT) (mB);PRESSÃO ATMOSFERICA MIN. NA HORA ANT. (AUT) (mB);RADIACAO GLOBAL (Kj/m²);TEMPERATURA DO AR - BULBO SECO, HORARIA (°C);TEMPERATURA DO PONTO DE ORVALHO (°C);TEMPERATURA MÁXIMA NA HORA ANT. (AUT) (°C);TEMPERATURA MÍNIMA NA HORA ANT. (AUT) (°C);TEMPERATURA ORVALHO MAX. NA HORA ANT. (AUT) (°C);TEMPERATURA ORVALHO MIN. NA HORA ANT. (AUT) (°C);UMIDADE REL. MAX. NA HORA ANT. (AUT) (%);UMIDADE REL. MIN. NA HORA ANT. (AUT) (%);UMIDADE RELATIVA DO AR, HORARIA (%);VENTO, DIREÇÃO HORARIA (gr) (° (gr));VENTO, RAJADA MAXIMA (m/s);VENTO, VELOCIDADE HORARIA (m/s);
2026/01/01;0000 UTC;0;1000;1000;1000;0;27;24,3;27;27;24,3;24,3;87;87;87;185;,9;,6;
2026/01/01;0100 UTC;0;1000;1000,1;999,9;0;26,2;24,4;26,9;25,6;24,6;24;94;86;91;252;1,4;,7;
2026/01/01;0200 UTC;0;999,9;1000,2;999,4;0;25,9;24,4;26;25,4;24,5;24,2;94;91;92;160;1,8;1,4;
2026/01/01;0300 UTC;0;999,6;999,8;999,3;0;24,9;24,2;25,4;24,6;24,4;24,1;98;94;97;115;1;,4;
2026/01/01;0400 UTC;0;999,6;999,8;999,3;0;24,3;23,8;24,7;23,9;24,1;23,5;99;97;98;87;1,3;,6;
2026/01/01;0500 UTC;0;999,3;999,4;999;0;23,8;23,5;24;23,7;23,7;23,3;99;97;98;95;,9;,4;
2026/01/01;0600 UTC;0;998,8;999;998,6;0;23,4;23;23,7;23,3;23,5;22,7;99;96;98;115;1,7;1;
2026/01/01;0700 UTC;0;998,4;998,6;998,2;0;23,4;22,7;23,6;23,2;22,9;22,4;98;94;97;128;1,2;,5;
2026/01/01;0800 UTC;0;998,2;998,3;998;0;23,4;22,7;23,6;23,3;22,9;22,5;97;96;97;124;3;,9;
2026/01/01;0900 UTC;0;998,4;998,8;998,1;46,7;23,2;22,7;23,4;23,1;22,9;22,4;98;96;97;300;,9;,6;
2026/01/01;1000 UTC;0;999,2;999,5;998,8;180,2;23,7;23;23,9;23,5;23,4;22,7;97;96;97;116;1,2;,6;
2026/01/01;1100 UTC;,2;999,6;999,8;999,5;431;24,3;23,1;24,7;23,8;23,7;22,7;97;92;94;165;3,9;1,6;
2026/01/01;1200 UTC;,8;999,3;999,6;999,1;1308,3;24,9;23,8;26,7;24,1;24,8;23;98;86;94;185;2,2;,8;
2026/01/01;1300 UTC;0;998,8;999,1;998,5;2298,5;27,8;24,1;28,6;26,7;24,9;23,4;89;77;81;244;4,3;1,9;
2026/01/01;1400 UTC;0;998,4;998,6;998,1;2564,9;29;23,9;30,7;27,8;24,9;23,3;81;67;74;256;4,4;2,1;
2026/01/01;1500 UTC;0;997,9;998,2;997,6;2856,4;30,1;23,7;31,1;29,1;24,5;23,1;73;62;68;258;6,3;3,7;
2026/01/01;1600 UTC;0;997,2;997,6;996,8;3736,5;31,1;23,8;31,8;30;24,5;23;67;60;63;262;6,6;3,8;
2026/01/01;1700 UTC;0;996,5;996,9;996,3;3457,4;32;24;32,6;31,2;24,8;23,4;64;54;60;223;7,9;4,2;
2026/01/01;1800 UTC;0;996,1;996,4;995,8;3046,3;32,7;23,8;33,3;32,2;24,6;23,3;59;53;56;240;5,5;3,6;
2026/01/01;1900 UTC;0;995,5;995,7;995,2;2410,7;33,1;23,6;33,8;31,7;24,4;23,1;58;47;53;235;5,8;3,4;
2026/01/01;2000 UTC;0;994,8;995,2;994,4;2135;33,6;22;34;33,1;23,3;20,8;49;36;42;246;3,9;2,2;
2026/01/01;2100 UTC;0;994,4;994,5;994,3;1311,1;32,8;23,1;34,3;31,8;23,8;21,8;58;39;52;151;4,2;2,6;
2026/01/01;2200 UTC;0;994,9;995,2;994,5;438,8;31,4;23,5;31,9;30,6;23,8;23,1;65;57;60;159;4;2;
2026/01/01;2300 UTC;0;995,7;996,1;995,2;13,5;29,1;22,6;30,5;28;23,5;21,7;71;64;67;61;2,4;,9;
2026/01/02;0000 UTC;0;996,5;996,9;996,1;0;27,4;21,6;28;26,3;22,5;20,4;79;63;71;36;1,8;1;
2026/01/02;0100 UTC;0;996,9;997,2;996,8;0;24,8;21,8;26,3;23,7;22,5;20,4;91;74;85;116;2,1;,9;
2026/01/02;0200 UTC;0;997,6;997,8;997,2;0;23,5;21,3;24;23;21,9;20,7;92;88;89;109;2,1;1,1;
2026/01/02;0300 UTC;0;998;998,3;997,6;0;22;19,8;22,9;21,4;21;18,3;94;83;89;108;3;2;
2026/01/02;0400 UTC;0;997,8;998,1;997,5;0;20,7;18,7;21,7;20,2;19,9;17,8;95;82;90;97;2,7;1,3;
2026/01/02;0500 UTC;0;997,3;997,6;997,1;0;20,2;17,7;20,7;19,9;18,8;16,5;92;80;87;121;2,5;1,5;
2026/01/02;0600 UTC;0;997;997,5;996,7;0;19,6;17,2;20;19,4;17,6;16,8;91;86;88;218;1,1;,7;
2026/01/02;0700 UTC;0;997,2;997,5;996,9;0;19,4;16,9;19,9;19;18;16,1;92;83;88;129;2;1,1;
2026/01/02;0800 UTC;0;996,8;997;996,6;0;19,1;17,3;19,4;18,8;17,5;17,1;92;89;91;34;2,4;1,7;
2026/01/02;0900 UTC;0;997,2;997,6;996,8;26,6;19,1;17,6;19,3;18,8;17,9;17,1;95;89;93;147;1,2;,8;
2026/01/02;1000 UTC;0;997,8;998,2;997,5;360,7;19,8;18,1;20,5;19;18,8;17,7;94;88;91;314;1,2;,6;
2026/01/02;1100 UTC;0;998,4;998,6;998,1;916,2;21,9;19,1;23,4;20,5;20;18,4;92;79;86;125;2;,8;
2026/01/02;1200 UTC;0;998,7;998,8;998,6;2015;24,6;20,1;26,1;23,4;21,8;19,1;81;75;78;286;2,4;1,3;
2026/01/02;1300 UTC;0;998,7;998,9;998,4;2793,8;27,1;21,6;28;25,9;22,4;21,1;77;67;73;296;4,2;2,4;
2026/01/02;1400 UTC;0;998,3;998,6;998;3423,7;28,3;21,5;29,2;27,3;22,2;20,9;72;61;66;248;4,4;2,4;
2026/01/02;1500 UTC;0;997,7;998;997,3;3777,8;29,8;21,9;30,6;29,3;22,7;21,3;64;56;60;255;3,9;1,8;
2026/01/02;1600 UTC;0;997;997,3;996,6;3889,6;30,8;22,1;31,5;30,3;23;21,4;62;50;56;274;5,5;2,7;
2026/01/02;1700 UTC;0;996,2;996,6;995,9;3075,4;31,5;21,9;32,4;30,6;22,9;20,7;56;47;52;283;4,5;2,1;
2026/01/02;1800 UTC;0;995,3;995,8;994,9;2845,6;31,8;21,2;33;30,9;22,3;20,5;52;41;47;219;4,1;2,3;
2026/01/02;1900 UTC;0;994,3;994,8;993,9;2885;32,7;21,4;33,2;32,1;22,2;20,8;48;41;43;255;2,8;1,1;
2026/01/02;2000 UTC;0;993,7;993,9;993,5;2158,3;33;21,2;33,4;32,6;22,2;20,5;45;38;41;269;3,6;2,1;
2026/01/02;2100 UTC;0;993,4;993,8;993,3;1199,4;32,4;20,9;33;29,7;22,5;20,1;64;39;42;217;10,7;5;
2026/01/02;2200 UTC;0;994,2;994,7;993,5;475,7;27,4;22;29,5;26,2;22,5;21,3;77;65;73;195;6,8;4,1;
2026/01/02;2300 UTC;0;994,9;995,1;994,7;46,1;25,4;21;26,2;24,8;21,4;20,9;81;76;78;225;1,4;,7;
2026/01/03;0000 UTC;0;994,8;995,1;994,7;0;23,9;21,1;24,9;23,6;21,4;20,9;89;80;86;232;1,1;,5;
2026/01/03;0100 UTC;0;995,3;995,6;995;0;23,2;21;23,7;22,7;21,5;20,8;93;86;89;89;1,6;,8;
2026/01/03;0200 UTC;0;995,7;995,8;995,5;0;22,5;21,1;23;22,2;21,4;20,8;95;89;93;98;1,3;,7;
2026/01/03;0300 UTC;0;995,5;995,8;995,2;0;21,7;21,1;22,5;21,3;21,3;20,9;98;93;97;108;2,6;1,8;
2026/01/03;0400 UTC;0;994,9;995,1;994,5;0;21,3;20,9;21,7;21,1;21,2;20,7;99;96;98;88;2,3;,7;
2026/01/03;0500 UTC;0;994,4;994,6;994,1;0;21,1;20,3;21,2;20,8;20,7;20,1;98;94;96;156;,6;,2;
2026/01/03;0600 UTC;0;994;994,2;993,8;0;20,7;19,9;20,8;20,6;20,1;19,7;97;94;96;113;1,1;,7;
2026/01/03;0700 UTC;0;993,8;993,9;993,7;0;20,4;19,5;20,7;20,2;19,9;19,2;97;94;95;122;2,3;,8;
2026/01/03;0800 UTC;0;994;994,2;993,8;0;20;19,3;20,2;19,7;19,4;19,2;98;95;96;125;2,3;1,1;
2026/01/03;0900 UTC;0;994,4;994,8;994,1;22,4;19,8;19,2;20;19,7;19,4;19,1;98;96;97;120;3,1;1,6;
2026/01/03;1000 UTC;0;995;995,2;994,8;376,3;20,9;19,4;22,2;19,9;20,1;19,2;97;87;93;109;1,2;,7;
2026/01/03;1100 UTC;0;995,2;995,3;995,1;802;23,1;20,4;24,4;21,6;21,2;19,3;95;80;86;204;2,1;,9;
2026/01/03;1200 UTC;0;995,5;995,6;995,3;1701,3;26,6;21,2;28,2;24,4;22;20,6;84;63;73;254;8;4,1;
2026/01/03;1300 UTC;0;996,1;996,8;995,4;1872,1;28;20,3;28,6;27,5;21,3;19,2;65;58;61;250;11,3;5,2;
2026/01/03;1400 UTC;0;997,3;997,6;996,7;1877,8;27,6;19,2;28,2;27,3;19,7;18,5;61;54;58;236;9,3;5,2;
2026/01/03;1500 UTC;0;997,8;998,1;997,5;2545,9;28,1;18,5;28,6;27,7;20,3;16,9;60;45;52;255;8,7;5,5;
2026/01/03;1600 UTC;0;998,2;998,6;997,9;1751,8;27,7;17,2;28,3;25,2;18;16,3;60;42;48;189;15;8,7;
2026/01/03;1700 UTC;0;999,1;999,6;998,6;2890,9;25,3;17,4;26,6;23,7;18,2;16,4;64;56;61;184;16,7;11,3;
2026/01/03;1800 UTC;0;1000,4;1000,9;999,4;868,4;22,8;15,6;23,8;22,3;16,3;14,8;66;62;64;179;12;7,6;
2026/01/03;1900 UTC;0;1001,4;1001,9;1000,7;446;21,6;14,1;22,4;21,2;15;13,4;65;61;62;185;10,8;6,4;
2026/01/03;2000 UTC;0;1002,1;1002,5;1001,7;233,9;20,8;12,7;21,3;20,5;13,6;12;62;57;59;171;6,4;4;
2026/01/03;2100 UTC;0;1002,7;1003,1;1002,3;112,9;20,4;11,8;20,5;20,1;12,2;11,4;59;56;57;194;6,2;2,8;
2026/01/03;2200 UTC;0;1003,4;1003,9;1003;32,7;20,1;11,3;20,3;19,9;12,1;10,5;59;52;56;177;6,8;3,8;
2026/01/03;2300 UTC;0;1004,1;1004,3;1003,9;2,7;19,8;10,9;20;19,5;11,3;10,5;58;53;56;198;4,1;2,4;
2026/01/04;0000 UTC;0;1004,6;1005;1004,3;0;19,2;11;19,7;18,8;12;10,2;64;55;59;132;,7;,2;
2026/01/04;0100 UTC;0;1005,4;1005,7;1005;0;18,5;10,3;18,8;18,2;10,7;10;62;56;59;94;;;
2026/01/04;0200 UTC;0;1006;1006,2;1005,7;0;18;9,7;18,2;17,7;10,5;9,2;61;57;58;94;;;
2026/01/04;0300 UTC;0;1006,1;1006,2;1006;0;17,4;9,3;17,7;16,7;9,6;9;63;57;60;94;;;
2026/01/04;0400 UTC;0;1006;1006;1005,9;0;16,5;9,7;16,9;15,5;11,1;9;77;61;66;94;;;
2026/01/04;0500 UTC;0;1005,9;1006;1005,8;0;14,6;11,1;15,4;14;11,9;10,4;86;76;82;94;;;
2026/01/04;0600 UTC;0;1006;1006;1005,9;0;14,1;11,3;14,3;13,5;12;10,8;91;83;86;94;;;
2026/01/04;0700 UTC;0;1005,9;1006;1005,8;0;13,7;11,9;14;13,4;12,3;11,4;94;87;91;181;10,5;9,3;
2026/01/04;0800 UTC;0;1006,1;1006,5;1005,8;0;13,6;11,8;13,9;13,4;12,3;11,3;94;88;91;180;10,9;10,2;
2026/01/04;0900 UTC;0;1007;1007,4;1006,6;26,2;13,2;11,5;13,8;12,9;11,9;11;95;89;92;182;9;8,1;
2026/01/04;1000 UTC;0;1007,9;1008,1;1007,5;474,9;13,8;12;15,2;12,9;12,6;10,9;95;79;91;181;11,4;5,3;
2026/01/04;1100 UTC;0;1008,3;1008,5;1008,1;1352,2;16,4;11,3;17,3;15,2;12;10,5;82;67;75;180;6,6;6,6;
2026/01/04;1200 UTC;0;1008,3;1008,6;1008,1;2265,1;17,8;10;18,5;17,2;10,8;8,8;68;52;61;209;1,5;1,5;
2026/01/04;1300 UTC;0;1008,3;1008,5;1008,1;3036,7;19;9,6;19,9;18,4;10,3;8,8;56;45;53;233;2,2;,3;
2026/01/04;1400 UTC;0;1008,4;1008,6;1008,2;3691,8;20,3;9,4;21,3;19,6;10,5;8,5;50;41;45;268;2,4;,5;
2026/01/04;1500 UTC;0;1008,1;1008,4;1007,8;4040,8;21,3;9,5;21,6;20,8;10,2;9,1;44;38;41;244;9,5;2,8;
2026/01/04;1600 UTC;0;1008;1008,1;1007,8;4157,2;22,2;10;22,9;21,7;10,7;9,3;42;34;39;269;9,6;5,7;
2026/01/04;1700 UTC;0;1008;1008,2;1007,8;4000,9;23,1;10,6;23,9;22,2;11,7;9,7;40;35;37;266;8,4;4,2;
2026/01/04;1800 UTC;0;1007,8;1008,1;1007,6;3611,2;23,5;10,9;24,1;23,1;11,6;10,3;39;34;37;262;7,6;4;
2026/01/04;1900 UTC;0;1007,5;1007,7;1007,4;2970,3;23,9;11,2;24,7;22,8;12,4;9,9;40;34;36;253;8,6;5,2;
2026/01/04;2000 UTC;0;1007,4;1007,5;1007,3;1989;23,8;11,1;24,5;22,8;11,8;10,1;40;34;36;222;7,2;4,5;
2026/01/04;2100 UTC;0;1007,5;1007,9;1007,3;864,4;22,6;11,1;24,3;21,6;11,5;10,7;48;35;43;173;8,5;5,6;
2026/01/04;2200 UTC;0;1008,2;1008,5;1007,9;473,5;21,3;10,7;21,8;20,5;11,2;10,4;51;45;47;166;7,5;4,4;
2026/01/04;2300 UTC;0;1009;1009,4;1008,6;28,7;19,6;10,5;20,4;18,3;10,9;10,2;62;50;55;154;,6;,1;
2026/01/05;0000 UTC;0;1009,6;1009,8;1009,3;0;18,2;10,5;18,6;17,7;11,1;10;66;58;62;179;,1;;
2026/01/05;0100 UTC;0;1010;1010,3;1009,8;0;17,3;11;18,2;16,4;12,3;10,1;77;60;68;179;;;
2026/01/05;0200 UTC;0;1010,6;1010,8;1010,3;0;16,2;11,7;16,7;15,8;12,3;11,1;81;72;78;179;;;
2026/01/05;0300 UTC;0;1010,7;1010,8;1010,7;0;15,6;11,7;16,2;15;12,1;11;85;75;80;179;;;
2026/01/05;0400 UTC;0;1010,7;1010,8;1010,6;0;14,7;12;15,3;14,2;12,2;11,8;89;83;87;179;;;
2026/01/05;0500 UTC;0;1010,5;1010,6;1010,4;0;13,8;12;14,2;13,4;12,2;11,7;94;88;91;179;,5;,2;
2026/01/05;0600 UTC;0;1010,2;1010,4;1010;0;13,4;11,6;13,6;13,1;11,8;11,2;93;89;91;180;9,8;8,8;
2026/01/05;0700 UTC;0;1010;1010,1;1009,9;0;12,8;11,4;13,2;12,4;11,6;11,1;95;91;93;180;9,9;8,6;
2026/01/05;0800 UTC;0;1010,1;1010,3;1009,9;0;12,8;11,3;13,2;12,6;11,7;11,1;95;90;92;176;9,4;8,6;
2026/01/05;0900 UTC;0;1010,7;1010,9;1010,4;38,5;13,5;11,4;13,9;13;12,1;11;93;85;90;178;10,8;9,5;
2026/01/05;1000 UTC;0;1010,9;1011,1;1010,8;503;15;11,4;16,8;13,9;11,8;11;88;74;82;168;5,4;5,1;
2026/01/05;1100 UTC;0;1011,3;1011,6;1011,1;1203,8;17,3;11,8;18;16,4;12,5;11,3;76;68;72;173;6;6;
2026/01/05;1200 UTC;0;1011,7;1011,9;1011,6;2118,6;19,5;12,6;20,6;17,6;13,1;12,1;75;59;66;303;2,3;1,4;
2026/01/05;1300 UTC;0;1011,8;1011,9;1011,7;2521,5;20,7;11,4;21,8;19,6;12,7;10,7;62;48;53;177;4,7;1,8;
2026/01/05;1400 UTC;0;1011,5;1011,8;1011,3;3618,3;22,1;11,4;23;21,4;12,3;10,7;52;40;46;235;4,8;2;
2026/01/05;1500 UTC;0;1010,9;1011,3;1010,5;4002;23,3;11,1;24;22,5;12,2;9,9;45;32;39;111;4;1,3;
2026/01/05;1600 UTC;0;1010,3;1010,5;1009,8;4127,9;24,6;11,5;25,1;23,6;12,3;10,7;41;30;35;141;4,5;2,1;
2026/01/05;1700 UTC;0;1009,5;1009,8;1009,3;3976,7;25,4;12,2;26,2;24,6;13,3;11,3;37;30;34;168;5,7;2,9;
2026/01/05;1800 UTC;0;1009;1009,3;1008,6;3588,8;25,9;13,3;26,8;25,4;14;12,4;39;34;37;155;7,4;3,9;
2026/01/05;1900 UTC;0;1008,3;1008,7;1007,9;2987,6;25,9;13,9;26,6;25,4;14,7;12,9;42;37;40;178;8,2;5,2;
2026/01/05;2000 UTC;0;1007,7;1007,9;1007,6;2218;25,5;14,2;26,1;24,7;14,7;13,7;47;40;43;156;9,8;5,4;
2026/01/05;2100 UTC;0;1007,8;1008;1007,6;1352,7;24;13,8;25;23,1;14,4;13,5;54;45;49;152;9,2;5,3;
2026/01/05;2200 UTC;0;1008,1;1008,3;1007,9;509,4;22,4;14;23,2;21,6;14,3;13,9;63;54;58;138;5,6;2;
2026/01/05;2300 UTC;0;1008,4;1008,7;1008,3;29,9;20,9;14;21,6;20,3;14,3;13,6;67;62;65;84;3,3;1,9;
2026/01/06;0000 UTC;0;1008,9;1009;1008,7;0;20;13,5;20,3;19,5;13,7;13,4;70;67;68;82;4,2;2,2;
2026/01/06;0100 UTC;0;1008,9;1009;1008,8;0;19,2;13,4;19,4;19,1;13,5;13,2;72;70;71;108;4,1;1,6;
2026/01/06;0200 UTC;0;1008,8;1008,9;1008,8;0;19,5;12,9;19,8;19,2;13,3;12,7;70;65;67;77;6,2;2,7;
2026/01/06;0300 UTC;0;1008,6;1008,8;1008,4;0;19,2;12,7;19,8;18,3;13;12,4;72;65;68;175;1,7;,5;
2026/01/06;0400 UTC;0;1008,1;1008,4;1007,9;0;18,5;12,5;18,8;17,6;12,8;12,2;75;68;70;169;1,5;,6;
2026/01/06;0500 UTC;0;1007,6;1007,9;1007,3;0;17,4;12,7;18,7;16,3;13;12,3;83;70;76;90;1,5;,3;
2026/01/06;0600 UTC;0;1007,2;1007,3;1007;0;18;12,9;18,7;16,9;13,1;12,7;80;71;74;74;1,5;,4;
2026/01/06;0700 UTC;0;1006,9;1007,1;1006,8;0;17,6;13;18,6;17,2;13,3;12,7;79;72;77;321;,4;,2;
2026/01/06;0800 UTC;0;1006,9;1007;1006,8;0;18,6;12,6;19,2;17,5;13,1;12,4;77;66;70;80;4,4;2,9;
2026/01/06;0900 UTC;0;1006,8;1006,9;1006,7;21,8;19,3;12,6;19,5;19,1;12,8;12,5;67;66;66;89;5;3,3;
2026/01/06;1000 UTC;0;1007,1;1007,5;1006,7;446,1;19,3;13,3;20,4;18,2;15,1;12,6;78;66;70;244;3,4;,5;
2026/01/06;1100 UTC;0;1007,7;1007,7;1007,5;1308,3;20,3;15,1;22,1;19,3;16,3;14,5;78;66;74;254;2;,9;
2026/01/06;1200 UTC;0;1007,6;1007,7;1007,4;2172,5;24;15;24,9;22,2;16,1;14,4;70;50;55;256;2,6;1,3;
2026/01/06;1300 UTC;0;1007,3;1007,5;1007,2;2922,4;25,9;15,9;26,6;25;17;15;54;46;50;300;2,7;1,5;
2026/01/06;1400 UTC;0;1006,9;1007,2;1006,7;3502,6;27,3;16,6;27,9;26,2;17,5;15,8;51;44;47;204;4,8;2,3;
2026/01/06;1500 UTC;0;1006,3;1006,7;1005,9;3864,7;28,4;17,4;29,3;27,5;18,2;16,6;49;42;45;186;5,2;2,8;
2026/01/06;1600 UTC;0;1005,5;1005,9;1005,2;3986,2;29,4;18,3;30,3;28,9;19;17,6;47;41;44;205;6,4;3,1;
2026/01/06;1700 UTC;0;1004,7;1005,2;1004,3;3843;30,4;18,8;31,3;29,6;20;18;46;39;42;190;6,1;3,2;
2026/01/06;1800 UTC;0;1003,9;1004,3;1003,6;3478,4;30,8;19,6;31,3;30,1;20,3;18,8;47;41;44;185;6,2;4,5;
2026/01/06;1900 UTC;0;1003,4;1003,6;1003,2;2674,1;30,7;20,1;31;30,3;20,9;19,5;51;44;47;186;6,4;4,5;
2026/01/06;2000 UTC;0;1003;1003,2;1002,9;2129,4;30,3;20,1;30,8;29,9;20,6;19,5;51;47;49;170;5,3;3,4;
2026/01/06;2100 UTC;0;1002,9;1003;1002,8;1204,1;29,8;20;30,2;29,2;20,4;19,3;55;46;51;152;3,6;2,2;
2026/01/06;2200 UTC;0;1002,8;1002,9;1002,7;521,5;28,7;20,2;29,4;27,9;20,6;20;62;54;58;125;2,7;1,1;
2026/01/06;2300 UTC;0;1003;1003,1;1002,9;28,1;27,2;19,7;28;26,3;20,4;19,3;66;59;62;65;3,2;1,3;
2026/01/07;0000 UTC;0;1003,2;1003,4;1003,1;0;25,8;19,2;26,2;25,3;19,4;19;69;65;67;78;3,4;1,7;
2026/01/07;0100 UTC;0;1003,6;1003,8;1003,4;0;24,6;18,8;25,3;24,1;19;18,6;74;68;71;89;2,4;1;
2026/01/07;0200 UTC;0;1003,8;1003,9;1003,7;0;23,4;18,5;24,3;22,3;19,1;18,2;83;71;76;92;2,7;1;
2026/01/07;0300 UTC;0;1003,8;1003,9;1003,7;0;22,2;18,3;23,6;21;18,8;18,1;86;73;80;89;2,2;1,3;
2026/01/07;0400 UTC;0;1003,5;1003,7;1003,1;0;22,3;17,9;22,8;21,7;18,1;17,4;81;74;78;92;2,5;,9;
2026/01/07;0500 UTC;0;1003;1003,1;1002,8;0;21,3;17,6;22,2;20,7;18,1;17,3;86;78;82;42;2,1;1,2;
2026/01/07;0600 UTC;0;1003;1003,3;1002,9;0;20,9;17,2;21,4;20,1;17,5;16,8;87;78;81;67;1,6;,8;
2026/01/07;0700 UTC;0;1003,3;1003,4;1003,2;0;20,2;16,8;20,9;19,7;17,4;16,3;87;78;83;130;2,3;1,1;
2026/01/07;0800 UTC;0;1003,7;1003,9;1003,4;0;20,7;16,2;21,5;20,3;16,6;15,7;81;72;77;51;1,8;1;
2026/01/07;0900 UTC;0;1004,3;1004,8;1003,9;20,5;21,1;15,9;21,6;20,6;16,2;15,6;77;71;74;69;1,4;,9;
2026/01/07;1000 UTC;0;1005,3;1005,6;1004,9;421,7;21,9;16,5;23,1;20,8;18,4;15,8;78;68;73;249;1;,3;
2026/01/07;1100 UTC;0;1005,6;1005,7;1005,5;1263,7;25,1;18,2;27;23,1;19,2;17,5;76;56;66;104;2,7;1,2;
2026/01/07;1200 UTC;0;1005,4;1005,5;1005,2;2109,8;28;18,8;28,9;26,9;19,7;18,2;59;48;54;137;2,7;1,4;
2026/01/07;1300 UTC;0;1005,1;1005,3;1004,9;2810,8;29,6;19,4;30,8;28,7;20,2;18,8;54;45;49;317;5,1;3,3;
2026/01/07;1400 UTC;0;1004,7;1004,9;1004,4;3416,4;31,6;20,6;32,5;30,5;21,4;19,5;47;42;45;311;6;2,8;
2026/01/07;1500 UTC;0;1004,1;1004,4;1003,8;3503,9;32,7;21,1;33,7;32;22,3;20,5;45;39;42;300;7,5;3,5;
2026/01/07;1600 UTC;0;1003,4;1003,8;1003;3194,1;33,3;21,5;34,3;32,3;22,3;20,7;45;38;41;219;4,9;1,8;
2026/01/07;1700 UTC;0;1002,8;1003;1002,5;3180,7;34;21,8;34,9;33,1;22,6;21,2;42;36;39;259;4,6;2;
2026/01/07;1800 UTC;0;1002;1002,5;1001,6;2516,9;34,4;21,8;35,8;33,2;23;20,8;41;31;37;225;4,3;1,6;
2026/01/07;1900 UTC;0;1001,7;1001,9;1001,5;1703,8;33,8;21,7;34,6;33,4;22,3;21,1;43;36;39;206;5,6;3,1;
2026/01/07;2000 UTC;0;1001,3;1001,5;1001;2031,2;34;21,8;34,5;33,3;22,5;21;43;35;39;168;5,1;2,9;
2026/01/07;2100 UTC;0;1001,1;1001,2;1001;1114,1;33,7;21,6;34,2;32,6;22,2;21,1;43;37;40;154;5;3,1;
2026/01/07;2200 UTC;0;1001,8;1001,8;1001,8;59,5;30,4;21,2;30,4;30,4;21,2;21,2;54;54;54;31;1,8;1,2;
2026/01/07;2300 UTC;0;1002,4;1002,4;1002,4;0;27,7;20,4;27,7;27,7;20,4;20,4;64;64;64;288;1,5;1,2;
2026/01/08;0000 UTC;0;1004,2;1004,2;1004,2;9;25,5;21,1;25,5;25,5;21,1;21,1;78;78;78;297;7,4;3,8;
2026/01/08;0100 UTC;;;;;;;;;;;;;;;;;;
2026/01/08;0200 UTC;2,2;1007,4;1007,8;1006,4;2,5;22,4;20,5;23,5;21,3;21;19,8;95;85;90;122;3,7;1,2;
2026/01/08;0300 UTC;,2;1006,7;1007,4;1006,2;0;20,9;20,3;21,2;20,8;20,5;20;98;95;97;148;2,9;1,7;
2026/01/08;0400 UTC;0;1006;1006,3;1005,4;0;20,9;20,4;21;20,8;20,7;20;99;96;98;152;2,9;1,6;
2026/01/08;0500 UTC;0;1004,9;1005,5;1004,5;0;20,9;20,6;21,2;20,7;20,9;20,4;99;98;98;63;1,7;1;
2026/01/08;0600 UTC;0;1004,6;1004,9;1004,3;0;20,8;20,5;20,9;20,7;20,7;20,2;99;97;99;225;3,2;1,2;
2026/01/08;0700 UTC;0;1004,6;1004,8;1004,3;0;20,8;20,6;20,9;20,8;20,8;20,1;99;96;99;67;2,1;1,2;
2026/01/08;0800 UTC;,2;1004,9;1005,1;1004,7;0;20,9;20,7;21,1;20,6;20,8;20,4;100;98;99;86;1,9;1;
2026/01/08;0900 UTC;0;1005,6;1006,1;1005,1;20,3;20,6;20,4;20,7;20,5;20,6;20,3;99;98;99;127;1,8;1;
2026/01/08;1000 UTC;0;1006,7;1007,3;1006,1;263;20,6;20,4;21,1;20,4;20,7;20,3;100;98;99;112;2;,9;
2026/01/08;1100 UTC;0;1007,5;1007,7;1007,3;1326,7;22,5;20,9;23,5;21,1;21,7;20;98;85;92;182;1,8;1,1;
2026/01/08;1200 UTC;0;1007,7;1007,8;1007,5;1583,6;24;20,8;25;23;21,6;20,1;90;78;84;215;3,4;2,1;
2026/01/08;1300 UTC;0;1007,6;1007,8;1007,5;1942,1;24,9;20,2;26,1;23,8;21;19,5;85;67;77;172;4,7;2,3;
2026/01/08;1400 UTC;0;1007,4;1007,6;1007,2;2402,9;26,2;19,8;27;25,5;20,8;19,2;73;64;68;165;4,4;2,7;
2026/01/08;1500 UTC;0;1007,3;1007,4;1007,2;1697,5;26,4;20,1;27,8;26;20,9;19,4;73;64;69;181;4,4;3,2;
2026/01/08;1600 UTC;0;1006,9;1007,2;1006,7;2455,8;27,2;19,8;27,8;26,7;20,9;19,3;67;59;63;155;5;3,3;
2026/01/08;1700 UTC;0;1006,5;1006,8;1006,3;2312,2;27,3;19,8;28,1;26,9;20,6;19,2;67;58;63;170;5,9;4,2;
2026/01/08;1800 UTC;0;1006;1006,3;1005,7;3471,5;27,8;20,7;28,6;27,2;21,5;20;68;61;65;158;7,8;4,2;
2026/01/08;1900 UTC;0;1005,5;1005,7;1005,2;2882,8;28;20,8;28,9;27,5;21,7;20,1;66;61;64;155;6,7;3,8;
2026/01/08;2000 UTC;0;1005,3;1005,4;1005,2;1917,9;27,7;20,3;28,3;26,8;21,2;19,5;66;60;63;163;9;6,4;
2026/01/08;2100 UTC;0;1005,4;1005,6;1005,2;882;26,6;19,7;27,5;25,9;20,3;19,2;68;63;65;150;8;4,6;
2026/01/08;2200 UTC;0;1005,8;1006,4;1005,3;289,3;25,3;19,3;26,2;24,5;19,7;19,1;75;65;70;141;4,9;2,3;
2026/01/08;2300 UTC;0;1006,8;1007,2;1006,3;11;24,5;19,4;24,7;24,3;19,6;18,8;76;71;75;114;5,2;2;
2026/01/09;0000 UTC;0;1007,5;1007,6;1007,2;0;24,1;19,2;24,7;23,3;19,5;18,8;80;71;75;133;3,8;1,6;
2026/01/09;0100 UTC;0;1007,7;1007,9;1007,6;0;22,8;19,5;23,3;22,5;19,7;19,3;86;80;84;125;2,7;1;
2026/01/09;0200 UTC;0;1008,1;1008,3;1007,9;0;22,1;19,7;22,5;21,5;19,9;19,6;91;86;88;84;2,2;1,1;
2026/01/09;0300 UTC;0;1007,8;1008,2;1007,6;0;21,5;19,7;22,1;20,7;19,9;19,5;95;89;91;61;2,1;,8;
2026/01/09;0400 UTC;0;1007,4;1007,7;1006,8;0;20,8;19,4;21,3;20,1;19,6;19,2;97;90;93;131;1,6;1;
2026/01/09;0500 UTC;0;1006,9;1007,2;1006,5;0;20,3;19,4;20,6;20,1;19,6;19,2;97;93;95;158;,8;,4;
2026/01/09;0600 UTC;0;1006,9;1007;1006,7;0;20;19,4;20,3;19,7;19,6;19,1;98;95;97;98;2,2;1,6;
2026/01/09;0700 UTC;0;1006,5;1006,7;1006,4;0;19,9;19,4;20,1;19,7;19,5;19,1;98;96;97;65;1,2;,6;
2026/01/09;0800 UTC;0;1006,5;1006,6;1006,4;0;19,6;19,2;20,1;19,3;19,4;18,9;99;96;98;55;1,4;,7;
2026/01/09;0900 UTC;0;1006,7;1006,8;1006,4;28;19,4;19,2;19,5;19,2;19,3;18,8;99;98;99;85;1,2;,6;
2026/01/09;1000 UTC;0;1007;1007,1;1006,7;370,2;20;19,3;21,1;19,3;19,7;18,9;99;90;96;85;1,5;,8;
2026/01/09;1100 UTC;0;1007;1007,4;1006,8;989,9;22;19,5;23,1;20,9;20,2;18,9;94;81;88;289;1,8;,7;
2026/01/09;1200 UTC;0;1007;1007,2;1006,9;1265,8;23,6;20,3;24,7;22,9;21;19,5;86;80;84;283;3,3;1,9;
2026/01/09;1300 UTC;0;1006,8;1007,2;1006,4;2883,4;26,4;21;27,9;24,7;21,5;20,6;81;65;73;109;2,2;1;
2026/01/09;1400 UTC;0;1006,1;1006,5;1005,7;3166,3;28,8;21,1;29,7;27,9;21,9;20,1;64;58;61;146;2,7;1,1;
2026/01/09;1500 UTC;0;1005,2;1005,7;1004,8;3584,1;30,2;22,2;30,9;29,2;23,1;21,1;63;57;60;181;6,1;3,9;
2026/01/09;1600 UTC;0;1004,6;1004,9;1004,4;3679,3;30,8;22,9;31,3;30,2;23,4;22,1;63;58;60;203;6,7;4;
2026/01/09;1700 UTC;0;1004,1;1004,4;1003,9;3714,8;30,9;23,1;31,3;30,5;23,6;22,5;63;59;61;160;6,6;4,2;
2026/01/09;1800 UTC;0;1003,4;1004;1002,8;3359,5;31,3;23,5;31,8;30,9;24,1;23,1;64;59;61;172;6,3;3,6;
2026/01/09;1900 UTC;0;1002,8;1003,3;1002,6;2156,2;30,9;23,5;31,5;29,8;23,9;23,1;69;59;63;154;5,7;3,2;
2026/01/09;2000 UTC;0;1003,2;1003,7;1002,5;216,8;27,7;22,1;30,2;24,8;23,6;19,6;83;66;72;155;5,3;1,8;
2026/01/09;2100 UTC;0;1002,6;1003;1002,3;317,8;25;20,1;25,6;24,3;20,6;19,6;80;72;76;149;3,2;1,3;
2026/01/09;2200 UTC;0;1002,5;1002,8;1002,3;297,5;25,4;19,9;25,7;25,1;20,6;19,3;77;69;73;101;4,7;1,8;
2026/01/09;2300 UTC;0;1002,3;1002,8;1001,9;11,8;25,7;21,2;26,1;25,2;21,4;20,6;78;76;77;118;5,3;2,6;
2026/01/10;0000 UTC;0;1003,4;1004,5;1002,7;0;25,9;21,4;26,5;25,2;21,7;21,1;81;75;78;129;5,2;1,6;
2026/01/10;0100 UTC;0;1003,9;1004,3;1003,4;0;25,5;21;27;23,5;21,9;20;91;66;77;175;3,5;1,2;
2026/01/10;0200 UTC;0;1004,1;1004,6;1003,7;0;22,9;21,5;23,6;22,6;21,8;20,6;96;85;93;255;1,9;,7;
2026/01/10;0300 UTC;3,4;1005,5;1006,8;1004,3;,4;22,2;21;22,8;21,5;21,9;20,1;98;88;94;328;4,3;3;
2026/01/10;0400 UTC;5,6;1005,8;1006,5;1004,2;0;21,4;20,9;21,5;21,2;21,2;20,6;99;97;98;94;3,8;2,2;
2026/01/10;0500 UTC;,8;1004,3;1005,6;1003,9;0;21,3;21,1;21,4;21,2;21,2;21;99;99;99;315;6,6;3,7;
2026/01/10;0600 UTC;11,5;1005,1;1005,7;1004,4;0;21,2;21;21,4;21,1;21,2;20,8;100;98;99;91;4,9;1,9;
2026/01/10;0700 UTC;2,2;1002,9;1004,3;1001,6;0;21,2;20,8;21,4;21;20,9;20,6;99;96;98;152;3;1,1;
2026/01/10;0800 UTC;,2;1001;1001,5;1000,5;0;21,1;20,6;21,3;21;20,8;20,5;99;96;98;288;1,9;1,2;
2026/01/10;0900 UTC;0;1001,3;1001,4;1001,2;3,8;20,9;20,7;21;20,9;20,8;20,5;99;98;99;85;1,9;1;
2026/01/10;1000 UTC;0;1001,3;1001,4;1001;89,9;21,1;20,7;22;20,9;20,9;19,7;100;89;98;122;3,3;1,7;
2026/01/10;1100 UTC;0;1001,1;1001,2;1001;581,3;22,2;21,2;22,8;21,7;21,9;19,7;97;87;95;280;1,4;,6;
2026/01/10;1200 UTC;0;1001,1;1001,3;1001;569,3;23,1;21,8;23,7;22,8;22,4;21,1;95;90;93;271;1,4;,8;
2026/01/10;1300 UTC;0;1001;1001,3;1000,7;2209;25,3;21,8;26,9;23,7;22,8;21;93;74;82;135;2,1;1,3;
2026/01/10;1400 UTC;0;1000,5;1000,8;1000,4;2579,1;27,9;21,4;28,7;26,7;22,4;20,3;77;62;68;259;1,8;,9;
2026/01/10;1500 UTC;0;1000,3;1000,6;999,9;2709,9;29,5;22;30,4;28,8;23,3;21,1;69;59;62;145;2,6;,8;
2026/01/10;1600 UTC;0;999,7;999,9;999,4;1861,1;30,1;22,5;31;29,7;23,6;21,8;67;58;62;194;2,2;1,3;
2026/01/10;1700 UTC;0;999;999,4;998,7;2630,6;31,3;23,1;32,4;30,7;24;22,1;65;52;59;291;5,4;3;
2026/01/10;1800 UTC;0;998,6;998,8;998,3;1953,2;31,7;23,7;32,7;31,2;24,7;22,9;64;53;60;258;4,2;1,7;
2026/01/10;1900 UTC;0;998,1;998,3;997,7;1138,4;31,8;23,3;32,1;31,5;23,9;22,7;61;54;58;290;3,5;1,7;
2026/01/10;2000 UTC;0;997,4;997,7;997,2;795,2;31,2;23,3;31,7;31;24,6;22,5;65;57;61;210;1,8;1,1;
2026/01/10;2100 UTC;0;997,3;997,4;997,2;452,5;30,8;22,7;31,6;30,3;24,3;21,7;66;56;59;331;5,5;3,5;
2026/01/10;2200 UTC;0;997,6;997,8;997,3;215,5;29,7;22;30,3;28,8;23;21,6;71;57;61;325;1,9;1,2;
2026/01/10;2300 UTC;0;998,3;998,7;997,8;8;28;22,1;28,6;27,4;23,4;21,1;76;65;71;317;5,1;3,6;
2026/01/11;0000 UTC;0;999;999,6;998,7;0;27,8;21,2;28,4;26,9;21,7;20,9;73;63;67;274;2,8;1,7;
2026/01/11;0100 UTC;0;1000;1000,5;999,6;0;25,7;21,6;27;24,2;22,6;20,9;90;70;80;138;2,9;1,5;
2026/01/11;0200 UTC;,4;1000,9;1001;1000,5;0;23,2;21,5;24,1;22,4;22,6;20,6;96;87;91;97;3,9;2,1;
2026/01/11;0300 UTC;1,6;1000,7;1000,9;1000,4;0;22,3;21,6;22,5;22,1;21,9;21,2;99;94;97;244;3,4;1,4;
2026/01/11;0400 UTC;;;;;;;;;;;;;;;;;;
2026/01/11;0500 UTC;;;;;;;;;;;;;;;;;;
2026/01/11;0600 UTC;;;;;;;;;;;;;;;;;;
2026/01/11;0700 UTC;;;;;;;;;;;;;;;;;;
2026/01/11;0800 UTC;;;;;;;;;;;;;;;;;;
2026/01/11;0900 UTC;;;;;;;;;;;;;;;;;;
2026/01/11;1000 UTC;0;1000,1;1000,4;999,9;200,7;21,3;20,8;21,5;21;21,2;20,5;98;97;98;124;3,3;1,8;
2026/01/11;1100 UTC;0;1000,7;1000,8;1000,4;1069,1;22,9;21;24,5;21,5;21,6;20,1;97;83;90;300;3;1,2;
2026/01/11;1200 UTC;0;1000,5;1000,7;1000,3;1941,6;25,7;19,9;26,6;24,5;20,9;19,4;82;66;71;324;5,5;3,5;
2026/01/11;1300 UTC;0;1000,7;1000,9;1000,5;1890,1;26,6;20,2;27,2;26,2;20,9;19,8;70;64;68;294;5,3;3,3;
2026/01/11;1400 UTC;0;1000,8;1001;1000,8;1160,6;26,4;20,3;26,9;25,8;20,9;19,9;74;67;70;274;4,1;2,4;
2026/01/11;1500 UTC;0;1001,1;1001,2;1000,8;1102,1;23,6;20,2;25,6;22,7;20,9;19,5;88;74;83;301;5,7;3,6;
2026/01/11;1600 UTC;;;;;;;;;;;;;;;;;;
2026/01/11;1700 UTC;0;1000,3;1000,7;999,7;3166;25,9;21,3;27,4;23,9;22,2;20,4;86;65;77;99;3,7;1,6;
2026/01/11;1800 UTC;0;999,2;999,7;998,6;3509,7;28,8;21,4;29,9;27,3;22,8;20,4;70;55;63;180;4,8;2;
2026/01/11;1900 UTC;0;998,2;998,6;997,9;2285,7;29,6;21,3;30,4;29,1;22,3;20,4;62;54;58;169;2,4;1,2;
2026/01/11;2000 UTC;0;999,1;999,6;997,9;665,7;24,1;20,7;29,6;22,3;21,9;19,8;92;60;83;256;2,6;,9;
2026/01/11;2100 UTC;;;;;;;;;;;;;;;;;;
2026/01/11;2200 UTC;0;999,9;1000;999,7;211,8;24,1;21;24,4;23,9;21,4;20,6;87;82;85;101;1,8;,7;
2026/01/11;2300 UTC;0;1000,3;1000,5;1000,1;23,1;23,7;20,8;24,1;23,3;21,6;20,4;90;83;86;170;2,3;1;
2026/01/12;0000 UTC;0;1000,8;1001,2;1000,6;0;23,1;21,2;23,4;22,6;21,6;20,6;95;87;90;103;1,6;,9;
2026/01/12;0100 UTC;0;1001,5;1001,8;1001,1;0;22,7;21,1;23,2;22,3;21,5;20,7;95;88;92;62;2,3;1,2;
2026/01/12;0200 UTC;0;1001,9;1002;1001,7;0;22,7;21,2;23,2;22,1;21,4;20,7;96;88;92;157;2,1;1;
2026/01/12;0300 UTC;0;1002,2;1002,4;1002;0;22,5;20,9;22,7;22,2;21,6;19,5;96;85;92;251;4,5;2,3;
2026/01/12;0400 UTC;0;1002,5;1002,7;1002,3;0;21,9;19,1;22,3;21,4;19,5;18,6;90;84;86;322;6,5;3,5;
2026/01/12;0500 UTC;0;1002,5;1002,8;1002,1;0;20,6;19,2;21,4;20,3;19,7;18,7;96;90;93;82;2,7;1,3;
2026/01/12;0600 UTC;0;1001,9;1002,1;1001,8;0;19,9;19;20,3;19,7;19,4;18,8;97;93;96;140;2,1;,9;
2026/01/12;0700 UTC;0;1001,8;1001,9;1001,7;0;19,4;18,8;19,8;18,9;18,9;18,6;99;95;97;277;1,8;,9;
2026/01/12;0800 UTC;0;1001,8;1002,2;1001,7;0;19;18,6;19,2;18,8;18,9;18,4;99;97;98;262;1,2;,8;
2026/01/12;0900 UTC;0;1002,4;1002,9;1002,1;21,4;18,8;18,4;19;18,7;18,6;18,3;99;97;98;276;1,4;,7;
2026/01/12;1000 UTC;0;1003,2;1003,4;1002,9;461,6;19,6;18,8;20,8;18,8;19,2;18,4;98;90;96;161;1,3;,6;
2026/01/12;1100 UTC;0;1003,7;1004,1;1003,4;335;20,5;19,1;20,8;20,4;19,6;18,3;95;88;93;154;1,5;,6;
2026/01/12;1200 UTC;0;1004,1;1004,2;1004;1033,1;21,7;19,2;22,2;20,6;19,8;18,6;94;82;88;248;1,9;1;
2026/01/12;1300 UTC;0;1004,1;1004,1;1004;2742,9;23,4;19,2;24,4;22,2;19,8;18,3;84;75;79;259;4,5;2,8;
2026/01/12;1400 UTC;0;1003,9;1004,1;1003,6;3277,6;25,2;19,7;26,3;24,1;20,4;18,9;78;67;72;182;3,7;2,1;
2026/01/12;1500 UTC;0;1003,4;1003,6;1003,2;1550,6;25,9;19,7;26,6;25,4;20,6;18,6;73;64;69;127;2,1;1;
2026/01/12;1600 UTC;0;1002,9;1003,2;1002,6;3470,6;26,9;19,8;27,9;25,8;20,7;19;72;59;65;161;3,9;1,4;
2026/01/12;1700 UTC;0;1002,8;1003;1002,5;1480,3;25,5;20,4;27,8;23,6;21,2;19,5;84;63;74;171;4,7;3,4;
2026/01/12;1800 UTC;0;1002,5;1002,8;1002,3;1757,5;25,9;20,2;26,9;25;21,1;19,3;75;67;71;121;3,3;2;
2026/01/12;1900 UTC;0;1002,4;1002,5;1002,3;1087;25,8;20,6;26,4;25,6;21,1;20,1;76;71;74;152;4,1;1,9;
2026/01/12;2000 UTC;0;1002,3;1002,5;1002,2;1265,1;26,3;20,4;27;25,9;21;19,8;72;67;70;156;3,7;2,5;
2026/01/12;2100 UTC;0;1002,2;1002,4;1002,1;821,4;26,1;20;26,7;25,4;20,5;19,6;73;67;70;131;2,5;1,4;
2026/01/12;2200 UTC;0;1002,4;1002,5;1002,2;199,7;24,9;20;25,3;24,5;20,3;19,7;79;74;75;103;1,8;,7;
2026/01/12;2300 UTC;0;1002,7;1002,8;1002,5;12,5;23,7;20,3;24,4;23;20,8;19,7;88;79;83;28;1,9;1,4;
2026/01/13;0000 UTC;0;1003,1;1003,6;1002,8;0;22,4;20,6;23,1;22,1;21;20,1;93;87;91;130;2;1,3;
2026/01/13;0100 UTC;0;1003,9;1004,2;1003,7;0;22,3;20,4;22,5;22;20,9;20,1;94;88;91;90;2,5;1,3;
2026/01/13;0200 UTC;0;1004,2;1004,4;1003,9;0;22;20,1;22,3;21,4;20,5;19,9;95;89;90;101;1,7;,8;
2026/01/13;0300 UTC;0;1003,6;1004;1003,3;0;20,8;20,2;21,4;20,5;20,5;19,6;98;95;97;236;1,1;,4;
2026/01/13;0400 UTC;0;1003,2;1003,4;1003,1;0;20,5;19,7;21;20,1;19,9;19,4;98;92;96;100;2,1;,9;
2026/01/13;0500 UTC;0;1003;1003,2;1002,8;0;20,1;19;20,3;19,8;19,5;18,9;97;94;95;114;2;1,1;
2026/01/13;0600 UTC;0;1002,6;1002,8;1002,4;0;19,6;18,9;19,8;19,3;19;18,6;97;96;97;203;1;,5;
2026/01/13;0700 UTC;0;1002,5;1002,7;1002,4;0;19,1;18,7;19,3;18,8;18,8;18,5;99;97;98;63;2;1,1;
2026/01/13;0800 UTC;0;1003;1003,2;1002,8;0;18,7;18,5;18,9;18,6;18,6;18,3;99;98;99;84;1,8;1;
2026/01/13;0900 UTC;0;1003,5;1003,8;1003,2;14,2;18,6;18,3;18,7;18,5;18,5;18,2;99;98;99;112;1,9;,9;
2026/01/13;1000 UTC;0;1004;1004,2;1003,8;411,7;19,1;18,4;20,1;18,5;18,7;18,2;99;92;97;100;2;,9;
2026/01/13;1100 UTC;0;1004,3;1004,5;1004,2;1205,7;22,2;19;23,4;20,3;19,7;18,3;91;78;84;151;1,5;,7;
2026/01/13;1200 UTC;0;1004,4;1004,4;1004,3;2050,8;24,2;19,7;25,3;23,1;20,5;19;83;73;78;205;2,4;1,3;
2026/01/13;1300 UTC;0;1004,4;1004,5;1004,3;2809,3;26,5;20,3;27,9;25,3;21,4;19,8;75;63;69;192;2,5;1,3;
2026/01/13;1400 UTC;0;1004,2;1004,3;1004;3404,8;28,6;20,9;29,6;27,8;21,9;20,2;66;58;61;219;4,2;2,2;
2026/01/13;1500 UTC;0;1004;1004,1;1003,9;3788,8;30,1;21,7;31;29,4;22,6;21;61;55;58;221;5,2;2,6;
2026/01/13;1600 UTC;0;1003,7;1003,9;1003,5;3850;30,9;21,9;31,5;30,4;22,9;21,1;59;52;55;206;6,2;3,8;
2026/01/13;1700 UTC;0;1003,3;1003,5;1003;3943,5;31,8;22,2;32,7;30,9;23,1;21,4;58;47;52;217;5,3;2,8;
2026/01/13;1800 UTC;0;1002,8;1003;1002,5;2924,7;32,1;21,8;32,9;30,8;22,9;20,9;53;43;48;204;5,6;3;
2026/01/13;1900 UTC;0;1002,1;1002,5;1001,7;2709;32,5;21,4;33,3;32,1;22,2;20,9;48;41;45;217;3,5;1,7;
2026/01/13;2000 UTC;0;1001,5;1001,7;1001,4;2188,8;32,6;21,9;33,7;32,1;22,7;21,1;50;39;46;178;5,4;3,6;
2026/01/13;2100 UTC;0;1001,7;1002,1;1001,4;396;30,1;22;32,1;29,1;22,4;21,5;66;48;60;134;4,3;1,9;
2026/01/13;2200 UTC;0;1002,3;1002,7;1002,1;116,9;28,1;21,1;29;27,2;22,2;20,5;68;62;65;85;6,3;3;
2026/01/13;2300 UTC;0;1003;1003,4;1002,7;7,7;26,8;20,7;27,2;26,4;21;20,6;72;67;70;97;3,2;1,5;
2026/01/14;0000 UTC;0;1003,7;1004;1003,4;0;26,1;20,5;26,4;25,7;20,6;20,4;74;71;72;72;3,8;1,8;
2026/01/14;0100 UTC;0;1004,3;1004,6;1003,9;0;25,3;20,5;25,7;24,7;20,6;20,5;79;74;76;85;3,9;2,5;
2026/01/14;0200 UTC;0;1004,6;1004,7;1004,5;0;24,3;20,3;24,7;23,9;20,5;20,1;82;78;80;80;3,2;1,9;
2026/01/14;0300 UTC;0;1004,6;1004,7;1004,6;0;23,3;20,2;23,9;22,2;20,5;20;91;81;84;188;2,1;,7;
2026/01/14;0400 UTC;0;1004,5;1004,7;1004,2;0;22,1;20,1;22,3;21,6;20,4;19,8;93;88;90;66;3,1;1,4;
2026/01/14;0500 UTC;0;1004,1;1004,2;1003,8;0;21,6;19,8;22,2;21,2;20,1;19,6;94;88;91;51;1,7;,9;
2026/01/14;0600 UTC;0;1003,7;1003,9;1003,6;0;21;19,6;21,3;20,6;20;19,3;96;90;93;65;1,6;1;
2026/01/14;0700 UTC;0;1003,5;1003,7;1003,4;0;20,6;19,3;21;20,3;19,6;19;95;92;94;142;1,5;,4;
2026/01/14;0800 UTC;0;1003,7;1004;1003,5;0;20,2;19;20,4;20;19,3;18,7;95;92;94;251;1,2;,4;
2026/01/14;0900 UTC;0;1004,4;1004,7;1004;13,3;19,9;18,8;20;19,6;18,9;18,7;96;94;94;92;1,2;,6;
2026/01/14;1000 UTC;0;1005;1005,3;1004,7;389,2;20,5;18,7;21,7;19,6;19;18,4;96;85;91;99;1,5;,6;
2026/01/14;1100 UTC;0;1005,2;1005,3;1005,1;1184,5;23,4;19,5;25;21,8;20,2;18,6;87;72;81;199;2,1;,9;
2026/01/14;1200 UTC;0;1005,1;1005,1;1005,1;2440,7;27,7;20,6;27,7;27,7;20,6;20,6;65;65;65;88;1,8;1;
2026/01/14;1300 UTC;0;1004,9;1004,9;1004,9;3110,8;29,9;21,4;29,9;29,9;21,4;21,4;58;58;58;193;1,3;1;
2026/01/14;1400 UTC;0;1004,8;1004,9;1004,8;3396,1;30,7;21,7;31,7;30;22,4;20,8;61;46;55;218;4;2,4;
2026/01/14;1500 UTC;0;1004,5;1004,8;1004,2;3754,7;32,1;22;32,8;31,6;23;20,9;53;46;49;198;5,2;3,5;
2026/01/14;1600 UTC;0;1003,8;1004,2;1003,5;3974,9;33,1;22,4;33,9;32,3;23,1;21,6;50;42;46;210;5,7;3,4;
2026/01/14;1700 UTC;0;1003,3;1003,5;1003;2799,7;33,4;22,2;34,2;32,6;23;21,5;49;39;44;245;2,7;1,4;
2026/01/14;1800 UTC;0;1002,8;1003;1002,5;1683,7;33,2;22,3;33,8;32,2;24,2;21,3;58;40;45;182;6,1;4,2;
2026/01/14;1900 UTC;0;1002,4;1002,6;1002,2;2643,8;32,6;23,8;33,2;31,8;24,5;23,1;60;52;56;187;5;3,7;
2026/01/14;2000 UTC;0;1001,9;1002,2;1001,8;1703,7;32,4;23,5;33,1;31,7;24,1;22,8;60;51;55;161;4,8;3,2;
2026/01/14;2100 UTC;0;1001,8;1001,9;1001,6;1124;32;23,4;32,5;31,2;24,1;22,8;60;55;57;130;4,4;1,9;
2026/01/14;2200 UTC;0;1002,1;1002,4;1001,9;347,6;30,8;22,8;31,9;29,9;23,4;22,3;63;56;60;85;5,8;2,8;
2026/01/14;2300 UTC;0;1002,5;1002,6;1002,4;24,9;28,8;21,8;29,9;27,8;22,4;21,4;69;62;65;112;2,2;,7;
2026/01/15;0000 UTC;0;1002,7;1002,9;1002,5;0;27,5;20,6;27,8;27,2;21,4;20,1;68;64;65;98;2;1;
2026/01/15;0100 UTC;0;1003,1;1003,4;1002,8;0;26,9;19,9;27,1;26,3;20,2;19,6;67;64;65;146;1,3;1;
2026/01/15;0200 UTC;0;1003,6;1003,7;1003,4;0;25,4;19,8;26,2;24,1;20,4;19,3;80;68;72;81;2,4;1,1;
2026/01/15;0300 UTC;0;1003,7;1003,8;1003,6;0;24,6;19,3;25,2;23,7;19,7;19;78;70;74;55;2,1;1;
2026/01/15;0400 UTC;0;1003,3;1003,6;1003;0;23,5;19,1;24,3;22,9;19,3;18,9;81;74;78;65;1,8;1;
2026/01/15;0500 UTC;0;1002,9;1003,1;1002,5;0;22,7;18,7;23,1;21,8;19,2;18,5;86;77;80;42;1,8;1;
2026/01/15;0600 UTC;0;1002,5;1002,6;1002,5;0;22;18,2;22,3;21,4;18,8;17,7;87;77;81;80;1,2;,6;
2026/01/15;0700 UTC;0;1002,6;1002,7;1002,5;0;21;18,6;21,5;20,7;18,8;18,2;90;84;88;97;2,3;1,1;
2026/01/15;0800 UTC;0;1002,6;1002,9;1002,5;0;20,9;17,9;21,5;20,4;18,8;17,4;91;81;85;72;1,7;,8;
2026/01/15;0900 UTC;0;1003,2;1003,6;1002,9;13,1;20,8;17,6;21,1;20,3;17,7;17,3;87;82;84;76;1,2;,5;
2026/01/15;1000 UTC;0;1003,9;1004,3;1003,6;378,6;21,3;18;22,6;20,4;18,6;17,5;87;80;84;117;1,5;,8;
2026/01/15;1100 UTC;0;1004,3;1004,3;1004,2;1122,6;23,8;19,2;25,7;22,6;20,5;18,3;81;71;77;117;1,4;,7;
2026/01/15;1200 UTC;0;1004,1;1004,3;1003,8;1834,1;27,5;20,5;29;25,4;21,5;19,8;75;59;65;90;2,7;1,2;
2026/01/15;1300 UTC;0;1003,8;1003,9;1003,6;2532,3;30,3;21,6;32;29;22,8;20,8;61;51;56;165;3,4;1;
2026/01/15;1400 UTC;0;1003,4;1003,7;1003,2;3333,4;32,2;22,6;33,2;31,3;23,4;21,8;55;48;52;154;3,8;1,9;
2026/01/15;1500 UTC;0;1003;1003,2;1002,8;3671,5;33,7;23,7;34,6;32,9;24,9;22,9;53;47;50;211;4,2;2,5;
2026/01/15;1600 UTC;0;1002,5;1002,9;1002,1;3904,7;34,7;24,1;35,4;34;24,8;22,4;52;36;47;200;6;4,2;
2026/01/15;1700 UTC;0;1001,8;1002,1;1001,5;2727,9;35,3;23,1;35,9;33,6;24;22,3;50;35;39;193;3,6;1,3;
2026/01/15;1800 UTC;0;1001,6;1001,9;1001,4;812,6;29,9;22;33,4;27,8;23,8;19,3;72;48;60;276;4,4;2;
2026/01/15;1900 UTC;0;1000,9;1001,5;1000,3;2874,8;32,7;23,4;34;29,8;24,7;21;59;49;54;108;3,8;1,5;
2026/01/15;2000 UTC;0;1000,7;1002;1000,2;724;31,8;22,9;33,8;27,1;24;19,9;64;48;56;276;14,5;5,6;
2026/01/15;2100 UTC;0;1003,1;1003,9;1002,1;55,7;23,4;20,1;26,8;22,5;20,5;19,2;89;66;83;86;4,4;2;
2026/01/15;2200 UTC;0;1003;1003,6;1002,8;438,2;24,7;20,6;25,9;23,2;21,3;19,1;87;72;80;103;4,7;2,3;
2026/01/15;2300 UTC;0;1002,9;1003,1;1002,7;67,6;24;19,9;25,3;23,5;20,7;19,7;82;76;80;77;6;2,5;
2026/01/16;0000 UTC;0;1003,2;1003,5;1003;0;23,3;19,8;23,8;22,9;20,1;19,6;85;79;83;116;3,8;1,7;
2026/01/16;0100 UTC;0;1003,7;1003,9;1003,5;0;23,3;19,8;23,4;23;19,9;19,7;84;82;83;89;4,5;2,2;
2026/01/16;0200 UTC;0;1003,6;1003,8;1003,4;0;23;19,7;23,2;22,4;19,9;19,6;87;82;84;67;3,4;1,6;
2026/01/16;0300 UTC;0;1003,5;1003,7;1003,2;0;22,2;19,7;22,5;21,8;19,9;19,5;90;85;88;76;3,7;1,3;
2026/01/16;0400 UTC;0;1003,1;1003,2;1003;0;21,7;19,6;22;21,3;19,7;19,4;92;88;90;87;3;1,6;
2026/01/16;0500 UTC;0;1002,8;1003;1002,6;0;21,5;19,4;21,7;21;19,7;19,1;92;87;89;69;2,9;1,2;
2026/01/16;0600 UTC;0;1002,5;1002,6;1002,3;0;21,1;19,1;21,6;20,6;19,5;18,8;94;86;90;83;2,8;1,5;
2026/01/16;0700 UTC;0;1002,3;1002,4;1002,1;0;20,7;19;21,4;20,3;19,2;18,7;94;87;91;80;2,2;1,1;
2026/01/16;0800 UTC;0;1002,1;1002,2;1001,8;0;20,6;18,7;21;20,5;18,9;18,5;92;88;90;78;3;1,4;
2026/01/16;0900 UTC;0;1001,9;1002,2;1001,8;10,3;20,7;18,5;20,9;20,4;18,7;18,3;91;88;89;107;2,1;1;
2026/01/16;1000 UTC;0;1002,6;1002,8;1002,2;394,5;21,3;18,8;22,8;20,5;19,3;18,5;91;81;87;90;2,8;1,3;
2026/01/16;1100 UTC;0;1003,2;1003,6;1002,8;1229,5;25,1;20;27,4;22,7;21,3;18,9;83;67;74;120;2,3;1,1;
2026/01/16;1200 UTC;0;1003,6;1003,8;1003,3;1872,4;28,3;21,2;29,6;27,4;21,8;20,4;69;59;64;97;2,9;1,7;
2026/01/16;1300 UTC;0;1003,1;1003,5;1002,8;2801,6;30,9;22,7;32,5;29,6;23,8;21,8;63;55;59;102;2,9;1,2;
2026/01/16;1400 UTC;0;1002,8;1002,9;1002,7;2605,2;32,8;23,7;33,4;32;24,5;22,8;58;48;55;294;4,2;1,8;
2026/01/16;1500 UTC;0;1002,8;1003;1002,7;2518,4;32,9;24,6;33,6;32,4;25,5;22,7;62;48;59;221;3,9;2,4;
2026/01/16;1600 UTC;0;1002,9;1003;1002,8;2238,4;33,2;24,5;33,5;32,9;25,8;23,7;62;53;57;232;3,7;2,4;
2026/01/16;1700 UTC;0;1002,7;1002,9;1002,2;2330,8;33,2;23,5;34,6;32,6;24,6;22,7;55;47;51;212;5,7;3,3;
2026/01/16;1800 UTC;0;1002;1002,3;1001,6;2440,3;33,8;23,5;34,5;32,9;24,4;22,6;52;44;48;218;4,2;2,3;
2026/01/16;1900 UTC;0;1001,5;1001,8;1001;1263,4;32,9;23,3;34,1;31,8;24,1;22,5;62;47;52;180;10,7;6,5;
2026/01/16;2000 UTC;,2;1002;1003,7;1000,8;371,1;28,1;22,3;31,7;21,7;24,1;20;93;62;71;273;17,1;8,3;
2026/01/16;2100 UTC;1,4;1004,1;1004,7;1003,4;7,3;21,8;21;22,4;21,1;21,7;20,2;98;93;96;86;3,1;1,9;
2026/01/16;2200 UTC;2,6;1005;1005,3;1004,1;7,4;22,3;21,9;22,5;22,1;22,2;21,7;99;96;98;154;2,6;1;
2026/01/16;2300 UTC;3,4;1005,4;1005,9;1005,1;,2;22,4;22,2;22,5;22,3;22,4;22;100;98;99;177;2;1,3;
2026/01/17;0000 UTC;,6;1005,9;1006,2;1005,8;0;22,3;22,2;22,5;22;22,5;21,8;100;99;99;208;2,8;1,4;
2026/01/17;0100 UTC;,2;1005,4;1006;1004,6;0;22,2;22,1;22,4;22,1;22,3;21,9;100;99;99;88;2,5;1,2;
2026/01/17;0200 UTC;0;1004,2;1004,7;1003,9;0;22,1;21,7;22,1;22;22;21,5;99;97;98;189;3,2;1,9;
2026/01/17;0300 UTC;0;1004,6;1004,8;1004,4;0;22;21,5;22;21,9;21,7;21,4;99;97;98;106;2,6;1,7;
2026/01/17;0400 UTC;0;1004,5;1004,6;1004,4;0;21,9;21,6;22;21,7;21,7;21,4;99;98;99;114;2;,8;
2026/01/17;0500 UTC;0;1004,2;1004,7;1003,8;0;21,6;21,4;21,7;21,5;21,4;21,3;99;98;99;75;1,8;,9;
2026/01/17;0600 UTC;0;1003,7;1003,9;1003,5;0;21,5;21,4;21,5;21,4;21,5;21,3;100;99;100;164;1,1;,9;
2026/01/17;0700 UTC;0;1003,5;1003,6;1003,4;0;21,5;21,4;21,5;21,3;21,5;21,3;100;99;100;96;2,2;1,4;
2026/01/17;0800 UTC;0;1003,5;1003,7;1003,3;0;21,2;21,2;21,3;21,1;21,3;21;100;100;100;108;1,7;,8;
2026/01/17;0900 UTC;0;1003,6;1003,9;1003,5;11,6;21,2;21;21,3;21;21,2;20,7;100;98;99;220;2,3;1;
2026/01/17;1000 UTC;0;1004;1004,2;1003,9;145,6;21,2;21;21,4;21;21,2;20,8;99;99;99;134;1,8;,8;
2026/01/17;1100 UTC;0;1004,4;1004,4;1004,4;1902,8;23,4;21,1;23,4;23,4;21,1;21,1;88;88;88;83;1,6;1,1;
2026/01/17;1200 UTC;0;1004,2;1004,2;1004,2;2046;25,2;21;25,2;25,2;21;21;79;79;79;193;1,8;1,1;
2026/01/17;1300 UTC;0;1004,1;1004,1;1004,1;3211;26;21,2;26;26;21,2;21,2;76;76;76;69;1,9;1,3;
2026/01/17;1400 UTC;0;1003,6;1003,6;1003,6;3345,5;28,1;22,2;28,1;28,1;22,2;22,2;71;71;71;210;2,8;2,2;
2026/01/17;1500 UTC;0;1003,3;1003,6;1003;3711;28,9;22,3;29,8;28;23;21,5;73;62;67;236;4,9;2,5;
2026/01/17;1600 UTC;0;1002,7;1003;1002,2;3498,8;29,7;22,4;30,5;29;23,3;21,8;68;60;63;204;5,5;3,2;
2026/01/17;1700 UTC;0;1002;1002,3;1001,5;3763,6;31;22,4;31,8;30,3;23,4;21,5;66;53;57;202;4,6;2,2;
2026/01/17;1800 UTC;0;1001;1001,5;1000,6;2827,5;31,2;22,7;32;30,6;23,6;21,9;61;54;58;191;5,2;2,8;
2026/01/17;1900 UTC;0;1000,3;1000,7;999,7;2338,3;31,2;22,8;32,1;30,4;23,9;22,1;62;52;58;174;6;2,9;
2026/01/17;2000 UTC;,2;999,6;999,9;999,4;1589,9;29;22,9;31,7;26,6;23,9;21,3;76;55;70;146;8,5;4,7;
2026/01/17;2100 UTC;0;999,8;1000;999,4;1041,2;27,2;22;28,6;26;23,4;20,7;76;72;74;122;4,6;2,4;
2026/01/17;2200 UTC;0;1000,2;1000,3;1000;440,5;27,7;23,3;28,7;26,8;23,5;23,1;83;73;78;110;2,3;1,3;
2026/01/17;2300 UTC;0;1000,1;1000,2;1000;18,9;26;23,1;26,7;25,5;23,3;22,9;87;83;85;143;1,7;,7;
2026/01/18;0000 UTC;0;1000,4;1000,7;1000,2;0;25,2;22,9;25,6;24,6;23,1;22,6;92;85;88;17;1,8;1,3;
2026/01/18;0100 UTC;0;1000,7;1000,8;1000,7;0;24,1;22,6;24,4;23,8;22,8;22,2;94;90;92;109;1,8;,7;
2026/01/18;0200 UTC;0;1000,7;1000,8;1000,6;0;23,5;22,3;23,9;23;22,7;21,9;96;92;94;138;2;1,4;
2026/01/18;0300 UTC;0;1000,7;1000,9;1000,5;0;22,8;22;23,2;22,6;22,2;21,8;98;94;96;91;1,4;,7;
2026/01/18;0400 UTC;0;1000,2;1000,6;999,9;0;22,5;21,7;22,9;22,1;21,9;21,6;98;94;96;142;1,3;,9;
2026/01/18;0500 UTC;0;999,6;1000;999,2;0;22,1;21,5;22,2;22;21,7;21,2;98;95;97;81;2,1;1;
2026/01/18;0600 UTC;0;999,4;999,5;999,2;0;22,1;21,1;22,3;22;21,6;20,8;97;94;95;136;1,5;1;
2026/01/18;0700 UTC;0;999,1;999,4;998,9;0;21,9;21,1;22,1;21,7;21,3;20,8;98;94;96;119;1,5;,8;
2026/01/18;0800 UTC;0;999,1;999,3;998,8;0;21,6;21;21,8;21,5;21,4;20,7;98;96;97;83;2,1;1;
2026/01/18;0900 UTC;0;999,5;999,7;999;10,2;21,7;21;21,8;21,5;21,2;20,8;97;95;97;86;1,3;,8;
2026/01/18;1000 UTC;0;999,6;999,8;999,5;118,2;21,8;21,2;22;21,7;21,4;20,9;98;95;97;84;3,4;1,6;
2026/01/18;1100 UTC;0;999,5;999,7;999,4;528,9;22,9;21,1;23,5;22;21,7;20,8;95;88;91;91;2,1;,9;
2026/01/18;1200 UTC;0;999,8;1000;999,5;273;23,4;21,3;23,6;23,3;21,9;20,9;92;87;90;96;2,1;,9;
2026/01/18;1300 UTC;2,4;1000,3;1000,7;999,8;153,4;23,1;21,7;23,3;22,5;22,2;21,3;97;90;93;298;4,2;2,8;
2026/01/18;1400 UTC;12,7;1000,4;1000,6;1000;243,1;22,2;22;22,4;22;22,3;21,7;100;97;99;109;2,3;1,3;
2026/01/18;1500 UTC;7;1000,3;1000,6;1000;289,6;22,6;22,5;22,8;22,4;22,7;22,2;100;99;99;288;5,8;3,1;
2026/01/18;1600 UTC;6,6;1000,2;1000,4;1000,1;1806,1;23;22,6;24;22,1;23,8;21,8;99;93;98;285;3,3;2,3;
2026/01/18;1700 UTC;0;1000;1000,1;999,9;1583,2;24,4;22,8;24,8;24;23,9;22,3;97;89;92;243;2,4;1,7;
2026/01/18;1800 UTC;2;999,8;1000;999,5;500,6;23,9;22,6;24,5;23;23,2;22,1;97;90;93;273;3,9;1,6;
2026/01/18;1900 UTC;4,6;999,3;999,6;999;1029,8;23,8;22,9;24,5;23,1;23,5;22,5;98;91;95;163;4;2,3;
2026/01/18;2000 UTC;1,8;999,7;1000,4;999;276,1;22,6;20,9;23,4;22,2;22,9;19,7;98;86;91;129;7,4;2,7;
2026/01/18;2100 UTC;,2;1000,6;1000,8;1000,4;554,2;22,9;21,6;23,6;22,5;22,4;21,1;96;88;94;114;2,6;,9;
2026/01/18;2200 UTC;0;1001,1;1001,6;1000,8;270,1;23,5;21,5;23,7;23,2;22;21;93;88;90;218;1,2;,4;
2026/01/18;2300 UTC;0;1001,9;1002,2;1001,5;16,2;23,2;21;23,4;22,9;21,6;20,5;92;87;89;186;6;3,2;
2026/01/19;0000 UTC;0;1002,8;1003,3;1002,2;0;23;20,4;23,2;22,8;20,8;19,3;90;82;87;175;8;4,9;
2026/01/19;0100 UTC;0;1003,9;1004,4;1003,1;0;22,4;19,2;22,8;22,1;19,5;18,9;86;82;84;187;4,4;2,3;
2026/01/19;0200 UTC;0;1004,6;1005;1004,3;0;21,6;19,4;22,3;20,9;20;19;95;84;89;299;1,5;,9;
2026/01/19;0300 UTC;0;1005,1;1005,2;1004,9;0;20,9;19,7;21,4;20,6;20,1;19,3;97;90;94;56;1,5;,7;
2026/01/19;0400 UTC;0;1005,1;1005,1;1005;0;20,5;19,5;21;20,1;19,8;18,8;97;90;95;182;1,1;,7;
2026/01/19;0500 UTC;0;1004,7;1005;1004,5;0;19,9;19,3;20,1;19,6;19,6;19;98;96;97;217;1,2;,7;
2026/01/19;0600 UTC;0;1004,4;1004,5;1004,3;0;19,6;19,3;19,8;19,4;19,6;19,1;99;98;99;103;1,7;1,1;
2026/01/19;0700 UTC;4,8;1004,4;1004,6;1004,2;0;19,5;19,3;19,9;19,2;19,6;18,5;100;93;99;176;9,4;4,8;
2026/01/19;0800 UTC;1,6;1004,8;1004,9;1004,5;0;19,5;18,6;19,9;19,1;18,8;18,3;98;92;95;184;7;3;
2026/01/19;0900 UTC;,2;1005,3;1005,7;1004,8;4;19,6;18,7;19,9;19,5;18,9;18;96;91;95;194;5,5;2,8;
2026/01/19;1000 UTC;0;1006,2;1006,7;1005,7;69,5;20;17,4;20,2;19,8;18,4;16,3;92;82;87;183;7;3,3;
2026/01/19;1100 UTC;0;1007;1007,3;1006,6;519,2;20,2;15,9;20,7;19,8;16,9;14,9;84;71;79;168;8;5,1;
2026/01/19;1200 UTC;0;1007,5;1007,7;1007,3;1782,7;21,9;15,7;22,9;20,7;16,8;15,1;75;64;69;171;7,5;4;
2026/01/19;1300 UTC;0;1007,9;1008,2;1007,6;1043,5;21,9;15,4;22,4;21,4;16,1;14,3;71;64;68;165;10,3;5,9;
2026/01/19;1400 UTC;0;1008,5;1008,7;1008,1;997,5;21,7;14,6;22,1;21,4;15,1;13,9;68;59;65;166;8;5,2;
2026/01/19;1500 UTC;0;1008,7;1008,8;1008,5;2458,6;23;14;24,1;22,1;15,1;13,1;60;49;55;172;7,3;5,2;
2026/01/19;1600 UTC;0;1008,6;1008,7;1008,5;3189,7;23,6;13,8;25;22,9;14,9;13,2;57;46;51;148;9,3;4,7;
2026/01/19;1700 UTC;0;1008,7;1008,8;1008,6;3244,6;24;13,5;24,9;23,1;14,4;12,6;53;44;47;171;6,8;4,4;
2026/01/19;1800 UTC;0;1008,6;1008,8;1008,4;3295,2;24,5;13,5;25,4;23,5;14,5;12,4;49;41;45;144;6,8;3,9;
2026/01/19;1900 UTC;0;1009,2;1009,4;1009;1765,6;23,9;13;24,1;23,8;13,9;12,4;49;43;45;141;5,8;3,1;
2026/01/19;2000 UTC;0;1008,7;1009;1008,4;1098,2;23,4;13,1;24,4;22,5;14,1;12,1;53;45;49;144;7,9;3;
2026/01/19;2100 UTC;0;1008,3;1008,6;1008,1;1348,1;23,9;13,2;24,4;22,4;14;12,4;51;44;46;158;6,3;3,1;
2026/01/19;2200 UTC;0;1008,3;1008,5;1008,1;431,1;22,6;14;23,9;21,9;14,5;13,1;61;46;57;146;6;2,8;
2026/01/19;2300 UTC;0;1008,6;1008,8;1008,5;21,3;20,8;13,9;21,8;20,1;14,2;13,7;70;59;66;110;3,3;1,2;
2026/01/20;0000 UTC;0;1009,2;1009,5;1008,8;0;19,8;14,3;20,1;19,6;15,1;14;77;70;73;144;4,1;1,6;
2026/01/20;0100 UTC;0;1009,7;1010;1009,4;0;19,1;14,8;19,6;18,7;15,3;14,5;82;75;79;54;,9;,4;
2026/01/20;0200 UTC;0;1010,1;1010,3;1010;0;17,9;15,2;18,8;16,9;15,8;14,6;94;80;86;100;0;0;
2026/01/20;0300 UTC;0;1010,3;1010,4;1010,2;0;16,7;15,3;17,2;16;15,8;14,7;97;89;93;100;0;0;
2026/01/20;0400 UTC;0;1010,2;1010,3;1009,9;0;15,7;15,3;16;15,4;15,5;15,1;99;96;98;100;0;0;
2026/01/20;0500 UTC;0;1009,7;1009,9;1009,5;0;15,2;14,9;15,5;15;15,2;14,7;99;98;99;100;0;0;
2026/01/20;0600 UTC;0;1009,4;1009,6;1009,3;0;14,9;14,8;15,2;14,6;15,1;14,3;99;99;99;100;0;0;
2026/01/20;0700 UTC;0;1009,3;1009,4;1009,3;0;14,5;13,9;14,7;14,3;14,4;13,7;98;96;97;177;5,1;3,8;
2026/01/20;0800 UTC;0;1009,2;1009,3;1009,2;0;14;13,6;14,3;13,6;13,8;13,4;99;97;98;168;4,6;3,4;
2026/01/20;0900 UTC;0;1009,5;1009,7;1009,3;9;13,5;13,3;13,6;13,3;13,5;13,1;99;98;99;26;1,7;1;
2026/01/20;1000 UTC;0;1009,9;1010,1;1009,7;397,6;13,8;13,2;14,6;13,3;13,5;13;99;93;97;219;3,5;,3;
2026/01/20;1100 UTC;0;1010,3;1010,4;1010,1;1134;16,6;13,6;18;14,6;14,8;13;94;76;85;179;5,7;5,7;
2026/01/20;1200 UTC;0;1010,7;1010,9;1010,4;2050,1;18,5;14,2;19,9;17,4;15,2;13,6;85;71;79;219;1;,4;
2026/01/20;1300 UTC;0;1010,8;1010,9;1010,7;2804,3;21;14,3;21,8;19,9;15,4;13,1;72;63;67;290;3,3;1,6;
2026/01/20;1400 UTC;0;1010,6;1010,7;1010,4;3014,8;22,8;14,2;23,6;22;15,3;13,2;66;51;57;157;5,2;3,2;
2026/01/20;1500 UTC;0;1010,2;1010,3;1010;2721,8;23,7;13,7;25,4;23;14,6;11,8;54;43;50;150;5,8;2,6;
2026/01/20;1600 UTC;0;1009,8;1010;1009,5;3222,7;24,8;14,5;25,9;23,8;15,6;13,3;55;43;48;165;6,8;4,3;
2026/01/20;1700 UTC;0;1009,3;1009,6;1009,2;3294,9;25,2;14,4;25,9;24,2;15,6;13,2;50;40;46;151;6,5;2,9;
2026/01/20;1800 UTC;0;1009;1009,2;1008,6;3126,5;25,5;14,6;26,4;24,7;15,4;13,8;48;42;46;156;8,8;5,3;
2026/01/20;1900 UTC;;;;;;;;;;;;;;;;;;
2026/01/20;2000 UTC;0;1008,1;1008,3;1007,9;2149,8;25,7;15;26,1;25;15,7;14,4;50;44;47;136;8,2;3,1;
2026/01/20;2100 UTC;0;1008;1008,2;1007,8;948,4;24,3;14,5;25,4;23;15,1;14,1;57;46;51;136;4,7;1,8;
2026/01/20;2200 UTC;0;1008,4;1008,6;1008,2;280,3;22,7;14,6;23,2;22,3;15,1;14,1;63;55;59;105;3,6;1,6;
2026/01/20;2300 UTC;0;1008,7;1008,8;1008,5;27,7;21,7;14,3;22,5;20,8;14,7;14;67;59;63;116;3;1;
2026/01/21;0000 UTC;0;1009;1009,3;1008,8;0;20,3;14,2;20,8;19,7;14,4;14;73;67;70;104;1,7;,8;
2026/01/21;0100 UTC;0;1009,5;1009,6;1009,3;0;19;14,2;19,7;17,7;14,9;13,9;84;72;76;17;,9;,1;
2026/01/21;0200 UTC;0;1009,7;1009,7;1009,6;0;17,3;14,7;18;16,5;15;14,1;92;81;87;4;0;0;
2026/01/21;0300 UTC;0;1009,8;1010;1009,7;0;16,5;14,8;16,9;16,2;14,9;14,6;94;89;91;4;0;0;
2026/01/21;0400 UTC;0;1009,8;1010;1009,6;0;16,1;14,7;16,6;15,7;14,9;14,5;95;91;93;4;0;0;
2026/01/21;0500 UTC;0;1009,4;1009,6;1009,1;0;15,8;14,7;15,9;15,5;14,9;14,4;96;92;94;4;0;0;
2026/01/21;0600 UTC;0;1008,9;1009,1;1008,8;0;15,4;14,8;15,6;15,2;15;14,6;98;96;97;4;0;0;
2026/01/21;0700 UTC;0;1008,8;1008,9;1008,7;0;15,2;14,7;15,5;14,8;14,9;14,6;99;97;98;4;0;0;
2026/01/21;0800 UTC;0;1009;1009,1;1008,8;0;15;14,7;15,1;14,9;14,9;14,4;99;97;99;4;0;0;
2026/01/21;0900 UTC;0;1009,4;1009,6;1009,1;9,3;14,8;14,6;15,2;14,4;15;14,1;100;97;99;4;0;0;
2026/01/21;1000 UTC;;;;;;;;;;;;;;;;;;
2026/01/21;1100 UTC;0;1010,4;1010,6;1010,3;1234,7;17,8;15,6;19,8;16,7;16,2;14,9;93;79;89;158;1,6;,7;
2026/01/21;1200 UTC;0;1010,4;1010,5;1010,3;2087;21,3;16,1;23,2;19,7;16,7;15,4;81;62;74;102;3,5;1,7;
2026/01/21;1300 UTC;0;1010,2;1010,3;1010,1;2903,7;23,9;15,8;24,8;22,9;16,6;15,2;64;55;60;127;5,4;2,4;
2026/01/21;1400 UTC;0;1009,9;1010,1;1009,7;3494;25,3;16,2;26,2;24,6;17;15,5;59;50;54;103;5,4;2,6;
2026/01/21;1500 UTC;0;1009,4;1009,7;1009,1;3759,8;26,2;16,7;27,1;25,4;17,5;15,9;59;46;52;123;5;2,1;
2026/01/21;1600 UTC;0;1008,8;1009;1008,5;3996,1;27,3;16,6;28,2;26,7;18,2;15,7;51;43;46;163;6,2;3,7;
2026/01/21;1700 UTC;0;1008,2;1008,6;1007,8;3683,9;28;17,1;28,7;26,7;18,1;16,1;49;42;45;119;4,7;2,2;
2026/01/21;1800 UTC;0;1007,6;1007,9;1007,5;2772,2;28,1;17,3;28,8;27,2;18,1;16,6;49;43;46;88;5,9;3,3;
2026/01/21;1900 UTC;0;1007,3;1007,5;1007,1;2126,2;27,5;17,1;28,3;26,8;17,6;16,5;51;45;48;95;7,5;4,1;
2026/01/21;2000 UTC;0;1007,1;1007,2;1007;2005,5;27,3;17,1;28,1;26,9;17,6;16,6;51;46;49;113;6,3;3,1;
2026/01/21;2100 UTC;0;1007,1;1007,2;1007;1243,2;26,3;16,8;27;25,3;17,2;16,2;56;50;53;98;5,9;2,8;
2026/01/21;2200 UTC;0;1007,5;1007,8;1007,2;438,6;24,3;15,9;25,3;23,4;16,4;15,2;61;54;58;94;7,9;3,8;
2026/01/21;2300 UTC;0;1008;1008,3;1007,8;23,4;22,6;15;23,4;22,1;15,3;14,7;63;59;62;73;6,9;3,4;
2026/01/22;0000 UTC;0;1008,5;1008,7;1008,3;0;21,7;14,7;22,1;21,3;14,8;14,6;67;63;65;87;5;2,5;
2026/01/22;0100 UTC;0;1008,9;1009;1008,7;0;21,2;14,6;21,4;21;14,7;14,5;68;66;67;78;5,1;2,4;
2026/01/22;0200 UTC;0;1009;1009,1;1008,9;0;20,2;14,5;20,9;19,4;15,1;14;76;68;72;170;5,3;,8;
2026/01/22;0300 UTC;0;1009,1;1009,2;1009;0;19,9;14,3;20,6;19;14,8;14,1;77;68;72;159;1,9;1,1;
2026/01/22;0400 UTC;0;1008,9;1009;1008,6;0;19,5;14;19,9;19,1;14,6;13,9;76;71;73;89;1,9;,8;
2026/01/22;0500 UTC;0;1008,4;1008,7;1008,3;0;19,3;14;20,2;18,4;14,5;13,6;78;68;73;114;4,4;1,9;
2026/01/22;0600 UTC;0;1008,3;1008,4;1008,2;0;19,1;13,9;20;18,3;14,6;13,5;78;70;74;141;1,4;,5;
2026/01/22;0700 UTC;0;1008,4;1008,5;1008,3;0;18,5;14;19,5;17,3;14,7;13,5;87;70;77;358;,3;,3;
2026/01/22;0800 UTC;0;1008,7;1008,9;1008,5;0;17,4;14,5;18,2;17;15;13,8;90;79;85;322;,5;,4;
2026/01/22;0900 UTC;0;1009,2;1009,6;1008,9;7,7;17;14,7;18;16,5;15;14,3;92;82;89;270;,5;,5;
2026/01/22;1000 UTC;0;1009,8;1010,2;1009,6;406,6;17,2;15,1;18,9;16,4;15,4;14,7;93;80;89;155;,6;,2;
2026/01/22;1100 UTC;0;1010,3;1010,6;1010,1;1213,2;19,6;15,7;20,6;18,4;16,4;14,9;84;77;81;235;1,6;1;
2026/01/22;1200 UTC;0;1010,6;1010,8;1010,5;2094;22,2;16,3;23,7;20,7;16,7;15,9;79;62;70;222;2,9;1;
2026/01/22;1300 UTC;0;1010,5;1010,7;1010,2;2856,9;24,5;16;25,6;23,4;16,8;15,3;66;53;58;165;3,3;1,4;
2026/01/22;1400 UTC;0;1010;1010,2;1009,7;3452,5;25,8;16,7;27;25,2;17,8;16;58;51;54;198;4,7;2,1;
2026/01/22;1500 UTC;0;1009,5;1009,8;1009,2;3845,7;27,1;17,8;27,9;26,3;18,7;17;56;49;53;183;5,6;3,2;
2026/01/22;1600 UTC;0;1009;1009,2;1008,8;3923,5;27,7;18;28,2;27,2;18,8;17,5;55;49;51;156;6,3;3,5;
2026/01/22;1700 UTC;0;1008,5;1008,9;1008,2;4050,8;28,3;18,8;28,8;28;19,6;18,1;56;50;53;158;6;3,4;
2026/01/22;1800 UTC;0;1007,9;1008,2;1007,7;2572,9;28,2;19,1;29,4;27,2;20,1;18,4;58;51;54;113;5,6;2,6;
2026/01/22;1900 UTC;0;1007,6;1007,7;1007,5;1938,8;27,8;18,5;28,7;27;19;18;57;49;53;112;5,5;2,7;
2026/01/22;2000 UTC;0;1007,5;1007,6;1007,3;2138,4;28;18,5;28,7;27;19,1;17,8;56;49;52;86;7,5;3,6;
2026/01/22;2100 UTC;0;1007,6;1007,8;1007,5;1251,7;26,6;17,8;27,2;26;18,6;17,4;59;53;56;85;7,2;3,1;
2026/01/22;2200 UTC;0;1008,1;1008,4;1007,7;443,2;25;17;25,9;24,1;17,4;16,5;62;57;60;75;6,2;3;
2026/01/22;2300 UTC;0;1008,7;1008,9;1008,4;24,4;23,2;16,1;24,1;22,5;16,6;15,8;67;62;65;76;6,2;3,2;
2026/01/23;0000 UTC;0;1009;1009,3;1008,8;0;22,1;15,7;22,5;21,6;15,9;15,5;70;67;68;89;4,4;1,9;
2026/01/23;0100 UTC;0;1009,5;1009,7;1009,3;0;21,4;15,3;21,6;21;15,6;15;71;68;69;112;3,1;1;
2026/01/23;0200 UTC;0;1009,6;1009,7;1009,6;0;21;14,5;21,2;20,9;15;13,9;70;65;68;82;3,4;1,4;
2026/01/23;0300 UTC;0;1009,4;1009,6;1009,2;0;20,5;13,6;21;19,9;14,1;13,2;69;64;66;243;2;,3;
2026/01/23;0400 UTC;0;1009,2;1009,3;1009;0;19,7;13,5;20,7;18,5;14,3;13,3;76;64;69;170;2,6;,7;
2026/01/23;0500 UTC;0;1009;1009,1;1008,9;0;19,4;13,4;20,1;18,2;14;13,1;77;67;70;123;1,2;,5;
2026/01/23;0600 UTC;0;1009;1009,1;1008,9;0;17,9;13,7;18,2;17,3;14,1;13,5;82;77;79;62;,3;,2;
2026/01/23;0700 UTC;0;1009,1;1009,2;1008,9;0;16,8;14,1;17,8;16,1;14,3;13,6;91;80;86;0;,3;,3;
2026/01/23;0800 UTC;0;1009,4;1009,5;1009,2;0;16,1;14,3;16,4;15,7;14,5;14,1;94;89;91;0;,3;,3;
2026/01/23;0900 UTC;0;1009,6;1009,8;1009,4;6,9;15,7;14,5;15,9;15,2;14,6;14,2;96;93;94;0;,3;,3;
2026/01/23;1000 UTC;0;1010,3;1010,6;1009,8;398,7;16;14,6;17,4;15,1;14,9;14,4;97;87;93;0;,3;,3;
2026/01/23;1100 UTC;0;1010,9;1011,2;1010,5;1227,7;18,2;15,2;20,1;16,7;16,2;14,4;92;80;85;253;1,3;,7;
2026/01/23;1200 UTC;0;1011,3;1011,4;1011,2;2108,8;21,9;16,4;23,1;20,2;17,1;15,6;79;66;73;203;2,6;1,1;
2026/01/23;1300 UTC;0;1011,2;1011,3;1011;2894;24,2;16,6;25,7;23;17,6;15,9;69;52;62;186;3,5;1,2;
2026/01/23;1400 UTC;0;1010,9;1011,1;1010,6;3502;26,1;16,7;27,1;25;17,4;15,8;58;50;53;173;5;2,6;
2026/01/23;1500 UTC;0;1010,3;1010,6;1010,1;3988,5;27,6;17,5;28,3;26,8;18,2;16,7;54;46;50;169;5,5;3,2;
2026/01/23;1600 UTC;0;1009,6;1010,1;1009,1;3905,2;28,2;17,8;28,8;27,4;18,9;16,4;52;42;48;178;7;4,6;
2026/01/23;1700 UTC;0;1008,8;1009,1;1008,5;3608;28,2;18,7;29,1;27,6;19,9;17,7;57;49;52;163;8,5;5,1;
2026/01/23;1800 UTC;0;1008,3;1008,5;1008,1;2730,8;28,3;19;29,2;27,5;19,6;18,4;57;50;54;137;5,2;2,7;
2026/01/23;1900 UTC;0;1008;1008,1;1007,8;2332,9;28,7;18,6;29,1;27,9;19,2;18;52;48;50;111;6,5;3,2;
2026/01/23;2000 UTC;0;1007,7;1007,8;1007,6;1609,4;27,9;18,2;28,8;27,3;18,7;17,7;54;49;51;119;6,3;2,5;
2026/01/23;2100 UTC;0;1007,7;1007,8;1007,6;1037,3;26,8;17,7;27,8;26,2;18,6;17,2;57;51;55;111;6,7;3,1;
2026/01/23;2200 UTC;0;1008;1008,2;1007,8;397,3;25,2;17,2;26,3;23,9;17,7;16,8;64;56;60;92;5,6;2,8;
2026/01/23;2300 UTC;0;1008,6;1008,9;1008,2;16,6;23,3;16,6;23,9;22,6;16,8;16,3;69;64;66;100;4,5;2,2;
2026/01/24;0000 UTC;0;1009,2;1009,5;1008,8;0;22,1;16,3;22,6;21,7;16,4;16,1;73;68;71;120;4,2;1,3;
2026/01/24;0100 UTC;0;1009,7;1009,8;1009,6;0;21,2;16,2;21,6;20,6;16,3;16,1;78;73;75;124;2,8;1,3;
2026/01/24;0200 UTC;0;1009,7;1009,9;1009,7;0;20,6;16,1;20,7;20,3;16,2;15,9;79;76;78;170;3,2;,8;
2026/01/24;0300 UTC;0;1009,9;1010;1009,8;0;20;16;20,4;19,3;16,3;15,8;84;78;80;163;1,2;,6;
2026/01/24;0400 UTC;0;1009,6;1010;1009,1;0;18,4;16,2;19,3;17,7;16,5;16;93;84;89;119;1,3;,3;
2026/01/24;0500 UTC;0;1008,8;1009,1;1008,5;0;18;16;18,7;17,3;16,2;15,8;94;86;90;165;,2;,2;
2026/01/24;0600 UTC;0;1008,3;1008,5;1008,1;0;17,5;15,8;18,1;17;15,9;15,6;94;88;91;153;,1;,1;
2026/01/24;0700 UTC;0;1008,2;1008,2;1008,1;0;16,9;15,7;17,4;16,3;16;15,2;97;91;94;154;,4;,4;
2026/01/24;0800 UTC;0;1008,3;1008,6;1008,2;0;16,6;16;16,8;16,3;16,2;15,6;98;95;97;154;,4;,4;
2026/01/24;0900 UTC;0;1008,9;1009,1;1008,6;7,4;16,2;15,7;16,6;15,8;16;15,3;99;96;98;154;,4;,4;
2026/01/24;1000 UTC;0;1009,2;1009,3;1009,1;387,7;17,1;16,1;18,2;15,8;16,4;15,6;99;89;95;154;,4;,2;
2026/01/24;1100 UTC;0;1009,5;1009,6;1009,3;1193,8;19,6;16,8;21,3;18,1;17,9;15,9;89;82;86;259;1,3;,5;
2026/01/24;1200 UTC;0;1009,5;1009,6;1009,3;2064,2;23,6;17,8;25;21,5;18,4;17,3;83;62;71;128;3,9;1,2;
2026/01/24;1300 UTC;0;1009,3;1009,4;1009,2;2842,7;25,9;18;26,9;25;18,8;17,5;66;57;60;189;3,7;1,4;
2026/01/24;1400 UTC;0;1009,2;1009,3;1009,1;3435,1;27,4;18,4;28,3;26,9;19;17,9;59;51;55;210;5,3;2,7;
2026/01/24;1500 UTC;0;1008,7;1009,1;1008,2;3799,1;28,6;19,2;29,3;27,7;20;18,3;58;49;53;209;4,3;1,5;
2026/01/24;1600 UTC;0;1008;1008,2;1007,7;3793;29,7;19,6;30,2;29;20,3;19,1;52;47;50;202;5,1;3;
2026/01/24;1700 UTC;0;1007,5;1007,8;1007,3;3778,6;30,4;19,5;31,2;29,8;20,5;18,8;51;39;46;239;5,3;2,6;
2026/01/24;1800 UTC;0;1006,9;1007,3;1006,7;3412,5;30,8;20,3;31,4;30,4;21,2;18,2;51;36;47;188;6,8;3,6;
2026/01/24;1900 UTC;0;1006,5;1006,8;1006,1;2866,5;30,8;20,7;31,2;30,4;21,3;19,4;53;42;50;190;7,1;4,2;
2026/01/24;2000 UTC;0;1006,1;1006,3;1006,1;2144,9;30,1;20,4;30,7;29,6;20,9;20,1;56;49;52;163;6,4;3,8;
2026/01/24;2100 UTC;0;1006,3;1006,4;1006,2;1403,6;29,4;20,6;29,9;29,2;20,9;20,3;58;53;56;99;4,7;2,2;
2026/01/24;2200 UTC;0;1006,7;1007,1;1006,4;418,9;28,1;20;29,2;26,9;20,5;19,6;63;55;60;78;3,4;1,8;
2026/01/24;2300 UTC;0;1007,4;1007,7;1007,1;24,2;25,9;19;26,9;25,3;19,6;18,6;67;63;66;81;6,6;4,1;
2026/01/25;0000 UTC;0;1008;1008,4;1007,7;0;24,8;18,5;25,3;24,5;18,7;18,4;69;67;69;83;7;3,9;
2026/01/25;0100 UTC;0;1008,7;1009,1;1008,4;0;24;18,3;24,5;23,3;18,4;18,1;74;70;71;78;4,2;1,7;
2026/01/25;0200 UTC;0;1009,1;1009,2;1009;0;23;18;23,6;22,5;18,6;17,5;79;72;75;169;3,8;1,3;
2026/01/25;0300 UTC;0;1009,1;1009,2;1009;0;22,4;17,5;22,8;22;17,8;17,2;78;73;76;126;2,8;,7;
2026/01/25;0400 UTC;0;1008,9;1009;1008,8;0;22,3;17,4;23,1;21,1;17,8;17,2;83;72;75;81;3,4;1,7;
2026/01/25;0500 UTC;0;1008,5;1008,8;1008,3;0;22,1;17,4;23,1;20,6;17,6;17,2;84;72;76;163;2,4;,8;
2026/01/25;0600 UTC;0;1007,9;1008,3;1007,6;0;21,9;17,3;22,5;21,2;17,6;17,1;81;74;77;86;2;1,2;
2026/01/25;0700 UTC;0;1007,6;1007,7;1007,6;0;21,4;17,3;22,5;20,3;17,4;17,2;85;74;80;114;2;1;
2026/01/25;0800 UTC;0;1007,9;1008,2;1007,6;0;20;17,4;21,4;19,1;17,7;17,2;93;80;87;221;1,2;,8;
2026/01/25;0900 UTC;0;1008,7;1009,1;1008,2;7,4;19;17,6;19,3;18,6;17,7;17,4;95;91;93;123;1,3;,6;
2026/01/25;1000 UTC;0;1009,3;1009,6;1009;278;19,4;17,7;20,1;18,7;18,2;17,5;95;89;91;217;1,3;,5;
2026/01/25;1100 UTC;0;1009,8;1010;1009,5;1129,2;21,4;18,3;23,3;19,6;19,4;17,6;91;79;85;277;1,1;,5;
2026/01/25;1200 UTC;0;1009,9;1010;1009,8;2025,6;24,5;19,1;25,6;23,3;19,8;18,6;80;66;73;306;2,1;1;
2026/01/25;1300 UTC;0;1009,8;1009,8;1009,6;2771,9;26,8;19,7;27,8;25,7;20,2;19,2;69;59;65;166;2,5;1,3;
2026/01/25;1400 UTC;0;1009,4;1009,6;1009,1;3374,8;28,6;20,3;29,6;27,6;21,2;19,6;64;55;59;195;5;2,5;
2026/01/25;1500 UTC;0;1008,8;1009,2;1008,6;3758;30;20,9;30,8;29,1;21,4;20,1;60;51;54;189;5,8;3,6;
2026/01/25;1600 UTC;0;1008,4;1008,7;1008,1;3871,5;31;21,2;31,4;30,5;21,9;20,5;53;48;51;185;6;3,5;
2026/01/25;1700 UTC;0;1007,7;1008,1;1007,4;3304,9;31,4;22;32,2;30,6;22,9;21,1;57;49;53;167;5,8;3,2;
2026/01/25;1800 UTC;0;1007,2;1007,4;1006,9;3020,2;31,3;21,8;32,3;30,3;22,6;20,9;57;47;53;167;4,9;3,3;
2026/01/25;1900 UTC;0;1006,8;1006,9;1006,6;1762,7;31,1;22,1;32,1;30,5;22,9;21,6;59;52;55;114;4;1,9;
2026/01/25;2000 UTC;0;1006,5;1006,7;1006,3;1774,8;31,1;22;32;29,7;22,7;21,3;58;51;55;90;6,6;3,9;
2026/01/25;2100 UTC;0;1006,7;1006,9;1006,6;1049;29,6;21,3;30,1;29;21,8;20,9;61;57;59;114;6,4;2,6;
2026/01/25;2200 UTC;0;1007,1;1007,3;1006,8;349,4;27,9;20,5;29;27,2;21,1;20,1;65;59;63;78;7,1;3,5;
2026/01/25;2300 UTC;0;1007,5;1007,7;1007,2;28,5;26,3;19,7;27,1;25,7;20,1;19,4;69;65;67;76;7,1;3,6;
2026/01/26;0000 UTC;0;1007,9;1008,2;1007,7;0;25,5;19,1;25,7;25;19,4;18,6;69;67;68;97;5,5;1,7;
2026/01/26;0100 UTC;0;1008,3;1008,6;1008,1;0;24,6;18,2;25;24,1;18,7;17,9;70;66;68;243;2,7;,9;
2026/01/26;0200 UTC;0;1008,5;1008,6;1008,5;0;24,2;17,8;24,6;23,8;18,2;17,7;70;66;68;71;2,3;1,1;
2026/01/26;0300 UTC;0;1008,3;1008,5;1008,1;0;24;17,9;24,2;23,4;18;17,7;72;68;70;59;3;1,4;
2026/01/26;0400 UTC;0;1007,8;1008,1;1007,5;0;23,3;18;23,8;22,7;18,2;17,9;77;71;73;93;3,8;2,4;
2026/01/26;0500 UTC;0;1007,3;1007,5;1006,9;0;23,6;17,9;23,8;23,4;18;17,8;72;70;71;92;3,8;2,1;
2026/01/26;0600 UTC;0;1006,7;1006,9;1006,5;0;23,6;17,8;23,7;23,4;17,9;17,6;72;70;71;88;4,2;2,5;
2026/01/26;0700 UTC;0;1006,6;1006,7;1006,5;0;22;17,7;23,6;21;18;17,2;84;71;78;260;1,7;,7;
2026/01/26;0800 UTC;0;1007;1007,3;1006,7;0;20,2;17,9;21,1;19,2;18,1;17,8;94;84;89;115;1,6;,7;
2026/01/26;0900 UTC;0;1007,6;1007,9;1007,3;4,6;19,7;17,6;20,2;19,2;18;17,1;93;85;90;78;1,9;1;
2026/01/26;1000 UTC;0;1008,3;1008,6;1007,9;369,2;20,2;17,3;20,8;19,5;17,7;16,3;90;80;86;63;1,8;,9;
2026/01/26;1100 UTC;0;1008,7;1008,9;1008,5;1288,3;22,3;17,2;24,1;20,5;18,1;16,5;88;66;75;164;2;1,2;
2026/01/26;1200 UTC;0;1009,1;1009,2;1008,9;2094,3;25,5;17,6;26,7;24,3;18,4;16,9;67;55;61;264;2,4;1,6;
2026/01/26;1300 UTC;0;1009,3;1009,3;1009,2;2894,7;28;18;29,2;26,7;18,9;17;57;43;50;283;2;,9;
2026/01/26;1400 UTC;0;1009,1;1009,2;1009;2771,2;30,2;17,8;31;29,2;18,6;16,7;45;31;38;246;2,5;1,4;
2026/01/26;1500 UTC;0;1008,7;1009;1008,4;3823,4;31,4;19,4;32,5;30,1;20,8;18,2;44;34;40;267;3,7;1,6;
2026/01/26;1600 UTC;0;1008,1;1008,4;1007,8;3862,3;33;20,6;33,9;32;21,4;19,9;43;35;38;204;4,1;2,4;
2026/01/26;1700 UTC;0;1007,4;1007,8;1007;3750,8;33,8;20,9;34,4;33,2;21,4;20,1;38;32;35;209;5;3,4;
2026/01/26;1800 UTC;0;1006,7;1007;1006,5;3361,9;34,1;22,2;34,5;33,5;22,9;21,1;45;34;41;153;6;3,2;
2026/01/26;1900 UTC;0;1006,2;1006,5;1006;2792,5;33,5;22,3;34;32,7;23;21,5;46;42;44;154;7,3;4,9;
2026/01/26;2000 UTC;0;1005,9;1006,1;1005,7;2056,9;33;22;33,5;32,7;22,6;21,5;48;43;45;146;6,2;3,4;
2026/01/26;2100 UTC;0;1005,6;1005,7;1005,4;1201,4;32,6;21,5;32,9;32,3;22,1;20,9;47;42;45;148;4,4;2,2;
2026/01/26;2200 UTC;0;1005,6;1005,7;1005,6;399,1;31,8;21,1;32,3;31,1;21,5;20,2;50;42;46;79;4,3;2;
2026/01/26;2300 UTC;0;1005,9;1006,2;1005,7;13,6;29,6;21,1;31;27,9;21,4;20,8;65;51;57;139;3,1;1,1;
2026/01/27;0000 UTC;0;1006,7;1007,1;1006,2;0;27,5;21;28,1;26,8;21,2;20,8;70;65;67;94;4,2;2,6;
2026/01/27;0100 UTC;0;1007,3;1007,5;1007;0;26,1;20,3;26,7;25,1;20,9;19,6;77;68;71;89;3,9;2,4;
2026/01/27;0200 UTC;0;1007,7;1007,8;1007,5;0;24,7;19,4;26;23,1;20,6;18,7;85;67;73;106;2,2;1,1;
2026/01/27;0300 UTC;0;1007,5;1007,8;1007,3;0;23,9;18,6;25,1;22,5;19,2;18,1;82;68;74;72;3;1,5;
2026/01/27;0400 UTC;0;1007,1;1007,3;1006,8;0;22,7;18,1;24;21,7;18,5;17,4;81;72;77;197;2;1,1;
2026/01/27;0500 UTC;0;1006,5;1006,8;1006,3;0;23,4;16,1;24,3;21,9;17,5;14,7;78;53;63;108;2,9;,6;
2026/01/27;0600 UTC;0;1006;1006;1006;0;21,9;14,8;21,9;21,9;14,8;14,8;65;65;65;11;1,6;1;
2026/01/27;0700 UTC;0;1006,1;1006,1;1006,1;0;20,7;14,6;20,7;20,7;14,6;14,6;70;70;70;132;1,6;1,4;
2026/01/27;0800 UTC;0;1006,5;1006,5;1006,5;0;19,6;14,1;19,6;19,6;14,1;14,1;73;73;73;117;1,1;,9;
2026/01/27;0900 UTC;0;1007,2;1007,2;1007,2;34,2;18,8;14,6;18,8;18,8;14,6;14,6;79;79;79;112;1;,8;
2026/01/27;1000 UTC;0;1007,7;1007,7;1007,7;702;19,9;14,7;19,9;19,9;14,7;14,7;74;74;74;162;1,5;1,2;
2026/01/27;1100 UTC;0;1007,9;1007,9;1007,9;1609,3;22,7;16,1;22,7;22,7;16,1;16,1;67;67;67;288;,7;,5;
2026/01/27;1200 UTC;0;1007,8;1007,8;1007,8;2426,1;26,7;17,4;26,7;26,7;17,4;17,4;53;53;53;104;1,8;1,2;
2026/01/27;1300 UTC;0;1007,7;1007,7;1007,7;3094,6;29,8;18,7;29,8;29,8;18,7;18,7;45;45;45;178;2,6;1,4;
2026/01/27;1400 UTC;0;1007,3;1007,3;1007,3;3599,3;31,2;20,3;31,2;31,2;20,3;20,3;45;45;45;205;2,2;1,4;
2026/01/27;1500 UTC;0;1007;1007;1007;3819,7;33,3;21,4;33,3;33,3;21,4;21,4;40;40;40;198;3;1,9;
2026/01/27;1600 UTC;0;1006,5;1006,5;1006,5;3846,7;33,8;21,4;33,8;33,8;21,4;21,4;38;38;38;178;5;3,5;
2026/01/27;1700 UTC;0;1006;1006;1006;3579,2;33,7;21,5;33,7;33,7;21,5;21,5;39;39;39;191;6;4,8;
2026/01/27;1800 UTC;0;1005,3;1005,3;1005,3;3106,1;34,6;21,2;34,6;34,6;21,2;21,2;33;33;33;173;4,9;3;
2026/01/27;1900 UTC;0;1004,2;1004,2;1004,2;2420;34,3;21,1;34,3;34,3;21,1;21,1;34;34;34;160;4;2,9;
2026/01/27;2000 UTC;0;1003,6;1003,6;1003,6;1567,3;34,4;22,2;34,4;34,4;22,2;22,2;39;39;39;151;4;2,9;
2026/01/27;2100 UTC;0;1003,7;1003,7;1003,7;759,9;32,9;20,2;32,9;32,9;20,2;20,2;37;37;37;160;4,3;3,2;
2026/01/27;2200 UTC;0;1003,9;1003,9;1003,9;70;30,4;19,4;30,4;30,4;19,4;19,4;45;45;45;139;2,6;1,5;
2026/01/27;2300 UTC;0;1004,9;1004,9;1004,9;0;27,1;18,5;27,1;27,1;18,5;18,5;57;57;57;127;1,5;,9;
2026/01/28;0000 UTC;0;1005,5;1005,5;1005,5;0;25,8;18,4;25,8;25,8;18,4;18,4;63;63;63;94;3,5;2,4;
2026/01/28;0100 UTC;0;1005,7;1005,9;1005,3;0;25,8;18,2;26,4;24,9;18,6;17,9;67;59;62;124;1,5;,6;
2026/01/28;0200 UTC;0;1005,9;1006;1005,9;0;24,4;18,2;25,2;22,8;18,7;17,8;78;64;69;164;1,9;,8;
2026/01/28;0300 UTC;0;1005,8;1005,9;1005,6;0;22,9;18;23,5;22,3;18,3;17,6;79;71;75;71;2;1;
2026/01/28;0400 UTC;0;1005,6;1005,9;1005,5;0;22,6;17,6;23,1;22,2;17,9;17,3;77;73;75;65;1,4;,8;
2026/01/28;0500 UTC;0;1005,3;1005,5;1005,1;0;21,6;17,3;22,2;21,1;17,9;16,6;82;75;79;99;1,7;,8;
2026/01/28;0600 UTC;0;1004,9;1005,1;1004,8;0;21,4;16,5;21,8;20,9;17;16,1;79;72;75;91;1,4;,7;
2026/01/28;0700 UTC;0;1004,5;1004,8;1004,3;0;20,4;16,1;21,1;20;16,7;15,7;83;76;78;143;1,3;,6;
2026/01/28;0800 UTC;0;1004,8;1005,1;1004,5;0;20,3;15,7;20,6;20;15,9;15,4;79;74;77;170;1,3;,3;
2026/01/28;0900 UTC;0;1005,3;1005,5;1005,1;5,2;19,5;15,7;20;19,1;16,1;15,5;84;79;81;121;2,9;1,1;
2026/01/28;1000 UTC;0;1005,9;1006,3;1005,5;293,9;20,1;16,1;20,9;19,2;17,2;15,3;83;77;80;142;1,2;,8;
2026/01/28;1100 UTC;0;1006,3;1006,4;1006,2;945,8;21,9;17;23,3;20,4;17,8;16,1;79;71;76;148;1,8;,9;
2026/01/28;1200 UTC;0;1006,1;1006,2;1006;1653,3;25;18,6;27,2;23,2;19,7;17,6;75;58;68;190;1,8;,7;
2026/01/28;1300 UTC;0;1005,9;1006;1005,9;2691,2;29,1;20,4;30,7;27,3;21,8;18,8;61;51;57;173;2,4;,9;
2026/01/28;1400 UTC;0;1005,9;1006;1005,8;3107,2;31,5;21,2;32,5;30,7;22,5;20,4;55;44;48;235;4,4;2;
2026/01/28;1500 UTC;0;1005,9;1006;1005,7;2849,5;32,4;21,5;33,3;31,7;22,7;20,8;53;41;45;184;5,6;3,4;
2026/01/28;1600 UTC;0;1005,5;1005,7;1005,3;2404,5;32,6;22;33,1;32,3;22,6;21,1;51;42;47;173;4,1;2,4;
2026/01/28;1700 UTC;0;1004,9;1005,2;1004,3;3799,6;34,1;22,1;34,7;33,2;23,1;21,1;48;35;40;150;4,5;2,3;
2026/01/28;1800 UTC;0;1003,8;1004,3;1003,5;3088,6;34,4;22,3;35,1;33,6;23,3;21,6;44;36;40;148;6,3;3,4;
2026/01/28;1900 UTC;0;1003,3;1003,6;1002,9;2515,5;33,9;21,9;34,6;33,3;22,6;21,3;43;38;40;166;7,2;4,5;
2026/01/28;2000 UTC;0;1002,8;1003;1002,5;2024,1;33,4;22,4;34,2;32,6;23,3;21,7;51;40;45;162;7,5;4,2;
2026/01/28;2100 UTC;0;1003,1;1003,6;1002,6;1072;32,2;22,2;32,9;31,6;23,1;20,8;53;45;50;163;5,4;3,5;
2026/01/28;2200 UTC;0;1004,2;1004,6;1003,6;266,9;30,4;20,3;31,6;29,4;21,2;19,6;53;46;49;167;2,7;1,8;
2026/01/28;2300 UTC;0;1004,7;1004,9;1004,5;19,9;28,5;19,7;29,5;27,1;20,2;19,3;63;51;56;79;2,1;1,2;
2026/01/29;0000 UTC;0;1005;1005,1;1004,8;0;26,2;19,8;27,4;25,1;20,3;19,1;75;59;68;128;2,5;1,2;
2026/01/29;0100 UTC;0;1005;1005,2;1004,8;0;24,4;19,9;25,4;24;20,2;19,5;80;72;77;120;1,8;,7;
2026/01/29;0200 UTC;0;1004,9;1005,2;1004,8;0;24,3;19,7;25,4;23,6;20,3;19,5;80;71;77;208;1,6;1,1;
2026/01/29;0300 UTC;0;1005,2;1005,5;1005,1;0;23,9;19,6;24,5;22,9;20;19,4;85;74;78;55;2,2;1,2;
2026/01/29;0400 UTC;0;1005,1;1005,3;1004,8;0;22,8;19,6;23,2;22,1;20,1;19,3;87;82;84;97;2;,9;
2026/01/29;0500 UTC;0;1004,6;1004,8;1004,5;0;22,3;19,6;22,8;22;19,9;19,3;89;83;87;122;1,7;,9;
2026/01/29;0600 UTC;0;1004,5;1004,6;1004,4;0;21,9;19,5;22,2;21,5;19,8;19,3;91;86;88;45;1;,6;
2026/01/29;0700 UTC;0;1004,5;1004,6;1004,4;0;21,3;19,7;21,7;20,7;19,9;19,6;96;90;92;115;1;,6;
2026/01/29;0800 UTC;0;1004,6;1004,7;1004,4;0;20,9;19,7;21;20,8;19,9;19,6;95;93;94;129;2,2;1,6;
2026/01/29;0900 UTC;0;1005,1;1005,5;1004,7;3,7;20,7;19,6;21;20,3;19,8;19,4;97;93;95;127;2;1,1;
2026/01/29;1000 UTC;0;1005,8;1005,9;1005,5;269,4;20,9;19,7;22;20,5;20,2;19,5;96;89;94;90;1,7;,9;
2026/01/29;1100 UTC;0;1006;1006,1;1005,8;1014,6;23;20,1;24,5;22;20,7;19,8;90;80;86;134;2;1;
2026/01/29;1200 UTC;0;1005,6;1005,8;1005,5;1878,9;26;20,9;27;24,3;21,4;20,3;82;71;75;185;2,5;1,3;
2026/01/29;1300 UTC;0;1005,4;1005,6;1005,3;2498,8;27,7;21,9;28,6;26,8;22,5;21;73;68;71;240;5;2,1;
2026/01/29;1400 UTC;0;1005;1005,3;1004,8;2866,8;29,2;22,1;30,3;28,3;22,7;21,2;70;57;65;204;2,8;1,6;
2026/01/29;1500 UTC;0;1004,6;1004,8;1004,4;3676,5;31;22,4;32,4;30,2;23,1;21,8;62;52;57;218;5;3;
2026/01/29;1600 UTC;0;1003,6;1004,4;1002,6;3231,8;31,8;23,2;32,6;31,3;24,1;22,2;60;52;57;186;8,2;5;
2026/01/29;1700 UTC;33;1005,3;1007;1002,6;236,3;24,1;21,1;31,4;20,4;23,4;20,1;99;58;85;331;10,7;7,3;
2026/01/29;1800 UTC;3,2;1005,8;1006,4;1005,4;107,6;20,5;20,2;20,7;20,3;20,6;19,7;99;96;98;86;3,2;2,1;
2026/01/29;1900 UTC;1;1005,3;1006;1004,8;389,7;21,1;20,9;21,4;20,7;21,3;20,6;100;99;99;110;2,5;,9;
2026/01/29;2000 UTC;0;1004,5;1004,9;1004,2;583,4;21,7;21,3;22,2;21,2;21,7;20,9;99;95;98;125;2,6;1,3;
2026/01/29;2100 UTC;0;1003,9;1004,4;1003,4;790,9;22,7;21,4;23;22,3;22;20,9;98;90;93;271;2,1;1,3;
2026/01/29;2200 UTC;0;1002,9;1003,4;1002,6;461,4;23,1;21,3;23,3;23;21,7;20,9;93;89;91;152;1,4;,8;
2026/01/29;2300 UTC;0;1004,2;1004,9;1003,2;25,2;22,5;21,2;23,3;22;21,7;20,9;95;91;93;231;2;1,2;
2026/01/30;0000 UTC;0;1005;1005,1;1004,8;0;21,7;21,1;22,1;21,5;21,3;20,8;99;94;97;75;3,2;1,8;
2026/01/30;0100 UTC;0;1004,7;1004,8;1004,6;0;21,4;21;21,7;21;21,3;20,8;99;97;98;297;,8;,5;
2026/01/30;0200 UTC;0;1004,8;1004,9;1004,7;0;20,9;20,8;21,1;20,6;21;20,5;100;99;99;75;1,6;,8;
2026/01/30;0300 UTC;0;1005;1005;1004,8;0;20,5;20,4;20,7;20,2;20,6;20,2;100;99;100;119;2,2;,8;
2026/01/30;0400 UTC;0;1004,9;1005;1004,7;0;20,1;20;20,3;19,9;20,2;19,8;100;99;100;117;3;,6;
2026/01/30;0500 UTC;0;1004,3;1004,8;1003,8;0;19,8;19,5;19,9;19,6;19,7;19,3;99;98;99;130;1,4;,6;
2026/01/30;0600 UTC;0;1003,5;1003,8;1003,3;0;19,4;19,2;19,6;19,3;19,4;18,9;100;98;99;80;2,3;1,1;
2026/01/30;0700 UTC;0;1003,3;1003,6;1003;0;19,2;19;19,3;19;19,2;18,9;99;98;99;97;1,8;,9;
2026/01/30;0800 UTC;0;1003,2;1003,3;1003,1;0;18,9;18,9;19,1;18,8;19;18,8;100;99;100;131;1,7;,8;
2026/01/30;0900 UTC;0;1003,5;1003,7;1003,3;2,9;18,8;18,8;18,8;18,7;18,9;18,7;100;100;100;147;1,8;1;
2026/01/30;1000 UTC;0;1004,1;1004,4;1003,7;183,7;19;19;19,5;18,6;19,4;18,7;100;99;100;192;1,8;,6;
2026/01/30;1100 UTC;0;1004,6;1004,9;1004,4;402,6;19,7;19,3;20,1;19,3;19,6;19;99;96;98;130;1,5;,9;
2026/01/30;1200 UTC;0;1005;1005,1;1004,9;598,6;20,6;19,7;21,1;20;20,2;19,3;97;92;95;105;1,4;,9;
2026/01/30;1300 UTC;,2;1005,1;1005,1;1005;1649;22,2;20,2;23,8;21,2;21,2;19,4;96;83;90;194;1,8;,8;
2026/01/30;1400 UTC;0;1004,8;1005;1004,5;2536,3;24,7;21;25,7;23,7;21,8;20,3;87;75;82;137;3,4;1,6;
2026/01/30;1500 UTC;0;1004,3;1004,6;1004,1;2842,6;26,5;21,4;27,4;25,7;22,3;20,8;79;71;74;84;5,9;2,2;
2026/01/30;1600 UTC;1,4;1004,2;1004,4;1004;1209,9;25,2;21,6;26,1;24,3;22,9;20,5;91;73;82;221;2,6;1,3;
2026/01/30;1700 UTC;0;1003,6;1004;1003,1;1919,7;25,7;21,7;27,1;24,8;22,7;20,4;88;70;80;192;2,2;1,1;
2026/01/30;1800 UTC;15,5;1003,1;1003,4;1002,9;429,3;24,4;21,5;26,5;22,5;22,6;19,9;97;71;85;132;7;3,4;
2026/01/30;1900 UTC;6,4;1002,9;1003,2;1002,7;736;22,4;21,8;22,9;22;22,4;21,2;99;95;97;254;1,5;,7;
2026/01/30;2000 UTC;0;1002,5;1002,7;1002,3;828,6;23,4;22,3;23,7;22,9;23;21,5;98;90;95;258;2,3;1,1;
2026/01/30;2100 UTC;0;1002,4;1002,5;1002,4;583,3;23,7;21,8;23,9;23,4;22,4;21,2;93;88;91;271;1;,6;
2026/01/30;2200 UTC;0;1002,4;1002,4;1002,2;259;23,9;22;24,1;23,5;22,4;21,4;93;87;91;268;1;,5;
2026/01/30;2300 UTC;0;1002,6;1002,7;1002,4;10;23,2;21,8;23,5;22,8;22,4;20,7;96;87;93;137;2,4;,8;
2026/01/31;0000 UTC;0;1002,9;1003;1002,7;0;22,4;21,3;22,7;22,1;21,8;20,6;97;91;94;124;1,5;,8;
2026/01/31;0100 UTC;0;1003,3;1003,4;1003,1;0;21,8;21,3;22,4;21,6;21,5;20,7;99;92;98;55;1,1;,8;
2026/01/31;0200 UTC;0;1003,1;1003,4;1002,9;0;21,3;21,1;21,7;20,9;21,4;20,8;100;98;99;82;1,2;,7;
2026/01/31;0300 UTC;0;1002,6;1002,9;1002,3;0;20,5;20,5;20,9;20,3;20,9;20,3;100;100;100;149;1,5;,9;
2026/01/31;0400 UTC;0;1001,9;1002,4;1001,4;0;20,1;20,2;20,3;20;20,4;20;100;100;100;74;,9;,5;
2026/01/31;0500 UTC;0;1001,5;1001,6;1001,4;0;19,8;19,9;20;19,7;20;19,7;100;100;100;134;1,9;,9;
2026/01/31;0600 UTC;0;1001,3;1001,5;1001,2;0;19,6;19,7;19,7;19,5;19,7;19,6;100;100;100;124;1,4;,8;
2026/01/31;0700 UTC;0;1001,1;1001,2;1001;0;19,2;19,3;19,5;19;19,5;19,1;100;100;100;93;1,8;,9;
2026/01/31;0800 UTC;0;1001,1;1001,2;1001;0;19;19,1;19,1;18,9;19,2;19;100;100;100;131;1,3;,7;
2026/01/31;0900 UTC;0;1001,3;1001,3;1001,2;2,3;18,9;18,9;19;18,7;19,1;18,7;100;100;100;126;1,7;,9;
2026/01/31;1000 UTC;0;1001,4;1001,8;1001,2;164,1;18,7;18,7;19,1;18,6;18,9;18,6;100;99;100;74;2;,8;
2026/01/31;1100 UTC;0;1001,8;1002;1001,7;711,2;20;19,1;20,9;19,1;19,7;18,7;99;90;95;206;1,3;,6;
2026/01/31;1200 UTC;0;1001,9;1002;1001,8;1494,9;21,5;19,5;22,9;20,7;20,1;18,9;94;84;90;213;2,3;1,1;
2026/01/31;1300 UTC;0;1001,9;1002;1001,7;2455,5;23,8;20,1;24,7;22,9;20,6;19,3;86;77;81;272;5;2,7;
2026/01/31;1400 UTC;0;1001,5;1001,8;1001,2;3224,4;25,1;20,2;26;23,8;21,1;19,5;83;68;75;251;5,9;2,9;
2026/01/31;1500 UTC;0;1001,2;1001,4;1001;2494,9;25,3;19,9;27,1;23,1;21;19;86;64;73;174;9,1;5,8;
2026/01/31;1600 UTC;0;1001,2;1001,4;1000,8;1697,4;24;19,8;24,7;23,1;20,6;18,9;87;72;79;176;8;5,2;
2026/01/31;1700 UTC;,2;1001,2;1001,3;1000,9;1013,3;22,8;19,3;24,5;22;20,7;18,4;87;74;82;130;3;1,5;
2026/01/31;1800 UTC;0;1000,9;1001,3;1000,3;2629,3;23,4;18,8;24,6;22,2;19,9;18;85;71;77;151;3;1,2;
2026/01/31;1900 UTC;0;999,9;1000,3;999,4;2501,2;25,4;18,9;26;24,7;20;18;74;62;68;251;3,3;1,4;
2026/01/31;2000 UTC;0;999,1;999,5;998,9;1474,3;25,3;18,7;26,6;24,2;19,9;18,2;73;62;67;218;3,3;1,8;
2026/01/31;2100 UTC;0;998,7;998,9;998,5;1188,9;25,8;18,7;26,1;25,3;19,2;18,1;66;61;64;214;2,5;1,6;
2026/01/31;2200 UTC;0;998,5;998,7;998,4;341,6;25,5;19;26,2;23,9;19,5;18,6;74;63;68;119;1,5;,9;
2026/01/31;2300 UTC;0;998,8;999,2;998,4;4,6;22,9;19,4;23,9;21,8;20,4;18,6;90;73;82;22;2,2;1,5;
