REGIAO:;SE
UF:;MG
ESTACAO:;CAMPINA VERDE
CODIGO (WMO):;A519
LATITUDE:;-19,53916666
LONGITUDE:;-49,51805554
ALTITUDE:;559,07
DATA DE FUNDACAO:;15/07/06
Data;Hora UTC;PRECIPITAÇÃO TOTAL, HORÁRIO (mm);PRESSAO ATMOSFERICA AO NIVEL DA ESTACAO, HORARIA (mB);PRESSÃO ATMOSFERICA MAX.NA HORA ANT. (AUT) (mB);PRESSÃO ATMOSFERICA MIN. NA HORA ANT. (AUT) (mB);RADIACAO GLOBAL (Kj/m²);TEMPERATURA DO AR - BULBO SECO, HORARIA (°C);TEMPERATURA DO PONTO DE ORVALHO (°C);TEMPERATURA MÁXIMA NA HORA ANT. (AUT) (°C);TEMPERATURA MÍNIMA NA HORA ANT. (AUT) (°C);TEMPERATURA ORVALHO MAX. NA HORA ANT. (AUT) (°C);TEMPERATURA ORVALHO MIN. NA HORA ANT. (AUT) (°C);UMIDADE REL. MAX. NA HORA ANT. (AUT) (%);UMIDADE REL. MIN. NA HORA ANT. (AUT) (%);UMIDADE RELATIVA DO AR, HORARIA (%);VENTO, DIREÇÃO HORARIA (gr) (° (gr));VENTO, RAJADA MAXIMA (m/s);VENTO, VELOCIDADE HORARIA (m/s);
2026/01/01;0000 UTC;0;950,8;950,9;950,5;;22,7;20,7;23,4;22,7;20,8;20,6;88;85;88;217;9,4;,6;
2026/01/01;0100 UTC;0;951;951;950,8;;22,5;21;22,8;22,5;21,1;20,7;91;88;91;303;2,4;,6;
2026/01/01;0200 UTC;0;950,8;951,2;950,8;;22;20,7;22,5;22;21,1;20,7;92;91;92;238;1,3;0;
2026/01/01;0300 UTC;0;950,3;950,9;950,3;;21,7;20,5;22,1;21,6;20,8;20,3;93;90;93;134;1,4;,6;
2026/01/01;0400 UTC;0;950,3;950,5;950,2;;21,4;20,6;21,9;21,4;20,6;20,4;95;92;95;48;1,4;,1;
2026/01/01;0500 UTC;0;949,9;950,3;949,8;;21,5;20,8;21,7;21,4;20,9;20,6;96;95;96;51;2,3;1,3;
2026/01/01;0600 UTC;0;949,5;949,9;949,5;;21,2;20,5;21,5;21,1;20,8;20,4;96;96;96;48;2,3;,2;
2026/01/01;0700 UTC;0;949,5;949,6;949,4;;21,3;20,6;21,3;21,1;20,6;20,5;96;96;96;155;2;,7;
2026/01/01;0800 UTC;0;949,4;949,5;949,3;;21;20,3;21,5;20,9;20,7;20,2;96;95;96;220;1,8;,4;
2026/01/01;0900 UTC;0;949,6;949,6;949,2;6,8;20,7;20,1;21;20,5;20,4;19,9;96;96;96;47;1,1;,3;
2026/01/01;1000 UTC;0;950;950;949,6;325,6;22,2;21,6;22,2;20,6;21,6;20,1;97;96;96;22;1,6;,5;
2026/01/01;1100 UTC;0;950,4;950,6;950;1108,1;24,3;21,3;24,5;22,2;22,3;21,2;96;83;83;30;3,3;2,1;
2026/01/01;1200 UTC;0;950,5;950,5;950,4;1934,9;26,6;21,2;26,7;24,3;21,9;21;85;72;72;38;4,6;2,3;
2026/01/01;1300 UTC;0;950,4;950,6;950,4;2802,6;29,1;20,1;29,8;26,5;21,9;19,8;73;57;59;316;4,1;1,1;
2026/01/01;1400 UTC;0;950,1;950,5;950;3317,1;30,4;20,3;30,7;29,1;21,8;19,8;62;54;55;259;5,9;2;
2026/01/01;1500 UTC;0;949,4;950,1;949,4;3176,6;31,3;20,9;31,6;30,2;21,8;18,9;58;49;54;252;5,9;2;
2026/01/01;1600 UTC;0;948,5;949,4;948,5;3343,1;32,2;20,5;32,3;30,8;21,6;19,7;55;49;50;300;6,6;2,3;
2026/01/01;1700 UTC;0;947;948,5;947;3616,8;32,3;19,6;33;31,9;21,6;18,6;53;44;47;252;6;2,2;
2026/01/01;1800 UTC;0;945,8;947;945,8;2833,1;33,1;20;33,4;31,3;21;18,7;51;43;46;262;5,3;2;
2026/01/01;1900 UTC;0;945,4;945,8;945,4;2185,9;31,9;20,5;33,5;31,2;21;18,9;53;44;51;258;5,3;2,9;
2026/01/01;2000 UTC;0;945,4;945,4;945;1798,3;31,5;20;32,4;31,1;21,6;19,9;54;49;50;243;7;3,8;
2026/01/01;2100 UTC;0;946,3;946,3;945,2;967,4;27,7;21;31,5;27,6;21,1;19,8;67;51;67;312;9,5;3;
2026/01/01;2200 UTC;0;946;946,3;945,9;160,7;26,5;21,3;27,7;26,5;21,5;20,7;74;66;73;37;6,9;,4;
2026/01/01;2300 UTC;0;946,7;946,7;946;;25,5;21,3;26,5;25,5;21,7;20,9;78;72;77;57;2,2;,8;
2026/01/02;0000 UTC;0;947,2;947,2;946,7;;25,3;21,6;25,6;25,2;22;21,1;82;76;80;53;1,9;1,1;
2026/01/02;0100 UTC;0;948,4;948,4;947,2;;25;22;25,4;25;22;21,6;83;80;83;55;3;1,9;
2026/01/02;0200 UTC;0;949;949;948,3;;24,3;22;25;24,2;22,1;21,7;87;83;87;14;6,2;1,4;
2026/01/02;0300 UTC;0;948,2;949,2;948,2;;24,5;22;25,4;24,4;22;21,5;87;80;86;59;7,7;,5;
2026/01/02;0400 UTC;0;947,8;948,3;947,8;;24,3;21,9;24,7;24,3;22,1;21,8;86;85;86;244;2,4;,8;
2026/01/02;0500 UTC;0;947,3;947,8;947,3;;24,1;21,9;24,3;24;22,1;21,8;88;86;87;232;2,5;,8;
2026/01/02;0600 UTC;0;947;947,3;947;;23,7;22;24,1;23,7;22,1;21,7;90;87;90;283;2;,3;
2026/01/02;0700 UTC;0;946,8;947;946,8;;23,7;22,1;24;23,7;22,2;21,8;91;88;91;10;1,4;,6;
2026/01/02;0800 UTC;0;946,7;946,8;946,7;;23,4;21;23,7;23,4;22,1;20,7;91;84;86;197;2,3;,5;
2026/01/02;0900 UTC;0;947,1;947,1;946,6;5,4;23;21,6;23,5;23;21,7;20,9;92;86;92;342;1,4;,8;
2026/01/02;1000 UTC;0;948,1;948,1;947,1;200,1;23,8;21,4;24;23;22,1;21,4;92;86;87;339;5,2;3,3;
2026/01/02;1100 UTC;0;948,1;948,3;948,1;91,9;21,9;19,4;23,8;21,9;21,4;19,3;87;81;86;357;11,2;3,7;
2026/01/02;1200 UTC;0;948,6;948,6;948;315;22,7;20,3;22,7;21,7;20,4;19,4;88;86;86;319;6,5;3,6;
2026/01/02;1300 UTC;0;948,1;948,6;948,1;1971,7;26,3;19,8;26,3;22,7;21,6;19,7;87;68;68;314;6,5;3,1;
2026/01/02;1400 UTC;0;947,4;948,1;947,4;3360,5;29,4;17,9;30;26,2;21,5;17,5;70;49;50;326;8,7;5;
2026/01/02;1500 UTC;0;946,7;947,5;946,7;3547,4;30,1;20;31,1;28,8;20,2;17,4;55;47;55;304;8,7;4,3;
2026/01/02;1600 UTC;0;945,4;946,7;945,4;3618,7;31,1;20;31,5;30,1;21,6;19,6;58;50;52;289;9,3;4,3;
2026/01/02;1700 UTC;0;943,9;945,4;943,9;3532,9;31,4;20,4;31,9;30,7;21,9;19,8;58;52;52;273;8,8;4;
2026/01/02;1800 UTC;0;943,2;943,9;943;2573,5;28,5;21,3;32,6;28,5;21,8;19,6;66;49;65;233;12,8;3,4;
2026/01/02;1900 UTC;0;942,7;943,3;942,7;758,9;28;20,1;28,5;27;21,5;20;70;62;62;202;7,1;1,2;
2026/01/02;2000 UTC;0;942,5;942,7;942;1264,4;29,2;20,9;30,5;27,8;21,5;19,7;63;56;61;215;3,5;1,5;
2026/01/02;2100 UTC;21,6;944,3;944,5;942,4;122,5;21;20,3;29,2;20,8;21,5;19,3;96;61;96;217;12,1;1,4;
2026/01/02;2200 UTC;1,2;945,3;945,3;943,7;2,6;21,5;21;21,7;21;21,1;20,4;97;96;97;334;4,8;,3;
2026/01/02;2300 UTC;,2;946,1;946,2;945,1;;22,1;21,6;22,1;21,5;21,6;21;97;97;97;129;2,3;,4;
2026/01/03;0000 UTC;,2;945,7;946,2;945,7;;21,8;21,4;22,3;21,8;21,8;21,4;97;97;97;35;3,1;1,4;
2026/01/03;0100 UTC;0;946,1;946,1;945,7;;21,8;21,4;21,9;21,8;21,5;21,3;97;97;97;29;3;1,7;
2026/01/03;0200 UTC;0;946,5;946,6;946,1;;22;21,5;22;21,8;21,5;21,3;98;97;97;357;4,2;1,5;
2026/01/03;0300 UTC;0;946,1;946,7;946,1;;22,1;21,6;22,1;22;21,6;21,4;97;96;97;27;4,4;1,9;
2026/01/03;0400 UTC;0;945,6;946,1;945,6;;22,3;21,8;22,4;22,1;21,9;21,6;97;97;97;11;4,9;2;
2026/01/03;0500 UTC;,2;945,4;945,6;945,2;;22,3;21,7;22,4;22,2;21,8;21,6;97;96;96;334;5,1;2,7;
2026/01/03;0600 UTC;0;945,7;945,8;945,4;;22,6;21,9;22,6;22,3;21,9;21,6;96;95;95;340;5,2;2,4;
2026/01/03;0700 UTC;0;945,4;945,7;945,3;;22,6;21,9;22,8;22,6;22;21,8;96;95;95;354;5,5;2,9;
2026/01/03;0800 UTC;0;945,2;945,4;945,2;1,7;22,6;21,7;22,7;22,5;21,8;21,7;96;95;95;339;5,2;2,5;
2026/01/03;0900 UTC;0;945,9;945,9;945,2;3;22,7;21,7;22,8;22,6;21,7;21,6;95;94;94;336;4,6;2,3;
2026/01/03;1000 UTC;0;946,7;946,7;945,9;146,3;23,3;22;23,3;22,7;22,1;21,6;94;92;92;334;4,6;2,2;
2026/01/03;1100 UTC;2,8;946,6;946,8;946,6;585,5;24,2;22,4;24,3;23,2;23,2;21,9;95;90;90;323;4,7;2,3;
2026/01/03;1200 UTC;0;947;947,1;946,6;860,8;24,8;22,3;25,1;24,2;22,8;22,1;91;85;86;322;5,3;2,6;
2026/01/03;1300 UTC;0;947,3;947,3;947;1601,3;25,5;22;26,7;24,8;22,8;21,8;87;77;81;254;6,9;2,7;
2026/01/03;1400 UTC;0;947,4;947,5;947,2;2670,6;27,3;21,7;27,6;25,3;22,9;21,3;84;71;72;255;8,3;4,1;
2026/01/03;1500 UTC;0;946,6;947,5;946,6;3646,4;28,5;21,9;28,8;27;23;21,1;75;66;67;242;7,2;2,9;
2026/01/03;1600 UTC;0;945,9;946,7;945,9;3550,1;29,2;22,1;29,9;28,3;23;21;71;62;66;241;7,4;3,2;
2026/01/03;1700 UTC;0;945,5;946;945,5;3492,7;29,5;21,3;30,8;29,2;22,8;21,3;67;59;61;252;7,5;3,8;
2026/01/03;1800 UTC;0;944,8;945,5;944,8;2805,2;29,9;21,9;30,7;29,3;23,1;21,1;66;58;62;255;8;3,8;
2026/01/03;1900 UTC;0;943,9;944,8;943,9;2110,1;30;20,4;31;29,6;22,6;20,4;63;55;57;232;8,2;3,7;
2026/01/03;2000 UTC;0;944,1;944,2;943,8;1502,4;30,1;20,6;30,1;29;21,6;20,3;63;56;57;246;7,7;4,2;
2026/01/03;2100 UTC;0;944;944,1;943,9;919,4;28,5;21,4;30,6;28,5;21,5;20,5;65;56;65;243;7,4;3,4;
2026/01/03;2200 UTC;0;944,7;944,7;944;145,3;26,4;21;28,5;26,3;21,7;20,4;73;64;72;229;5,8;1;
2026/01/03;2300 UTC;0;945,2;945,2;944,7;;26;21,4;26,4;25,8;21,4;20,9;76;72;76;224;4,3;1,6;
2026/01/04;0000 UTC;0;946;946;945,2;;24,6;21,3;26,1;24,6;21,4;21,2;82;75;82;262;4,3;,1;
2026/01/04;0100 UTC;0;946,8;946,8;946;;23,7;21,4;24,6;23,7;21,6;21,4;87;82;87;221;,8;0;
2026/01/04;0200 UTC;0;947,2;947,2;946,8;;23,2;21,5;23,7;23,2;21,5;21,2;90;87;90;196;,9;,1;
2026/01/04;0300 UTC;0;947;947,3;947;;22,7;21,2;23,4;22,7;21,5;21,1;92;88;91;49;,6;0;
2026/01/04;0400 UTC;0;946,6;947;946,5;;22,2;21,2;22,8;22,2;21,4;21;94;91;94;36;,6;0;
2026/01/04;0500 UTC;0;946,2;946,6;946,2;;21,8;20,9;22,3;21,8;21,2;20,8;94;93;94;41;1,4;,1;
2026/01/04;0600 UTC;0;946;946,3;945,9;;21,7;20,7;21,9;21,7;21;20,7;95;94;94;46;1,1;,6;
2026/01/04;0700 UTC;0;945,7;946;945,6;;21,1;20,6;21,7;21;20,7;20,3;97;94;97;37;1,4;0;
2026/01/04;0800 UTC;0;945,8;945,8;945,6;;21,1;20,7;21,3;21,1;20,8;20,6;97;97;97;44;1;,2;
2026/01/04;0900 UTC;0;946,5;946,5;945,7;6,7;20,9;20,5;21,1;20,8;20,7;20,5;98;97;98;58;1,2;,5;
2026/01/04;1000 UTC;0;947,3;947,3;946,5;372;22,5;22,1;22,5;20,9;22,1;20,6;98;98;98;31;1,2;,2;
2026/01/04;1100 UTC;0;947,7;947,7;947,3;1174,4;25,3;22,1;25,4;22,4;22,8;22,1;98;82;82;5;1,7;,5;
2026/01/04;1200 UTC;0;948,1;948,1;947,7;1941;27,2;21,3;27,4;25,3;22,6;20,9;82;70;70;246;2,5;1,3;
2026/01/04;1300 UTC;0;948,2;948,2;948,1;2883,5;29,2;21,1;29,8;27,3;22,7;20,9;72;61;62;166;3,5;1,2;
2026/01/04;1400 UTC;0;948,1;948,3;948,1;2791,6;29,6;20,1;30,2;28,4;22,1;19,8;67;55;57;36;3,5;,9;
2026/01/04;1500 UTC;0;947,6;948,1;947,6;3532,9;29,5;19,3;31,6;29,5;21,2;19;59;50;54;235;4,2;2;
2026/01/04;1600 UTC;0;947,1;947,6;947,1;3738;31,2;20;32,3;29,4;22;18,8;58;47;51;226;4,7;1,7;
2026/01/04;1700 UTC;0;946,5;947,1;946,5;3434,4;32;19,5;32,4;30,6;21,5;18,7;56;47;48;227;5,6;1,6;
2026/01/04;1800 UTC;0;945,6;946,5;945,6;2903,1;31,6;19,2;33;31;21,1;18,5;52;45;48;208;5,5;1,8;
2026/01/04;1900 UTC;0;944,9;945,6;944,8;2451,3;32,4;19,2;32,8;31;21,3;18,2;53;42;46;260;5,7;2,7;
2026/01/04;2000 UTC;0;944,9;944,9;944,6;1878,9;31,9;16,6;32,5;31,8;20,3;15,8;50;37;40;239;5,9;2,2;
2026/01/04;2100 UTC;0;945,1;945,1;944,9;1023;31,1;16,2;32,3;31,1;18;15,5;46;38;41;222;5,4;2,2;
2026/01/04;2200 UTC;0;945,6;945,6;945,1;152,9;27,6;18,7;31,1;27,6;18,8;15,8;58;40;58;221;4,7;,8;
2026/01/04;2300 UTC;0;946,4;946,4;945,6;;26,3;19,9;27,6;26,3;19,9;18,7;68;58;68;218;2,1;,1;
2026/01/05;0000 UTC;0;947;947;946,4;;24,9;20;26,4;24,9;20,8;19,9;76;68;74;134;3,6;1,5;
2026/01/05;0100 UTC;0;947,8;947,8;947;;24;19,4;25,1;24;19,9;18,9;76;70;75;40;3;,1;
2026/01/05;0200 UTC;0;948,5;948,6;947,8;;23,8;19,6;24,2;23,4;19,7;18,9;78;73;77;53;3,6;2,2;
2026/01/05;0300 UTC;0;948,3;948,5;948,3;;23,3;19,5;23,8;23,2;19,6;19;79;76;79;353;3,8;,1;
2026/01/05;0400 UTC;0;947,9;948,3;947,9;;23;19,1;23,3;22,7;19,5;18,9;80;78;79;48;2,5;,9;
2026/01/05;0500 UTC;0;947,3;947,9;947,3;;22,8;19,6;23,1;22,3;19,6;18,8;82;79;82;43;3,4;2;
2026/01/05;0600 UTC;0;947,1;947,3;947,1;;22,4;20,1;22,8;22,3;20,2;19,6;87;82;87;71;3,8;2,1;
2026/01/05;0700 UTC;0;946,8;947,1;946,8;;21,7;20,1;22,4;21,7;20,2;19,8;90;87;90;31;3,8;,9;
2026/01/05;0800 UTC;0;947,1;947,1;946,8;;21,7;20,5;21,8;21,5;20,6;20;93;90;93;57;2,1;1,4;
2026/01/05;0900 UTC;0;947,5;947,5;947,1;4,8;21,6;20,4;21,8;21,4;20,6;20,2;93;93;93;46;2,4;,8;
2026/01/05;1000 UTC;0;948,2;948,2;947,5;359,4;23,4;21,2;23,4;21,4;21,5;20,2;93;86;87;10;3;1,5;
2026/01/05;1100 UTC;0;949;949;948,2;689,8;23,9;21,2;24,1;23,4;21,2;20,5;87;81;85;138;3,3;1,4;
2026/01/05;1200 UTC;0;949,5;949,5;949;1085,3;25,2;21,2;25,8;23,9;22;20,6;85;76;79;141;3,9;1,3;
2026/01/05;1300 UTC;0;949,6;949,6;949,4;1961,6;27;20,6;27,8;25,1;22,5;20,6;79;68;68;114;3,7;1,9;
2026/01/05;1400 UTC;0;949,3;949,6;949,3;2515,7;27,9;20,7;28,8;26,2;22,4;20;73;63;65;121;4,2;1,6;
2026/01/05;1500 UTC;0;948,8;949,3;948,8;2289,1;30,1;20,9;30,5;27,2;22,5;20;68;57;58;136;5,6;1,5;
2026/01/05;1600 UTC;0;948,1;948,8;948,1;3932,4;31,2;20,6;31,8;29;22,6;19,4;61;52;54;157;5,1;2,1;
2026/01/05;1700 UTC;0;947,1;948,1;947,1;3873,1;32,2;20;32,5;30,3;21,8;18,7;57;46;49;158;6,6;1,6;
2026/01/05;1800 UTC;0;946,4;947,1;946,4;3277,4;32;19,7;32,5;31,3;20,9;19,1;52;47;48;139;5,9;2;
2026/01/05;1900 UTC;0;945,3;946,4;945,3;2559,7;31,1;18,7;32,9;31,1;20,5;18,2;51;43;48;140;5,7;2,5;
2026/01/05;2000 UTC;0;945,2;945,3;944,7;990,8;30,5;19,4;31,6;30,4;20,3;18,3;53;47;51;168;6,4;1,1;
2026/01/05;2100 UTC;0;945,5;945,5;945,2;667,1;30,4;18,7;31,4;30,3;19,9;18,4;53;47;50;144;3,9;,9;
2026/01/05;2200 UTC;0;945,9;945,9;945,4;243,7;28,6;19,6;30,4;28,6;19,9;18,5;59;50;58;202;2,7;0;
2026/01/05;2300 UTC;0;947,2;947,2;945,9;;26,9;19,3;28,6;26,9;20,4;19,1;66;58;63;161;6,6;1,6;
2026/01/06;0000 UTC;0;947,3;947,6;947,2;;25,4;19,1;26,9;25,2;19,6;19,1;70;63;68;150;3,9;1,6;
2026/01/06;0100 UTC;0;949;949,1;947,3;;24,2;17,7;25,8;24,1;19,4;17;71;62;67;70;10,1;3,2;
2026/01/06;0200 UTC;0;949,4;949,4;949;;22,1;18,3;24,2;22,1;18,4;17,5;79;66;79;21;5,8;1,4;
2026/01/06;0300 UTC;0;949,8;949,9;949,3;;22,3;18;22,5;22;18,8;17,6;81;74;77;84;4,5;1,7;
2026/01/06;0400 UTC;0;949,5;950;949,4;;23,3;18,9;23,3;22,1;19,1;18;81;76;76;96;6,8;2,8;
2026/01/06;0500 UTC;,2;949,2;949,6;949,2;;21,3;18,4;23,4;21,3;19,7;18,3;87;76;84;99;7,9;2,6;
2026/01/06;0600 UTC;0;948,1;949,4;948,1;;20,9;18,3;21,3;20,7;18,4;18,2;86;83;85;46;5,7;2,3;
2026/01/06;0700 UTC;0;948;948,2;947,9;;20,3;18,4;21;20,3;18,5;18,3;89;85;89;94;4,3;,4;
2026/01/06;0800 UTC;0;948;948,2;947,8;;20,2;18,5;20,5;20,2;18,6;18,3;90;88;90;110;1,9;,6;
2026/01/06;0900 UTC;0;949;949;947,9;1,3;20,2;18,9;20,6;20,1;18,9;18,5;92;88;92;101;2,9;,6;
2026/01/06;1000 UTC;0;949,5;949,5;949;122,4;21,4;19,4;21,4;20,2;19,6;18,8;92;87;88;115;2,1;,4;
2026/01/06;1100 UTC;0;949,7;949,8;949,5;663;22,9;19,5;23,1;21,4;20,1;19,3;88;81;81;98;4,8;1,8;
2026/01/06;1200 UTC;0;950,2;950,2;949,7;1319,4;24,3;19,7;25;22,8;20,2;19;83;74;75;46;6,4;3,8;
2026/01/06;1300 UTC;0;950,4;950,4;950,2;2229,2;26,3;20,4;26,5;24,3;21;19,4;77;70;70;52;7,2;3,5;
2026/01/06;1400 UTC;0;950,2;950,5;950,1;2717,1;28,2;20,8;28,2;25,5;21,7;19,3;72;63;64;41;7,2;4,2;
2026/01/06;1500 UTC;0;950;950,2;949,9;2115,5;26,8;19,2;28,3;26,8;20,9;19,2;67;62;63;10;8,2;3,7;
2026/01/06;1600 UTC;0;949,4;950;949,4;3097,4;28,5;20,7;29;26,4;21,4;19,4;71;59;63;66;6,8;3,6;
2026/01/06;1700 UTC;,2;948,3;949,4;948,3;3552,8;29;19,5;30,6;28;21,3;19,1;63;51;57;52;5,6;2,6;
2026/01/06;1800 UTC;0;947,5;948,3;947,5;1779,2;28,9;20;30,7;28,4;20,5;18,2;61;48;59;180;6,2;1,1;
2026/01/06;1900 UTC;,8;947,9;948,1;947,4;770,1;23,1;21,1;28,9;23,1;21,3;19,9;88;59;88;62;7,1;2,9;
2026/01/06;2000 UTC;,4;947,7;948,2;947,6;275,1;21,5;19,2;23,2;21,5;21,2;18,7;89;83;87;68;8,1;,9;
2026/01/06;2100 UTC;0;948,5;948,5;947,4;65,2;21,4;19,1;21,8;21,4;19,5;18,6;89;83;87;21;2,4;1,2;
2026/01/06;2200 UTC;0;948,5;949;948,4;14,8;21,2;18,9;21,5;21;19,3;18,6;89;86;87;53;2,6;1,6;
2026/01/06;2300 UTC;0;949,2;949,2;948,5;2,2;21,4;19,8;21,4;20,9;19,8;18,8;91;86;91;16;2,6;,4;
2026/01/07;0000 UTC;0;949,7;949,8;949,2;;21,7;19,5;21,7;21,1;20;19,5;93;87;88;62;3,9;1,9;
2026/01/07;0100 UTC;0;950,2;950,2;949,7;;21,5;20,2;21,7;21,3;20,3;19,5;93;88;92;59;3,9;1,8;
2026/01/07;0200 UTC;0;950,4;950,5;950,2;;21,6;20,4;21,7;21,4;20,4;20,1;93;92;93;77;3;1,3;
2026/01/07;0300 UTC;0;950,2;950,5;950,1;;21,7;20,4;21,9;21,6;20,6;20,4;93;92;92;67;3,9;1,5;
2026/01/07;0400 UTC;0;949,6;950,2;949,6;;21,3;20,4;21,7;21,1;20,4;20,2;95;92;95;68;3,1;1,6;
2026/01/07;0500 UTC;0;949,4;949,6;949,4;;21,2;20,2;21,5;21,2;20,5;20,2;95;94;94;65;3,8;1,8;
2026/01/07;0600 UTC;,2;948,8;949,4;948,8;;21,2;19,8;21,3;21,1;20,3;19,8;94;92;92;68;4,2;2;
2026/01/07;0700 UTC;0;949,2;949,2;948,8;;21;19,6;21,2;20,8;19,9;19,6;93;92;92;71;5;3,2;
2026/01/07;0800 UTC;0;949,6;949,6;949,2;;20,6;19,4;21;20,6;19,6;19,4;93;92;93;66;5;1,7;
2026/01/07;0900 UTC;0;950,2;950,2;949,6;;21;19,8;21;20,5;19,8;19,3;93;92;92;59;2,9;1,4;
2026/01/07;1000 UTC;0;951;951;950,2;157,9;21,7;19,7;21,7;21;19,8;19,6;92;88;88;61;4,7;3,2;
2026/01/07;1100 UTC;0;951,7;951,7;951;577,7;22,8;20;22,8;21,7;20;19,6;88;83;84;46;5,8;3,1;
2026/01/07;1200 UTC;0;952,3;952,3;951,7;1205,8;24,2;19,6;24,3;22,8;20,4;19,5;85;76;76;40;7,3;4,9;
2026/01/07;1300 UTC;0;952,4;952,4;952,3;1646,3;25,4;19,8;25,6;24,1;20,4;19,4;77;71;71;27;8,6;4,9;
2026/01/07;1400 UTC;0;952,5;952,5;952,4;1892,8;26;20;26,5;25,3;20,8;19,5;73;68;70;18;7,9;3,7;
2026/01/07;1500 UTC;0;951,8;952,5;951,8;1970,3;27,2;20,3;27,2;25,9;20,6;19,5;70;65;66;21;7,7;4,3;
2026/01/07;1600 UTC;0;951,2;951,8;951,2;2679,8;28,1;20,6;28,3;27,1;21,1;19,3;67;61;64;5;7,8;3,4;
2026/01/07;1700 UTC;0;950,5;951,2;950,5;2099,5;28,3;19,6;28,5;27,6;21,1;19,3;65;59;60;354;6,4;2,1;
2026/01/07;1800 UTC;0;950;950,5;949,7;2259,4;28,7;18,9;29,3;28,3;20,8;18,9;63;55;55;33;4,8;1,5;
2026/01/07;1900 UTC;0;950,3;950,3;949,8;1558,2;22,9;20;29,1;22,9;20,7;19;84;55;84;354;10,4;6,8;
2026/01/07;2000 UTC;2;949,6;950,4;949,6;408,3;21,8;20,6;22,9;21,4;20,7;19,6;93;82;93;32;10,3;2,3;
2026/01/07;2100 UTC;0;949,1;949,6;948,9;396,4;22,5;20,7;22,6;21,8;20,9;20,4;93;89;89;28;4,5;2,2;
2026/01/07;2200 UTC;0;949,7;949,7;949,1;161,9;22,6;20,7;22,9;22,5;21;20,6;90;87;89;48;3,9;2,1;
2026/01/07;2300 UTC;0;950,5;950,5;949,7;,9;22,2;20,7;22,6;22,2;20,7;20,6;91;89;91;24;4;,8;
2026/01/08;0000 UTC;0;951,7;951,7;950,5;;22,4;20,5;22,6;22;20,8;20,4;92;88;89;53;3,5;1,6;
2026/01/08;0100 UTC;0;952,2;952,2;951,6;;22,2;20,4;22,5;22,2;20,7;20,4;91;88;90;42;3,8;1,9;
2026/01/08;0200 UTC;0;952,5;952,5;952,2;;22,3;19,9;22,5;22,2;20,4;19,8;90;85;87;33;5,5;3,2;
2026/01/08;0300 UTC;0;952,4;952,6;952,4;;22,1;19,7;22,4;22;19,9;19,7;88;85;86;23;5,8;2,7;
2026/01/08;0400 UTC;;;;;;;;;;;;;;;;;;
2026/01/08;0500 UTC;0;951,1;951,3;951;;21,8;19,6;22;21,8;19,6;19,5;87;86;87;47;5,7;2,2;
2026/01/08;0600 UTC;0;950,7;951,1;950,7;;21,2;19,6;21,8;21,2;19,8;19,6;91;87;90;58;4,3;1,9;
2026/01/08;0700 UTC;0;950,7;950,7;950,5;;20,9;19,3;21,3;20,9;19,6;19,2;91;89;91;47;3,8;2;
2026/01/08;0800 UTC;0;951,1;951,2;950,7;;20,6;19,5;20,9;20,4;19,5;19,3;94;91;93;52;3,6;2,1;
2026/01/08;0900 UTC;0;951,5;951,5;951,1;2,5;20,3;19;20,7;20,3;19,5;19;93;92;93;52;4,1;2,2;
2026/01/08;1000 UTC;0;952;952;951,5;176,2;21,3;19,6;21,3;20,2;19,6;19;93;90;90;42;3,3;1,7;
2026/01/08;1100 UTC;0;952,4;952,5;952;359,3;22,4;20;22,4;21,3;20,2;19,5;90;86;86;46;3,7;1,8;
2026/01/08;1200 UTC;0;952,4;952,6;952,4;1430,5;24,3;20;24,8;22,4;21,2;19,7;86;76;77;41;7,2;3,8;
2026/01/08;1300 UTC;0;952,5;952,5;952,4;2123,7;27,1;21,6;27,1;24,2;21,6;19,7;79;70;72;37;6,6;3,9;
2026/01/08;1400 UTC;0;952,4;952,5;952,4;3031,2;27,5;21;28,2;25,8;22;19,6;73;64;68;19;7,7;4,3;
2026/01/08;1500 UTC;0;952;952,4;952;2857,9;27;20,2;28;26,5;21,3;19,5;70;63;66;23;8,8;3,1;
2026/01/08;1600 UTC;0;951,4;952;951,4;2460,2;28,6;20,7;29;27;21,2;19,6;68;60;62;25;7,7;3,2;
2026/01/08;1700 UTC;0;950,9;951,4;950,9;2404,1;28,5;20,3;29,2;28,3;21,3;19,7;65;59;61;36;6,7;3,2;
2026/01/08;1800 UTC;,2;950,8;950,9;950,6;1337;22,5;19,9;28,5;22,5;21,8;19,5;85;59;85;41;9,1;4,6;
2026/01/08;1900 UTC;,4;949,6;950,8;949,6;1307,2;27,5;21,2;27,5;22,5;22,2;20,1;90;67;69;36;7,7;,1;
2026/01/08;2000 UTC;0;949,2;949,6;949,1;1296,4;28,5;21,1;28,5;27;21,6;19,7;70;60;64;111;2,4;,9;
2026/01/08;2100 UTC;0;949,3;949,4;949,2;450,7;27;20,6;28,5;27;21,2;19,7;69;60;68;66;2,7;,8;
2026/01/08;2200 UTC;0;949,8;949,8;949,3;183,2;26,1;21,1;27,2;26,1;22,4;20,3;77;67;74;291;1,4;,2;
2026/01/08;2300 UTC;0;950;950,1;949,8;;25;21,6;26,1;24,9;21,6;20,9;81;74;81;352;1,1;,2;
2026/01/09;0000 UTC;0;950,8;950,8;949,9;;24,8;20,9;25,2;24,5;21,7;20,9;84;79;79;11;2;,9;
2026/01/09;0100 UTC;0;950,9;950,9;950,7;;23,6;20,1;24,8;23,6;21;20,1;82;79;81;40;2,6;1,3;
2026/01/09;0200 UTC;0;951,7;951,7;950,9;;23,6;20,2;23,7;23,3;20,8;20;85;80;81;31;2;,2;
2026/01/09;0300 UTC;0;951,6;951,9;951,6;;23,2;20,3;23,6;23,2;20,3;19,9;84;80;84;135;1,8;,8;
2026/01/09;0400 UTC;0;951,2;951,7;951,2;;22,5;20,6;23,2;22,5;21;20,4;91;84;89;169;1,6;0;
2026/01/09;0500 UTC;0;951;951,2;950,9;;21,6;20,2;22,5;21,6;20,7;20,2;92;89;92;299;,6;0;
2026/01/09;0600 UTC;0;950,9;951;950,9;;21,7;20,7;21,7;21,5;20,8;20,2;95;92;94;152;,4;0;
2026/01/09;0700 UTC;0;951,2;951,2;950,9;;21,5;20,7;21,8;21,5;20,8;20,6;95;94;95;15;1,2;,2;
2026/01/09;0800 UTC;0;951,1;951,3;951,1;;20,7;20,1;21,5;20,7;20,7;20,1;96;95;96;46;1,3;,5;
2026/01/09;0900 UTC;0;951,2;951,2;951;3;20,7;20;20,7;20,6;20,1;20;96;96;96;101;1,2;,4;
2026/01/09;1000 UTC;0;951,6;951,6;951,2;327,8;21,9;20,7;21,9;20,5;20,8;19,8;96;93;93;66;3,1;1,5;
2026/01/09;1100 UTC;0;952;952;951,6;1215,4;24;20,2;24,2;21,9;21,3;20;93;79;79;43;4,2;2,4;
2026/01/09;1200 UTC;0;952,2;952,3;951,9;2062,7;27,2;21;27,3;23,9;21,4;19,9;81;68;69;62;4,9;2,7;
2026/01/09;1300 UTC;0;952,1;952,2;952,1;2811;29,3;19,3;29,9;27,2;21,4;19;69;54;55;37;7,2;4,1;
2026/01/09;1400 UTC;0;951,9;952,2;951,9;3296,2;30,8;21,3;30,8;29,3;21,3;19,6;58;54;57;38;7,6;3,8;
2026/01/09;1500 UTC;0;951,5;951,9;951,4;3306,3;31,3;19,6;32,2;30,3;21,7;19;57;48;50;37;9,9;4,9;
2026/01/09;1600 UTC;0;951,2;951,5;951,2;2982,5;31,2;19,6;31,9;30,6;21,1;19,2;54;49;50;39;9,3;3,6;
2026/01/09;1700 UTC;0;950,5;951,3;950,5;3158,3;32,4;19,1;32,5;31;21;18;53;45;46;360;7,3;3;
2026/01/09;1800 UTC;0;949,9;950,5;949,9;3024;31,9;19,2;32,8;31,8;19,8;17,4;47;41;47;26;5,9;2,8;
2026/01/09;1900 UTC;0;949,5;949,9;949,4;2758,3;31,8;18,5;33,7;31,6;20;15,3;48;35;45;6;6;3,4;
2026/01/09;2000 UTC;0;949;949,5;949;1487,3;31,6;18,3;32,1;31,5;19,7;18,3;48;44;45;40;6;2,3;
2026/01/09;2100 UTC;0;948,8;949;948,7;1017,9;31,3;18,7;32;31;19,4;18;49;44;47;30;4,1;1,8;
2026/01/09;2200 UTC;0;949,1;949,1;948,8;327,6;29,2;19,2;31,3;29,2;19,6;18,3;56;46;55;13;2,9;,6;
2026/01/09;2300 UTC;0;949,7;949,7;949,1;;27,6;19,1;29,2;27,6;19,6;18,8;61;55;60;357;1,3;0;
2026/01/10;0000 UTC;0;950,4;950,4;949,7;;26,8;19,3;27,6;26,7;20,1;19;67;60;63;294;,7;,1;
2026/01/10;0100 UTC;0;951;951;950,4;;26,2;19,3;26,8;26,1;19,9;19,1;68;63;66;342;1;0;
2026/01/10;0200 UTC;0;951,1;951,2;950,9;;25,7;19,7;26,2;25,6;19,7;19;70;66;70;105;1;,1;
2026/01/10;0300 UTC;0;950,6;951,2;950,6;;23,6;20,2;25,7;23,6;20,2;19,2;81;69;81;49;1,5;,7;
2026/01/10;0400 UTC;0;950,2;950,6;950,2;;23,5;20,5;23,8;23,3;20,7;20,2;85;81;83;104;1,5;,4;
2026/01/10;0500 UTC;0;949,8;950,2;949,7;;22,2;20,7;23,5;22,2;20,9;20,5;91;83;91;2;1,5;0;
2026/01/10;0600 UTC;0;949,6;949,8;949,6;;22,7;20,6;22,8;22,2;21,1;20,6;92;88;88;67;1,8;,6;
2026/01/10;0700 UTC;0;950;950;949,6;;21,8;20,7;22,7;21,8;20,8;20,6;94;88;93;129;1,8;,5;
2026/01/10;0800 UTC;0;950,4;950,5;950;;22,4;20,7;22,4;21,5;20,9;20,1;94;90;90;101;1,9;,8;
2026/01/10;0900 UTC;0;951;951;950,4;3,8;21,5;20,6;22,4;21,2;20,7;19,9;95;88;95;61;1,6;,4;
2026/01/10;1000 UTC;0;951,2;951,2;951;374;24,2;21,7;24,2;21,5;21,8;20,6;95;86;86;35;1,8;0;
2026/01/10;1100 UTC;0;951,7;951,7;951,2;391,9;24;21,1;24,4;23,4;21,5;20,2;86;79;84;55;3,4;,6;
2026/01/10;1200 UTC;0;951,9;951,9;951,7;1042,7;26;20,7;26,6;24;21,7;20,4;83;71;73;63;3,5;2;
2026/01/10;1300 UTC;0;951,7;951,9;951,7;2106,2;29,4;18,8;30,2;26;21,8;18,7;74;52;53;53;6,7;4,5;
2026/01/10;1400 UTC;0;951,1;951,7;951,1;3339,4;31;18,6;31,5;29,3;20,6;18,5;55;48;48;36;8,9;5;
2026/01/10;1500 UTC;0;950,6;951,1;950,5;3136,5;30,5;17,9;32,4;30,1;20,1;16,9;52;43;47;16;8,2;4,4;
2026/01/10;1600 UTC;0;949,6;950,6;949,6;3507;32,7;18,3;33,1;29,9;19,4;17,1;50;39;43;26;9,9;4,6;
2026/01/10;1700 UTC;0;948,7;949,6;948,7;3560,9;32,9;17,7;33,6;32,1;18,7;16,7;43;38;41;35;8,2;3,5;
2026/01/10;1800 UTC;0;947,9;948,7;947,9;3078,7;33,3;16,7;33,8;31,5;18,1;15,7;43;35;37;21;7,7;3,7;
2026/01/10;1900 UTC;0;947;947,9;947;2761,3;33,2;17,1;33,8;32,8;18,1;16,1;40;36;38;35;7,1;2,7;
2026/01/10;2000 UTC;0;946,6;947;946,5;1930,5;32,9;16,2;33,4;32,7;17,6;15,8;40;36;37;54;6,2;3;
2026/01/10;2100 UTC;0;947,1;947,1;946,5;950,3;31,7;17,4;33;31,6;18,1;15,8;44;36;43;42;5,8;1,7;
2026/01/10;2200 UTC;0;947,6;947,6;947,1;141;29,1;18,3;31,7;29,1;18,3;17,4;52;42;52;44;3,4;,9;
2026/01/10;2300 UTC;0;948,2;948,2;947,6;;27,6;18,5;29,1;27,4;18,6;18;58;52;58;353;1,6;,1;
2026/01/11;0000 UTC;0;949,9;949,9;948,2;;27;18,7;27,6;26,9;18,9;18,3;61;57;61;266;8;3,9;
2026/01/11;0100 UTC;0;950,4;950,4;949,9;;24,7;19,6;27;24,7;19,7;18,8;74;61;74;257;8;2,1;
2026/01/11;0200 UTC;0;950,3;950,6;950,3;;23,8;19,2;24,7;23,8;19,7;19,2;77;74;75;264;3,8;1;
2026/01/11;0300 UTC;0;950,2;950,3;950,1;;22,7;19,3;23,8;22,6;19,4;19,1;82;75;82;176;2,6;0;
2026/01/11;0400 UTC;;;;;;;;;;;;;;;;;;
2026/01/11;0500 UTC;;;;;;;;;;;;;;;;;;
2026/01/11;0600 UTC;;;;;;;;;;;;;;;;;;
2026/01/11;0700 UTC;;;;;;;;;;;;;;;;;;
2026/01/11;0800 UTC;;;;;;;;;;;;;;;;;;
2026/01/11;0900 UTC;;;;;;;;;;;;;;;;;;
2026/01/11;1000 UTC;0;950,8;950,8;950;411,4;22,1;20,8;22,1;19,9;21,1;19,2;96;92;92;347;1,6;,6;
2026/01/11;1100 UTC;0;951,2;951,3;950,8;1212,5;24,3;19,9;24,6;22;20,8;19,9;92;76;77;58;3,2;2,2;
2026/01/11;1200 UTC;0;951,1;951,2;951,1;1965,5;27,4;20,8;27,4;24,3;21,4;20;78;67;68;57;5,4;2,3;
2026/01/11;1300 UTC;0;950,7;951,1;950,7;2783,7;30,1;20,3;30,4;27;21,4;19,2;68;53;56;35;5,4;1,8;
2026/01/11;1400 UTC;0;950,3;950,7;950,3;3336,3;31,3;18,7;31,7;29,5;20,1;17,6;55;44;47;23;7,3;3,1;
2026/01/11;1500 UTC;0;949,6;950,3;949,6;3805,1;32,8;18,5;32,8;31;19,4;16,7;48;40;43;7;7,9;3,2;
2026/01/11;1600 UTC;0;949;949,6;949;4018,2;32,8;16,6;33,5;31,9;19;16,2;44;36;38;10;8,7;3;
2026/01/11;1700 UTC;0;948,2;949;948,2;3769,6;33,9;15,9;34,1;32,6;17,8;15,1;40;33;34;38;7,7;3,1;
2026/01/11;1800 UTC;0;947,4;948,2;947,4;2962,8;32,9;14,9;33,9;32,2;17,5;14,6;39;32;34;41;6,7;2,7;
2026/01/11;1900 UTC;0;946,8;947,4;946,8;1235,7;31,5;16,1;33,8;31,4;17,5;14,9;42;34;39;34;7,4;2,8;
2026/01/11;2000 UTC;0;946,2;946,8;946,2;1217;32,5;16,1;33,1;30,8;18,1;14,9;45;34;37;359;5,9;2,6;
2026/01/11;2100 UTC;;;;;;;;;;;;;;;;;;
2026/01/11;2200 UTC;0;946,5;946,5;946,1;168,7;28,7;18,1;32,1;28,6;18,2;16,4;53;39;53;41;3,8;,4;
2026/01/11;2300 UTC;0;947,2;947,2;946,5;;27,4;18,2;28,7;27,3;18,6;17,9;59;53;58;281;1,6;0;
2026/01/12;0000 UTC;0;948,1;948,1;947,2;;27,4;17,9;27,6;26,9;18,5;17,7;60;56;56;285;1,8;,3;
2026/01/12;0100 UTC;0;948,9;948,9;948,1;;26,6;16,8;27,7;26,6;17,8;16,8;56;54;55;312;1,5;,1;
2026/01/12;0200 UTC;0;949,4;949,4;948,9;;25,1;18;26,7;25,1;18;16,9;65;55;64;39;2,4;0;
2026/01/12;0300 UTC;0;949;949,4;949;;24,4;17,6;25,3;24,4;18;17,2;66;62;66;73;1,2;,6;
2026/01/12;0400 UTC;0;948,9;949,2;948,8;;24;17,4;24,4;23,6;18,6;17,3;74;65;67;213;2,8;1,4;
2026/01/12;0500 UTC;0;948,7;948,9;948,7;;22,8;17,6;24;22,3;18,1;17,5;76;66;72;285;2,4;0;
2026/01/12;0600 UTC;0;948,3;948,7;948,2;;22,8;17,9;22,9;22,5;18,1;17,6;76;72;74;240;1,1;,7;
2026/01/12;0700 UTC;0;948,8;948,8;948,3;;22,8;18,4;23,4;22,6;18,6;17,8;77;73;76;246;3,5;1,9;
2026/01/12;0800 UTC;0;948,9;949;948,8;;22,3;19,9;22,8;22,1;20,1;18,4;87;76;87;243;4,1;2,1;
2026/01/12;0900 UTC;0;950,1;950,1;948,9;;22,2;20,8;22,3;22,1;20,8;19,9;92;87;92;155;5,1;,2;
2026/01/12;1000 UTC;0;950,6;950,6;950,1;246,5;22,8;21,4;22,8;22;21,4;20,7;94;92;92;248;2,3;,9;
2026/01/12;1100 UTC;0;951,4;951,4;950,5;494,9;23,4;21,5;23,5;22,8;21,8;21,4;92;89;89;237;4,5;1,3;
2026/01/12;1200 UTC;0;951,5;951,5;951,3;1658,6;25,9;20,8;26,8;23,4;22,3;20,7;90;71;73;181;2,9;,6;
2026/01/12;1300 UTC;0;951,6;951,7;951,5;1616,3;27,6;21,8;27,8;25,8;22,3;20,8;76;69;71;253;5,1;1,5;
2026/01/12;1400 UTC;0;951,5;951,6;951,4;2020,9;28,1;21,5;28,2;26,9;22,2;21,1;72;66;67;230;3,5;1,4;
2026/01/12;1500 UTC;0;951;951,5;951;1898,7;29,1;21;29,2;27,7;21,9;20,6;68;61;62;263;3,1;1,2;
2026/01/12;1600 UTC;0;950,1;951;950,1;2966,4;31,6;19,8;31,6;29,1;21,6;19;62;50;50;9;4,5;1,8;
2026/01/12;1700 UTC;0;949,5;950,1;949,5;3383,5;31,7;19,2;32,1;30,3;20,2;18,1;51;46;48;34;5,6;1,9;
2026/01/12;1800 UTC;0;948,3;949,5;948,3;2961,6;32,7;18,7;32,9;30,7;20,4;18,2;53;43;43;1;5,2;2,1;
2026/01/12;1900 UTC;0;947,3;948,3;947,2;2405,6;31,1;17,9;33,7;31,1;19;15,8;47;36;45;319;5,6;2,6;
2026/01/12;2000 UTC;0;947,4;947,4;947,1;525,3;30;19,9;31,1;30;20,3;17,4;56;44;55;288;5;,9;
2026/01/12;2100 UTC;0;948;948;947,4;384,5;27,6;18,9;30;27,6;20,1;18,9;60;53;59;250;4,9;2,8;
2026/01/12;2200 UTC;0;948;948;947,8;112,8;26,4;18,6;27,6;26,4;19;18,5;63;59;62;216;4,4;1,5;
2026/01/12;2300 UTC;0;949,2;949,2;948;;24,9;19,7;26,4;24,1;19,9;18,6;76;62;73;22;3,8;1,9;
2026/01/13;0000 UTC;0;950,4;950,4;949,2;;23,7;18,4;25,9;23,7;19,6;17,7;73;64;72;48;11,9;1,7;
2026/01/13;0100 UTC;0;950,7;950,7;950,3;;22,1;18,4;23,5;22,1;18,6;18,3;80;73;80;59;3,9;2;
2026/01/13;0200 UTC;0;951,1;951,1;950,7;;21,8;18,5;22,3;21,2;18,7;18,3;85;78;82;93;3,4;1,5;
2026/01/13;0300 UTC;0;951,3;951,4;951,1;;21,5;18,6;22,1;21,4;18,8;18,3;85;79;84;28;3,6;1,4;
2026/01/13;0400 UTC;0;950,9;951,4;950,9;;21,5;18,8;21,7;21,3;19;18,6;86;84;85;1;3,3;,6;
2026/01/13;0500 UTC;0;950,1;950,9;950,1;;21,3;18,8;21,7;21,3;18,8;18,5;86;82;86;16;1,6;,6;
2026/01/13;0600 UTC;0;949,8;950,1;949,7;;21;18,7;21,4;21;19,1;18,7;88;86;87;62;3,4;2,2;
2026/01/13;0700 UTC;0;949,7;949,8;949,7;;20,8;18,4;21,1;20,7;18,8;18,4;88;86;86;6;3,5;,9;
2026/01/13;0800 UTC;0;950;950;949,6;;21,1;18,4;21,3;20,7;18,6;18,3;87;84;85;9;4,8;2;
2026/01/13;0900 UTC;0;950,9;950,9;950;;20,8;18,4;21,2;20,5;18,5;18,2;87;84;86;37;4,8;2,3;
2026/01/13;1000 UTC;0;951,7;951,9;950,9;135,9;21,7;18,9;21,7;20,8;18,9;18,4;86;84;85;18;5,3;2,9;
2026/01/13;1100 UTC;0;952,4;952,4;951,7;513,3;22,8;19;22,9;21,6;19,6;18,9;85;79;79;17;7,3;4,1;
2026/01/13;1200 UTC;0;953,1;953,1;952,4;706,9;23,9;19,4;23,9;22,8;19,7;18,8;80;76;76;349;7,8;4;
2026/01/13;1300 UTC;0;953,3;953,3;953,1;1335,5;24,9;19,4;25,1;23,6;19,8;19;77;71;72;355;7,6;3,9;
2026/01/13;1400 UTC;0;953,2;953,4;953,2;1872,1;26,4;19,2;26,6;24,9;20,1;19;72;65;65;349;7,2;4;
2026/01/13;1500 UTC;0;952,7;953,2;952,7;3003,3;28,4;19,7;28,9;26,2;20,2;18,6;66;54;59;322;7,1;3,3;
2026/01/13;1600 UTC;0;952;952,7;952;3596;30,1;19,3;31,3;27,9;20,1;18;59;48;52;337;7,3;3,9;
2026/01/13;1700 UTC;0;950,7;952;950,7;3384,3;29,8;18;31,3;29,5;19,7;18;53;49;49;328;6,7;2,8;
2026/01/13;1800 UTC;0;949,5;950,7;949,5;2651,2;30,2;18,1;31,4;29;19,8;17,9;54;46;49;295;6,6;2,9;
2026/01/13;1900 UTC;0;948,9;949,5;948,9;2263,1;31;17,5;31,5;29,3;19,1;16;50;41;44;269;6,8;2,1;
2026/01/13;2000 UTC;0;948,6;948,9;948,6;1742,3;31,2;18,1;31,6;30,1;18,7;17;47;42;46;277;5;1,6;
2026/01/13;2100 UTC;0;948,5;948,6;948,4;448,3;29;18,2;31,5;29;18,9;17,5;52;45;52;180;4,3;,6;
2026/01/13;2200 UTC;0;949,6;949,6;948,5;96,2;27;18,2;29;27;18,8;18;59;52;59;231;7,8;2,6;
2026/01/13;2300 UTC;3,6;950,9;950,9;949,5;1,9;22,4;19,6;27;22;20,9;18,2;91;59;85;34;7,4;2,5;
2026/01/14;0000 UTC;0;952,7;952,7;950,9;;21,1;18,8;22,4;21,1;20,2;18,8;90;84;86;21;7,8;3,2;
2026/01/14;0100 UTC;1;952,6;952,7;952,4;;21,5;19;21,7;21,1;19,4;18,7;88;84;86;91;7,2;1,6;
2026/01/14;0200 UTC;,4;952,3;952,7;952,3;;20,4;18,4;21,6;20,4;19,1;18,2;90;84;88;30;5,1;2;
2026/01/14;0300 UTC;,2;952,1;952,5;952,1;;20,3;19,1;20,4;19,9;19,1;18,4;93;88;93;88;3,6;1,2;
2026/01/14;0400 UTC;0;951,5;952,1;951,5;;20;19;20,4;20;19,1;18,8;94;91;94;227;2,3;,1;
2026/01/14;0500 UTC;0;951,5;951,7;951,5;;19,7;18,9;20,2;19,7;19,3;18,8;95;94;95;187;4,5;,6;
2026/01/14;0600 UTC;0;951,1;951,5;951;;19,3;18,7;19,8;19,3;18,9;18,6;96;95;96;147;2,1;,6;
2026/01/14;0700 UTC;0;950,8;951,1;950,8;;19,6;19;19,6;19,3;19;18,6;96;96;96;54;2,4;1,4;
2026/01/14;0800 UTC;0;951;951;950,8;;19,3;18,7;19,7;19,2;19,1;18,7;97;96;97;47;2,2;1,2;
2026/01/14;0900 UTC;0;951,2;951,2;951;,6;19,7;19,1;19,7;19,3;19,1;18,7;97;96;96;45;2,6;1,7;
2026/01/14;1000 UTC;,2;951,7;951,8;951,2;250,4;21;19,2;21;19,6;19,3;18,9;96;90;90;69;3,3;2;
2026/01/14;1100 UTC;0;952;952;951,7;1248;22,9;19,5;23,2;21;20,2;19,2;90;81;81;42;5,4;3,2;
2026/01/14;1200 UTC;0;952,5;952,5;951,9;1512,2;24,6;19,6;24,6;22,9;20,5;19;82;71;74;37;5,1;1,7;
2026/01/14;1300 UTC;0;952,4;952,5;952,4;1566,3;26,1;19,4;26,8;24,5;20,7;18,8;74;65;66;16;4,8;2,5;
2026/01/14;1400 UTC;0;952,3;952,5;952,3;3512,6;28,6;19,6;28,8;26,1;20,6;19,2;67;58;58;340;5,5;2,6;
2026/01/14;1500 UTC;0;951,8;952,3;951,8;3722,6;29,6;19,3;30,4;28,5;21;18,5;62;51;54;341;6,4;3,1;
2026/01/14;1600 UTC;0;951,1;951,8;951,1;3598,2;31,6;19,9;31,7;29,5;21;18,4;56;48;50;341;6,4;1,9;
2026/01/14;1700 UTC;0;949,6;951,1;949,6;2728;31;19,9;32,6;30,3;21,2;17,9;54;46;52;26;5,8;1,4;
2026/01/14;1800 UTC;0;948,2;949,6;948,1;2346,7;30,7;19,9;32,8;30,5;20,9;18,1;53;44;53;272;4,3;1,2;
2026/01/14;1900 UTC;7,4;948,9;948,9;948,1;317,5;22,4;21,1;30,7;22;21,3;18,5;93;49;92;225;11,7;2,3;
2026/01/14;2000 UTC;1,4;949,1;949,4;948,9;65,7;21,5;19,5;23,1;20,7;21,1;18,9;92;85;89;233;6,7;1,6;
2026/01/14;2100 UTC;,2;948,9;949,1;948,6;81,9;21,9;20,5;22,1;21,3;20,9;19,5;93;88;92;317;2,9;,9;
2026/01/14;2200 UTC;,6;949,1;949,1;948,9;16,9;22,2;19,8;22,6;21,8;21;19,8;93;86;87;290;4,3;1,7;
2026/01/14;2300 UTC;,2;950;950;949,1;;22,1;19,8;22,2;21,7;20,2;19,7;90;86;87;276;3;1,3;
2026/01/15;0000 UTC;0;950,9;950,9;950;,3;22;20,1;22,1;21,5;20,5;19,8;92;87;89;48;5,4;1,7;
2026/01/15;0100 UTC;0;952;952;950,9;1,2;22,2;20,4;22,3;21,8;20,5;20,1;91;88;90;135;4,2;1,6;
2026/01/15;0200 UTC;,4;952,2;952,5;952;0;21,9;20,2;22,5;21,9;20,5;19,9;90;87;90;306;3,9;,1;
2026/01/15;0300 UTC;0;951,9;952,2;951,9;;21,6;20,3;21,9;21,4;20,6;20,1;94;90;93;46;2;1;
2026/01/15;0400 UTC;0;951,6;951,9;951,6;;21,9;20,9;21,9;21,4;21;20,3;95;92;94;360;2;,7;
2026/01/15;0500 UTC;0;951,4;951,8;951,4;;21,6;20,2;21,9;21,6;20,9;20,2;94;91;92;354;4,8;1;
2026/01/15;0600 UTC;0;950,9;951,4;950,9;;21,3;20;21,6;21,3;20,2;19,9;92;91;92;3;3,9;1,1;
2026/01/15;0700 UTC;0;950,5;950,9;950,5;;21;20;21,3;21;20,1;20;94;92;94;49;2,4;0;
2026/01/15;0800 UTC;0;950,9;950,9;950,5;;21,1;20,2;21,2;21;20,3;20;95;94;95;58;3,4;2,5;
2026/01/15;0900 UTC;0;951,4;951,4;950,9;;20,9;20,1;21,1;20,9;20,2;20;95;94;95;44;4,8;1,8;
2026/01/15;1000 UTC;0;951,7;951,7;951,3;126,6;21,4;19,9;21,4;20,9;20,1;19,8;95;91;91;78;4,3;,7;
2026/01/15;1100 UTC;0;952,4;952,4;951,7;276,8;21,8;20,1;21,8;21,4;20,4;19,9;93;90;90;82;3,5;1,5;
2026/01/15;1200 UTC;,2;952,8;952,8;952,4;1045,5;23,6;20,1;23,7;21,8;20,7;19,9;90;80;81;56;6,6;4,3;
2026/01/15;1300 UTC;0;953,1;953,1;952,8;1870,9;25,4;20,4;25,4;23,6;20,4;19,4;81;73;74;62;7,2;4;
2026/01/15;1400 UTC;0;952,7;953,2;952,7;3471,9;27,4;19,8;27,8;24,9;21,4;19,6;74;63;63;47;8,6;4,8;
2026/01/15;1500 UTC;0;952;952,7;952;2974,3;27,9;20,5;29,6;26,8;22,1;19,5;68;60;64;20;8,5;3,4;
2026/01/15;1600 UTC;0;951,5;952;951,5;3130;29,2;20,1;30,4;27,9;21,9;19,5;65;55;58;16;9,5;4,5;
2026/01/15;1700 UTC;0;950,3;951,5;950,3;3749;30,6;19,9;31,4;29,1;21,4;19,5;61;51;53;23;9,5;4,6;
2026/01/15;1800 UTC;0;949,3;950,3;949,3;2951,5;30,6;20,5;31,3;29;21,1;19,3;58;51;55;21;10,9;6;
2026/01/15;1900 UTC;0;948,8;949,3;948,6;1543,9;27,8;19,8;30,6;27,8;21,1;19,2;63;55;62;17;10,7;2,3;
2026/01/15;2000 UTC;0;949,1;949,1;948,7;394,3;26,8;20,3;27,8;26,8;21;19,4;68;61;68;154;5;1,9;
2026/01/15;2100 UTC;0;948,9;949,5;948,9;179,3;25,2;20,3;26,8;25;20,6;19,5;76;67;74;348;5;,2;
2026/01/15;2200 UTC;0;950,2;950,2;948,9;72,2;23,9;20,5;25,2;23,9;21;20,2;81;74;81;311;5;1,8;
2026/01/15;2300 UTC;0;950,6;950,6;950,2;;22,1;19,1;24,2;22,1;20,5;17,4;83;72;83;337;7,7;0;
2026/01/16;0000 UTC;0;951,7;951,7;950,6;;22,6;18,2;22,8;21,9;19,1;17,8;84;73;76;228;6;1,1;
2026/01/16;0100 UTC;0;952,5;952,5;951,7;;21,8;18,8;22,6;21,6;19;18,3;85;77;83;130;3,7;1,5;
2026/01/16;0200 UTC;0;952,3;952,5;952,3;;21,6;19;22;21,5;19,1;18,8;86;83;85;350;3,8;,4;
2026/01/16;0300 UTC;0;952;952,3;952;;22,7;19,7;22,7;21,4;19,8;19;89;83;83;172;2,3;,9;
2026/01/16;0400 UTC;0;951,9;952;951,8;;22,2;19,8;23;22,2;19,9;19,1;87;79;87;182;3,7;1;
2026/01/16;0500 UTC;0;951,8;952;951,8;;21,5;20;22,2;21,5;20,1;19,8;91;87;91;146;6,3;2,5;
2026/01/16;0600 UTC;0;951,4;951,8;951,4;;21;19,8;21,4;20,9;19,9;19,7;93;91;93;111;5,8;1,7;
2026/01/16;0700 UTC;0;951,1;951,4;951;;20,7;19,5;21;20,7;19,8;19,5;93;93;93;86;4,9;1,4;
2026/01/16;0800 UTC;0;950,8;951,1;950,8;;20,3;19,4;20,9;20,3;19,6;19,4;95;92;95;56;4;2;
2026/01/16;0900 UTC;0;951,3;951,3;950,8;;20,5;19,4;20,7;20,3;19,6;19,3;95;93;94;63;4,5;2,7;
2026/01/16;1000 UTC;0;951,5;951,6;951,3;364,2;22,2;19,8;22,2;20,5;19,8;19,3;94;86;86;34;4,7;1,8;
2026/01/16;1100 UTC;0;951,5;951,7;951,4;939,2;23,8;19,8;23,8;22,1;20;19,1;86;78;78;52;5,1;2,6;
2026/01/16;1200 UTC;0;951,9;951,9;951,5;2112,8;26,2;20,2;26,4;23,7;20,8;19,4;78;69;69;39;6,1;3,4;
2026/01/16;1300 UTC;0;952;952;951,9;2739,8;28,6;20,1;29;26;21,4;19,3;72;58;60;19;7,4;4,2;
2026/01/16;1400 UTC;0;952,1;952,1;952;3376,4;29,9;20,2;30;28,6;20,9;19,2;61;55;56;46;8,8;4,2;
2026/01/16;1500 UTC;0;951,6;952,1;951,6;2637,7;30,5;18,9;30,8;28,9;21,1;18,5;60;49;50;23;7,2;3,6;
2026/01/16;1600 UTC;0;951;951,6;951;3310,2;30,8;19,8;31,6;29,9;20,4;18,6;54;48;52;34;7,9;4;
2026/01/16;1700 UTC;0;950,8;951;950,6;2639,1;26,5;18,5;32,5;26,5;20,4;17,5;62;44;62;209;9;2,4;
2026/01/16;1800 UTC;0;949,8;950,8;949,8;557,3;23,9;17,7;26,5;23,6;19,3;17,6;77;62;68;220;9,2;2,5;
2026/01/16;1900 UTC;0;948,6;949,8;948,6;521;24,2;19,4;24,8;23,9;19,6;17,7;76;65;75;133;5,4;1,3;
2026/01/16;2000 UTC;0;948,8;949;948,5;556,4;24,5;19,2;24,8;24;19,7;18,5;76;69;72;132;2,5;1;
2026/01/16;2100 UTC;0;948,4;948,9;948,3;306,1;24,1;20,2;24,5;24;20,3;19,3;79;72;79;72;2,3;,7;
2026/01/16;2200 UTC;0;949,2;949,2;948,1;71;23,4;19,6;24,2;23,4;20,3;19,6;81;76;79;288;2,5;0;
2026/01/16;2300 UTC;0;949,9;949,9;949,2;;23,3;20,2;23,5;23,2;20,5;19,5;84;78;83;84;,9;,2;
2026/01/17;0000 UTC;0;951,1;951,2;949,9;;23,5;20,6;23,6;23,3;20,7;19,7;84;79;84;235;5,6;2,3;
2026/01/17;0100 UTC;0;951,9;951,9;951;;23;20,4;23,5;23;20,6;20,3;86;84;86;207;7,6;,9;
2026/01/17;0200 UTC;0;951,9;952,1;951,8;;22,2;20,3;23;22,2;20,4;20,3;89;85;89;198;4,6;,4;
2026/01/17;0300 UTC;0;951,3;951,9;951,2;;21,3;20,2;22,2;21,3;20,4;20,2;93;89;93;72;2,8;,6;
2026/01/17;0400 UTC;0;950,3;951,3;950,3;;21,4;19,9;22,1;21,3;20,7;19,9;94;90;91;63;2,5;1,4;
2026/01/17;0500 UTC;0;949,7;950,4;949,7;;21,1;20,1;21,4;21,1;20,3;19,9;94;91;94;67;2,6;,3;
2026/01/17;0600 UTC;0;949,4;949,7;949,4;;20,9;19,8;21,2;20,9;20,2;19,8;94;93;94;59;1,7;,5;
2026/01/17;0700 UTC;0;949,2;949,4;949,2;;20,9;20;20,9;20,5;20,1;19,6;95;94;95;73;2,5;1,4;
2026/01/17;0800 UTC;0;949,1;949,3;949,1;;20,4;19,7;20,9;20,2;20;19,4;96;95;95;33;3,2;2;
2026/01/17;0900 UTC;0;949,1;949,1;948,9;;20,3;19,4;20,6;20,3;19,7;19,3;95;93;94;49;3,9;1,9;
2026/01/17;1000 UTC;0;949,4;949,4;948,9;186,4;21,3;19,9;21,3;20,2;20;19,3;95;92;92;30;3;1,1;
2026/01/17;1100 UTC;0;949,7;949,7;949,4;536,7;23,3;20,5;23,3;21,3;20,6;19,9;92;84;85;46;3,3;2,1;
2026/01/17;1200 UTC;0;949,9;949,9;949,7;1835,5;26,9;20,4;27,2;23,3;21,5;20,2;85;67;68;36;5,2;3,1;
2026/01/17;1300 UTC;0;950,1;950,2;949,9;2562,9;29;20,2;29,1;26,7;21,2;19,7;68;59;59;30;5,3;2,6;
2026/01/17;1400 UTC;0;949,8;950,1;949,8;3245,7;31;20,5;31;28,9;20,9;18,5;62;50;54;352;5,3;1,7;
2026/01/17;1500 UTC;0;948,9;949,8;948,9;3734,5;31,3;18,9;31,8;30,1;20,8;18,6;55;47;48;14;7,2;2,6;
2026/01/17;1600 UTC;0;948,2;948,9;948,2;1991,5;29,1;20,2;32,3;29,1;20,5;18,1;60;47;59;279;5,7;2,1;
2026/01/17;1700 UTC;0;948,6;948,6;947,9;564,8;24,3;19,6;29,6;24,3;21,3;19,4;77;56;75;262;6,5;3,3;
2026/01/17;1800 UTC;13;948,1;949;948,1;320,4;22,1;21,3;24,3;21,3;21,3;19,8;96;75;95;62;5,7;1,6;
2026/01/17;1900 UTC;0;947,3;948,1;947,1;558,6;23;20,5;23,3;22,1;22;20,5;95;86;86;255;4,3;,2;
2026/01/17;2000 UTC;0;946,5;947,6;946,5;1586,8;26;20,1;26,5;23;22,1;20,1;88;70;70;286;3,9;2,3;
2026/01/17;2100 UTC;0;946,8;946,8;946,3;468;24,7;20,9;26;24,6;20,9;19,5;79;70;79;41;4,5;2;
2026/01/17;2200 UTC;0;946,9;947,1;946,8;174,9;24,1;19,8;24,9;24,1;20,9;19,7;80;74;77;25;6,3;2,1;
2026/01/17;2300 UTC;0;947;947;946,8;;23,4;20,5;24,1;23,4;20,5;19,8;84;77;84;44;4,1;2,2;
2026/01/18;0000 UTC;0;947,3;947,3;947;;22,4;20,7;23,4;22,4;20,9;20,5;90;84;90;66;3,6;1,2;
2026/01/18;0100 UTC;0;948,1;948,1;947,3;;22;20,5;22,4;21,8;20,7;20,5;92;90;91;76;3,1;1,2;
2026/01/18;0200 UTC;0;948,6;948,6;948,1;;21,6;20,4;22;21,6;20,6;20,4;93;91;93;65;3,9;1,4;
2026/01/18;0300 UTC;0;948,3;948,6;948,2;;21,4;20,3;21,7;21,2;20,4;20,1;94;93;94;42;2,7;1,5;
2026/01/18;0400 UTC;0;947,8;948,3;947,8;;21,8;20,6;21,8;21,4;20,7;20,3;94;93;93;58;2,1;1,2;
2026/01/18;0500 UTC;0;947,2;947,8;947,2;;21,8;20,5;21,9;21,7;20,6;20,4;93;92;93;53;2,4;1,1;
2026/01/18;0600 UTC;0;946,9;947,2;946,8;;21,8;20,6;21,9;21,6;20,6;20,4;93;92;93;52;1,8;1;
2026/01/18;0700 UTC;0;947;947;946,7;;21,7;20,5;21,8;21,4;20,6;20,3;94;92;93;70;1,9;,8;
2026/01/18;0800 UTC;,4;947,3;947,3;946,9;;21,8;20,6;21,8;21,6;20,7;20,4;94;92;93;19;2,4;,8;
2026/01/18;0900 UTC;5,2;947,8;947,8;947,3;,6;21,9;20,4;22;21,3;20,8;20,4;95;91;91;42;3,2;1,9;
2026/01/18;1000 UTC;,2;948,5;948,5;947,8;187,2;22,3;20,9;22,3;21,5;20,9;20,1;93;90;92;29;3,9;2,2;
2026/01/18;1100 UTC;0;948,8;948,9;948,5;1104;23,9;21;24;22,3;21,6;20,4;92;82;84;26;5,2;2,3;
2026/01/18;1200 UTC;0;948,9;949;948,8;1968,2;25,9;20,6;26,2;23,9;21,6;20,4;84;71;72;350;4,7;3,2;
2026/01/18;1300 UTC;0;949;949,1;948,9;2729,5;28,1;21;28,1;25,9;22;20,3;73;63;65;356;5,8;3,3;
2026/01/18;1400 UTC;0;948,8;949;948,7;3364,3;29;21,5;29,5;27,9;22,3;20,4;68;61;64;357;5,6;2,7;
2026/01/18;1500 UTC;0;948,2;948,8;948,2;2655,5;29,4;21,6;30,6;28,2;23;20,5;69;58;63;293;7,2;1,9;
2026/01/18;1600 UTC;0;946,9;948,2;946,9;3422,2;31,2;21,1;31,3;29,4;22,1;20;64;53;55;226;4,2;1,2;
2026/01/18;1700 UTC;0;945,4;946,9;945,4;3284,9;31,6;20,9;32,4;30,6;22,2;18,4;59;46;53;248;4,6;2,1;
2026/01/18;1800 UTC;0;944,4;945,4;944,3;3041,8;32;21;32,6;30,8;21,6;18,8;55;46;52;307;7,3;2,5;
2026/01/18;1900 UTC;0;943,6;944,4;943,5;1469,2;30,1;20,2;32,3;30,1;21,5;19,1;57;47;56;248;3,9;1,4;
2026/01/18;2000 UTC;0;943,6;943,8;943,2;195,5;28,9;20,8;30,1;28,8;20,8;19,8;62;54;62;232;3;1;
2026/01/18;2100 UTC;0;944,5;944,8;943,6;158,2;25;20,7;28,9;25;21,2;19,9;77;61;77;265;6,8;2,9;
2026/01/18;2200 UTC;0;945,2;945,3;944,5;76,1;23,8;21;25;23,7;21,2;20,6;86;77;85;358;6,6;1,1;
2026/01/18;2300 UTC;0;945,4;945,4;945,1;;22,9;20,8;23,8;22,8;20,9;20,5;89;83;88;338;3,9;,2;
2026/01/19;0000 UTC;0;946,1;946,1;945,3;;22,8;20,5;23,1;22,7;20,8;20,4;88;85;87;10;1,6;0;
2026/01/19;0100 UTC;0;946,8;946,8;946,1;;22,2;20,6;22,9;22,2;20,8;20,5;91;87;91;45;2,9;,9;
2026/01/19;0200 UTC;0;946,9;947;946,7;;22;20,8;22,2;22;20,9;20,6;93;91;93;18;1,8;,9;
2026/01/19;0300 UTC;0;947;947,1;946,7;;22,1;20,6;22,2;21,8;20,9;20,5;93;91;91;42;3,2;1,4;
2026/01/19;0400 UTC;0;946,7;947,1;946,7;;21,8;20,3;22,2;21,8;20,6;20,3;91;91;91;32;2,8;1,3;
2026/01/19;0500 UTC;0;945,7;946,7;945,7;;21,7;20,2;22;21,7;20,4;20,1;92;91;91;7;3,3;1,8;
2026/01/19;0600 UTC;0;945,4;945,7;945,4;;21,7;20,3;21,7;21,5;20,3;20,1;92;91;92;340;3,1;1,4;
2026/01/19;0700 UTC;0;945,2;945,4;945,1;;22;20,5;22;21,7;20,5;20,4;92;91;91;356;2,6;1,1;
2026/01/19;0800 UTC;0;945,3;945,3;944,9;;22,3;20,5;22,4;22;20,6;20,5;91;89;89;27;3,6;1,4;
2026/01/19;0900 UTC;0;945,9;945,9;945,3;;21,8;20,5;22,4;21,8;20,6;20,4;92;89;92;35;3,1;,9;
2026/01/19;1000 UTC;0;946,7;946,7;945,9;100,5;22,4;20,5;22,4;21,8;20,8;20,5;93;89;89;9;3,6;2,2;
2026/01/19;1100 UTC;0;946,9;947;946,7;316,1;23,4;21;23,4;22,4;21,1;20,4;90;86;86;9;3,6;1,3;
2026/01/19;1200 UTC;0;946,9;947;946,6;1532,2;26;21,2;26,8;23,4;22,4;20,8;86;74;75;336;6,2;3;
2026/01/19;1300 UTC;0;947;947,1;946,9;1510,9;27,1;22;27,4;26;22,3;21,3;78;71;74;359;5,3;2,5;
2026/01/19;1400 UTC;0;947;947,1;946,9;1843,5;27,9;21,9;29,1;26,6;23,2;21,4;76;67;70;341;5,5;2,3;
2026/01/19;1500 UTC;0;946,4;947;946,4;2242,7;28,7;23;29,9;27,3;23,6;21,3;75;62;71;332;5,6;3,1;
2026/01/19;1600 UTC;0;945,5;946,4;945,5;2901,1;29,6;22,2;30,6;28,7;23,3;21,2;71;60;64;321;5,6;2,9;
2026/01/19;1700 UTC;0;944,4;945,5;944,4;2322;31,2;21,2;32;29,5;23,4;20,4;68;53;55;269;5;1,9;
2026/01/19;1800 UTC;0;943,1;944,4;943;2081,6;31,8;21,6;31,9;30,3;22,2;20,4;60;51;55;326;7,6;2,4;
2026/01/19;1900 UTC;0;942,6;943,2;942,4;2175,6;31,7;19,5;32,7;30,9;22,3;19,4;57;47;49;257;7;3,6;
2026/01/19;2000 UTC;0;941,7;942,7;941,7;2031,5;29,1;21;33;29,1;21,5;18,4;62;43;62;163;8,1;1,5;
2026/01/19;2100 UTC;0;942,7;942,7;941,7;906;28,4;20,8;29,8;28,4;21,9;20,6;64;59;63;66;5,3;1,4;
2026/01/19;2200 UTC;28;943,4;944,5;942,7;125,8;21,1;20,1;28,4;21;21,8;19,9;94;63;94;134;15,9;5,8;
2026/01/19;2300 UTC;21;944,8;945,5;943,4;6,4;20,6;20,1;23,3;20,4;22,5;19,9;97;94;97;337;15,9;2,8;
2026/01/20;0000 UTC;2,8;945,7;945,7;944,2;0;21,1;20,4;21,7;20,6;21,2;20,1;97;96;96;326;10,4;3,7;
2026/01/20;0100 UTC;30;947,5;947,5;945,9;;20,6;20,2;21,3;20,6;20,6;20;97;95;97;87;10,2;3,1;
2026/01/20;0200 UTC;2,6;947,4;947,9;947,4;;20,7;20,3;20,7;20,4;20,3;20;98;97;98;75;6,2;2,1;
2026/01/20;0300 UTC;,8;947,5;947,8;947,4;;20,9;20,5;21;20,7;20,6;20,3;98;98;98;68;3,9;1,1;
2026/01/20;0400 UTC;,2;946,6;947,5;946,6;;20,8;20,4;20,9;20,8;20,5;20,4;98;98;98;91;2;,1;
2026/01/20;0500 UTC;0;946,5;946,6;946,3;;20,7;20,4;20,9;20,7;20,5;20,4;98;98;98;138;2,9;,4;
2026/01/20;0600 UTC;0;946,2;946,5;946,2;;20,7;20,4;20,8;20,6;20,5;20,3;98;98;98;149;3,3;1,4;
2026/01/20;0700 UTC;0;945,6;946,2;945,6;;20,1;19,9;20,7;20,1;20,3;19,9;98;98;98;138;5,6;2,1;
2026/01/20;0800 UTC;,2;945,9;945,9;945,5;;19,1;18,6;20,1;19,1;19,8;18,6;98;97;97;140;5,4;1,4;
2026/01/20;0900 UTC;0;946,6;946,6;945,9;;19,3;18,7;19,3;18,9;18,8;18,4;97;96;96;144;4,1;1,1;
2026/01/20;1000 UTC;0;947,5;947,5;946,6;131,5;19,5;18,5;19,5;19,3;18,7;18,4;96;93;94;141;4,3;1,5;
2026/01/20;1100 UTC;0;947,8;947,8;947,5;928,3;20,8;18;21,2;19,5;18,7;18;94;83;84;138;6,5;2,6;
2026/01/20;1200 UTC;0;948;948,1;947,8;1148,6;21,8;18,2;21,9;20,8;19,1;17,7;85;79;80;132;6,3;2,3;
2026/01/20;1300 UTC;0;948,4;948,5;948;1751,5;24,3;19,9;24,3;21,7;19,9;17,8;81;75;76;138;6,3;2;
2026/01/20;1400 UTC;0;948,6;948,7;948,4;1991,6;24,9;19,5;24,9;23,5;20;18,3;77;70;72;139;6,2;1,8;
2026/01/20;1500 UTC;0;948,2;948,6;948,2;1921,8;25;19,4;25,8;24,8;20,4;19;74;69;71;100;5,1;2,4;
2026/01/20;1600 UTC;0;947,7;948,2;947,7;2746,7;26,5;20,1;27,3;25;21,2;19,1;74;63;68;127;5,1;1,5;
2026/01/20;1700 UTC;0;946,7;947,6;946,6;2401,1;27,4;19,8;28,2;26,3;21,8;19,1;71;61;63;120;4,2;1,4;
2026/01/20;1800 UTC;0;946;946,7;946;1989,4;28,3;20,8;28,5;26,6;21,3;19,7;70;62;64;139;4,7;2,2;
2026/01/20;1900 UTC;0;945,3;946;945,3;2445,2;28,9;20,7;29,5;27,5;21,9;19,6;66;60;61;181;5,3;2;
2026/01/20;2000 UTC;0;944,9;945,3;944,9;1570,5;28,7;20,3;29,5;27,1;21,5;19,7;67;60;61;174;7,5;1,6;
2026/01/20;2100 UTC;0;945;945;944,8;1052,3;27,5;19,8;29,1;27,5;20,8;19,1;64;58;63;168;6,8;2;
2026/01/20;2200 UTC;0;945,7;945,7;945;244,7;25,3;19,7;27,6;25,3;20,3;19,6;72;62;71;170;5,7;,7;
2026/01/20;2300 UTC;0;946,7;946,7;945,7;;23,2;19,8;25,3;23,2;20,1;19,4;82;71;81;181;3,1;,1;
2026/01/21;0000 UTC;0;947,4;947,4;946,7;;22,5;19,6;23,2;22,4;19,9;19,5;85;80;84;165;2,4;,4;
2026/01/21;0100 UTC;0;948;948;947,4;;22,4;19,1;22,7;22,2;19,7;19,1;85;81;82;148;5,4;1,5;
2026/01/21;0200 UTC;0;948,6;948,6;948;;22,3;18,3;22,6;22,1;19,2;18,3;82;78;78;133;8,2;2,1;
2026/01/21;0300 UTC;0;948,5;948,7;948,5;;21,9;17,4;22,5;21,9;18,4;17,4;78;75;76;138;8,2;2,2;
2026/01/21;0400 UTC;0;948,1;948,5;948;;20,7;17,3;21,9;20,7;17,4;17,2;81;76;81;144;6;1;
2026/01/21;0500 UTC;0;947,2;948,1;947,2;;20;17,6;20,7;20;17,7;17,3;86;81;86;155;3,8;1,7;
2026/01/21;0600 UTC;0;946,9;947,2;946,9;;19,1;17,5;20;19,1;17,6;17,4;90;86;90;147;3,8;,8;
2026/01/21;0700 UTC;0;946,9;946,9;946,8;;19;17,7;19,3;19;17,8;17,5;92;90;92;166;3,6;,9;
2026/01/21;0800 UTC;0;947,3;947,3;946,8;;18,7;17,7;19;18,6;17,7;17,6;94;92;94;157;3,2;1,1;
2026/01/21;0900 UTC;0;947,8;947,8;947,3;;19;18,2;19;18,4;18,2;17,5;96;94;95;147;2,7;,9;
2026/01/21;1000 UTC;;;;;;;;;;;;;;;;;;
2026/01/21;1100 UTC;0;949,1;949,1;948,4;525,7;21,2;19;21,2;19,7;19,1;18,6;94;87;88;141;4;1,4;
2026/01/21;1200 UTC;0;949,4;949,4;949,1;1250,2;23,8;19,1;24,2;21,1;20,3;18,7;88;74;75;122;4,5;1,9;
2026/01/21;1300 UTC;0;949,2;949,4;949,2;2534,1;25,2;19,1;25,4;23,6;20,1;18,6;76;69;69;103;5,6;2,8;
2026/01/21;1400 UTC;0;949;949,3;948,9;3516;26,6;19,8;27;25;20,9;18,7;73;64;66;105;5,7;1,8;
2026/01/21;1500 UTC;0;948,7;949;948,7;2270,1;26,6;20,2;27,8;26;21,1;18,8;72;63;68;227;4,3;,9;
2026/01/21;1600 UTC;0;948;948,7;948;2719,7;28,8;20;29,3;26,4;21,2;19;69;58;59;184;4,9;2,1;
2026/01/21;1700 UTC;0;947,1;948;947,1;3872;29,1;20;30;28,5;21,3;18,9;62;53;58;187;6,3;2,2;
2026/01/21;1800 UTC;0;946,1;947,1;946,1;3618,4;30,8;21,4;30,9;28,7;21,8;19,1;62;54;57;155;6,6;2,7;
2026/01/21;1900 UTC;0;945,4;946,1;945,3;2091,6;28,4;19,8;31,2;28,4;21,2;19,4;61;53;59;161;7,8;2,9;
2026/01/21;2000 UTC;0;944,9;945,4;944,9;1512,6;28,8;19;29,8;27,9;20,5;18,8;60;54;55;154;8,6;3,1;
2026/01/21;2100 UTC;0;945,6;945,6;944,9;1188,8;29;18,9;29,7;28,7;19,6;18,1;58;51;55;162;8,1;2,3;
2026/01/21;2200 UTC;0;946,5;946,5;945,6;201,5;26,6;19,3;29,1;26,6;19,5;18,3;64;53;64;140;5,1;,9;
2026/01/21;2300 UTC;0;947;947;946,4;;25,6;19,3;26,6;25,6;19,5;18,9;69;63;68;144;2,7;,7;
2026/01/22;0000 UTC;0;947,9;947,9;947;;23,3;20,5;25,6;23,3;20,5;19,3;85;68;85;40;6,3;3,1;
2026/01/22;0100 UTC;0;948,5;948,5;947,9;;22,4;20,5;23,3;22,4;20,8;20,5;89;85;89;28;5,8;2,7;
2026/01/22;0200 UTC;0;948,5;948,5;948,4;;21,8;20,5;22,4;21,8;20,6;20,5;93;89;93;32;5,5;1,5;
2026/01/22;0300 UTC;3,2;948,5;948,7;948,4;;21;20,1;21,8;20,9;20,6;20,1;95;92;95;57;3,4;1,7;
2026/01/22;0400 UTC;,4;948,2;948,5;948,2;;21,2;20,4;21,4;20,9;20,7;20,1;96;95;95;93;2,9;1,3;
2026/01/22;0500 UTC;,2;947,4;948,2;947,4;;20,9;20,3;21,3;20,8;20,4;20,1;96;95;96;58;2,9;,9;
2026/01/22;0600 UTC;0;946,7;947,4;946,7;;20,4;19,5;21;20,4;20,4;19,4;96;94;95;62;7,1;1,9;
2026/01/22;0700 UTC;0;946,9;946,9;946,5;;20,5;19,8;20,5;20,2;19,8;19,3;96;94;96;236;3,1;1,2;
2026/01/22;0800 UTC;0;947,2;947,2;946,8;;20,6;20;20,8;20,5;20,1;19,8;96;96;96;221;2,1;0;
2026/01/22;0900 UTC;0;948;948;947,1;;20,6;20,1;20,8;20,6;20,2;20;97;96;97;274;1;,2;
2026/01/22;1000 UTC;0;948,7;948,7;948;172,3;21,2;20,7;21,2;20,6;20,7;20,1;97;97;97;63;1;,3;
2026/01/22;1100 UTC;0;949,3;949,3;948,7;589,8;22;20,3;22,7;21,2;21,3;19,6;97;86;90;126;1,7;,6;
2026/01/22;1200 UTC;0;949,5;949,5;949,2;856,1;23;20,3;23,2;22;20,6;19,6;90;81;85;82;2,7;,7;
2026/01/22;1300 UTC;0;949,5;949,6;949,4;1399,1;23,4;19,1;23,6;22,9;20,1;18,8;84;75;77;44;4;2,5;
2026/01/22;1400 UTC;0;949,3;949,6;949,3;1772,6;24,6;19,8;25;23,2;20,6;18,7;78;72;75;34;4,4;2,1;
2026/01/22;1500 UTC;0;948,8;949,3;948,8;2174,8;24,7;19,7;25,5;24,3;20,4;19,1;76;70;74;110;5,1;1,6;
2026/01/22;1600 UTC;0;948;948,8;948;2781,3;26,8;19,6;27,1;24,7;20,9;18,9;75;64;65;77;4,1;2,1;
2026/01/22;1700 UTC;0;947,5;948;947,5;1376,5;23,5;20,3;27,4;23,4;21,3;19,2;84;63;83;22;7,5;3,1;
2026/01/22;1800 UTC;0;946,6;947,5;946,6;1203,1;23,9;20,8;23,9;22,9;21,6;20,2;91;82;83;59;6,3;2,5;
2026/01/22;1900 UTC;0;945,7;946,6;945,7;2529,9;26,3;20,2;26,9;23,9;21,5;19,7;84;67;69;113;6,2;2,3;
2026/01/22;2000 UTC;0;945,4;945,6;945,4;1945,1;26,4;20,1;27,2;26;21,6;19,6;73;66;68;87;6,2;2,3;
2026/01/22;2100 UTC;0;945,8;945,8;945,4;1091,8;26,4;20,5;26,9;26;20,8;20;72;67;70;96;5,4;1,9;
2026/01/22;2200 UTC;0;946,6;946,7;945,8;204,4;24,1;20,5;26,4;24,1;20,8;20,1;80;69;80;83;4,6;1,9;
2026/01/22;2300 UTC;0;947;947;946,4;;23;20,4;24,1;23;20,8;20,4;87;80;85;105;5,2;2,1;
2026/01/23;0000 UTC;0;947,6;947,6;947;;21,6;19,6;23;21,6;20,4;19,6;88;84;88;129;5,6;1,6;
2026/01/23;0100 UTC;0;948,3;948,3;947,6;;20,7;19,5;21,6;20,7;19,6;19,5;93;89;93;86;4,5;,9;
2026/01/23;0200 UTC;0;948,7;948,9;948,3;;20,9;19,7;21;20,7;19,8;19,5;94;92;93;111;4,2;1,5;
2026/01/23;0300 UTC;0;948,5;948,7;948,5;;20,8;19,1;20,9;20,6;19,6;19,1;93;90;90;117;4,8;1,3;
2026/01/23;0400 UTC;0;948,2;948,5;948,1;;20,8;18,9;21;20,5;19,1;18,7;91;88;89;147;5,6;1,7;
2026/01/23;0500 UTC;0;947,6;948,2;947,6;;20,3;18,8;20,8;20,2;19,2;18,7;91;89;91;147;4,3;1,3;
2026/01/23;0600 UTC;0;947,4;947,6;947,4;;20;18,8;20,3;20;18,9;18,8;93;91;93;155;5;1,4;
2026/01/23;0700 UTC;,2;947,2;947,4;947,1;;19,5;18,9;20;19,5;19;18,8;96;93;96;145;4,8;1,7;
2026/01/23;0800 UTC;0;947,4;947,4;947,2;;19,3;18,5;19,5;19,2;18,9;18,5;96;95;95;152;5,6;1,8;
2026/01/23;0900 UTC;0;948,1;948,1;947,4;,2;19,5;18,6;19,5;19,3;18,6;18,5;95;94;95;155;4,8;1,4;
2026/01/23;1000 UTC;0;948,7;948,7;948,1;105,6;20,2;18,7;20,2;19,5;18,9;18,6;95;91;91;149;4,9;1,7;
2026/01/23;1100 UTC;0;949,4;949,4;948,7;309,6;20,6;18,6;20,7;20,2;18,9;18,6;92;88;88;137;4,9;1,6;
2026/01/23;1200 UTC;0;949,7;949,7;949,4;584,4;20,6;19;21,1;20,4;19,2;18,4;91;86;91;153;6;1,7;
2026/01/23;1300 UTC;0;950,1;950,2;949,7;724,9;22;18,9;22;20,6;19,2;18,6;91;81;82;146;5;1,1;
2026/01/23;1400 UTC;0;950,2;950,2;950,1;925,3;22,7;19;22,8;21,8;19,5;18,4;84;79;80;172;2,9;1,1;
2026/01/23;1500 UTC;0;950;950,2;950;872,2;22,8;19;23;22,4;19,3;18,6;81;77;79;211;3;,6;
2026/01/23;1600 UTC;0;949,8;950;949,7;594,9;22,9;18,8;23,4;22,8;19,5;18,5;81;77;78;245;2,1;,6;
2026/01/23;1700 UTC;0;949,2;949,8;949,2;950,2;23,8;19;24,2;22,8;19,7;18,6;79;73;75;218;2,3;,9;
2026/01/23;1800 UTC;0;948,6;949,2;948,6;894,8;24,2;19,3;24,5;23,8;19,8;18,9;77;72;74;188;3,6;,9;
2026/01/23;1900 UTC;0;948;948,6;948;899,1;25,2;19,7;25,2;24;19,7;18,8;76;71;71;264;2,9;,3;
2026/01/23;2000 UTC;0;947,6;948;947,6;1590,1;24,8;19,4;27,1;24,8;20,5;18,8;72;63;72;182;3,7;,7;
2026/01/23;2100 UTC;0;947,6;947,6;947,5;958,4;26,4;19,7;26,7;24,8;20,4;19;75;65;67;143;2,7;,5;
2026/01/23;2200 UTC;0;947,9;947,9;947,6;234,8;23,4;19,7;26,6;23,4;19,9;19,3;80;65;80;133;2,1;,1;
2026/01/23;2300 UTC;0;948,3;948,3;947,9;;22,1;19,1;23,4;22,1;19,8;19,1;84;80;83;114;1,5;0;
2026/01/24;0000 UTC;0;948,9;948,9;948,3;;21,3;19,2;22,2;21,3;19,4;19,1;88;83;88;32;,4;0;
2026/01/24;0100 UTC;0;949,3;949,3;948,9;;21,4;19,3;21,6;21,3;19,7;19,2;90;88;88;287;0;0;
2026/01/24;0200 UTC;0;949,5;949,6;949,3;;20,2;18,5;21,8;20,2;19,4;18,3;90;85;90;34;1,2;,2;
2026/01/24;0300 UTC;0;949,2;949,6;949,2;;19,9;19,3;20,2;19,7;19,4;18,5;96;90;96;8;1,2;0;
2026/01/24;0400 UTC;0;948,6;949,2;948,6;;20;19,3;20,1;19,9;19,4;19,2;96;96;96;4;,5;0;
2026/01/24;0500 UTC;0;948,1;948,6;948,1;;19,7;18,9;20,5;19,7;19,5;18,8;96;93;95;136;,3;0;
2026/01/24;0600 UTC;0;947,9;948,1;947,9;;19,2;18,6;19,9;18,9;19,1;18,1;96;95;96;171;,8;0;
2026/01/24;0700 UTC;0;948,2;948,2;947,9;;18,7;18,3;19,2;18,5;18,6;17,9;97;96;97;346;1;0;
2026/01/24;0800 UTC;0;948,6;948,6;948,2;;18,5;18,1;18,8;18,3;18,4;17,9;97;97;97;330;0;0;
2026/01/24;0900 UTC;0;948,9;948,9;948,6;;18,6;18,2;18,7;18,3;18,3;17,9;97;97;97;233;0;0;
2026/01/24;1000 UTC;0;949,5;949,5;948,9;237,6;19,7;19,3;19,7;18,6;19,3;18,2;98;97;98;342;,4;0;
2026/01/24;1100 UTC;0;949,9;949,9;949,4;1111,3;22,6;20,9;22,6;19,6;21;19,2;98;89;90;286;1,9;,8;
2026/01/24;1200 UTC;0;950,6;950,6;949,9;1281,7;23,6;21;23,7;22,6;21,4;20,2;90;82;85;204;3,2;1,2;
2026/01/24;1300 UTC;0;950,8;950,8;950,6;2468,3;26,1;20,8;26,4;23,6;21,8;20,5;85;73;73;138;3,7;,7;
2026/01/24;1400 UTC;0;950,7;950,8;950,6;3193;28,4;21,2;28,7;25,1;21,8;19,8;78;62;65;139;3,5;,9;
2026/01/24;1500 UTC;0;950,2;950,6;950,2;2783,9;29,3;20,7;29,4;27,2;21,9;19;69;60;60;283;4,2;,8;
2026/01/24;1600 UTC;0;949,7;950,2;949,6;3794,6;30,6;21,2;30,6;28,4;22,1;18,2;63;49;57;351;5,5;2,7;
2026/01/24;1700 UTC;0;949;949,7;949;3059,5;29,5;18,2;31,3;29,2;21,7;17,6;60;45;51;335;6,6;1,7;
2026/01/24;1800 UTC;0;948,3;949,1;948,3;2895,5;31,3;17,1;31,5;29,3;19,8;16,2;53;40;43;284;6,3;2,7;
2026/01/24;1900 UTC;0;947,8;948,3;947,8;2364,1;31,2;17,2;32,1;30,2;18,5;15,5;47;39;43;320;6,2;2,8;
2026/01/24;2000 UTC;0;947,5;947,8;947,5;1906,4;30,7;17,5;32;30,4;17,8;15,3;45;37;45;263;4,6;1,8;
2026/01/24;2100 UTC;0;947,7;947,7;947,5;977;29,7;17,4;31;29,5;18;16,2;48;43;48;276;4;1,5;
2026/01/24;2200 UTC;0;948,1;948,1;947,6;85,6;27,5;18,1;29,6;27,3;18,1;17,3;57;47;56;220;3;,9;
2026/01/24;2300 UTC;0;948,8;948,8;948,1;;25,6;19,2;27,6;25,6;19,3;17,9;68;55;68;356;1,9;,8;
2026/01/25;0000 UTC;0;949,6;949,6;948,8;;25,2;18,2;26,5;24,8;19,5;18,2;70;62;66;73;2,3;,5;
2026/01/25;0100 UTC;0;950,5;950,5;949,6;;24,3;19,4;25,2;24,3;19,5;18,1;74;65;74;41;1,4;,5;
2026/01/25;0200 UTC;0;951,1;951,1;950,5;;23,1;19,5;24,3;23,1;19,7;19,4;80;74;80;309;,9;0;
2026/01/25;0300 UTC;0;950,9;951,1;950,9;;22,8;19,9;23,1;22,5;20;19,6;85;80;84;109;1,7;1,2;
2026/01/25;0400 UTC;0;950,6;950,9;950,6;;22,5;20,4;22,8;21,8;20,7;19,7;91;84;88;156;2,4;1,2;
2026/01/25;0500 UTC;0;950,1;950,6;950,1;;21,9;20,6;22,6;21,9;20,6;20,1;92;87;92;64;2,7;,8;
2026/01/25;0600 UTC;0;950,2;950,2;950;;21,4;19,4;22,1;21,4;20,6;19,2;92;87;88;53;2,7;,9;
2026/01/25;0700 UTC;0;950,2;950,2;950;;21,9;19,9;22,1;21,4;20;19,5;89;88;88;68;2,4;,8;
2026/01/25;0800 UTC;0;950,3;950,3;950,1;;21,6;19,9;22;21,5;20;19,8;90;88;90;26;2,2;1,1;
2026/01/25;0900 UTC;0;950,6;950,6;950,2;;21,7;19,6;21,9;21,4;20;19,5;91;88;88;318;2,1;,5;
2026/01/25;1000 UTC;0;951,4;951,4;950,6;218,9;22,5;20,1;22,6;21,3;20,2;19,4;89;85;86;58;2,4;,5;
2026/01/25;1100 UTC;0;952;952;951,4;968;24,2;20,2;24,3;22,5;20,6;19,7;87;77;78;68;2;1,1;
2026/01/25;1200 UTC;0;952,7;952,7;952;1609,7;26,5;20,8;26,5;24,3;21,2;19,6;78;69;71;44;6,4;3,3;
2026/01/25;1300 UTC;0;953,1;953,3;952,7;2241,6;27,3;19,8;27,6;25,9;21;19,3;72;63;64;42;6,8;3,1;
2026/01/25;1400 UTC;0;953,1;953,3;953;2830,3;28,6;19,5;28,9;27,3;21,4;19,2;66;58;58;15;7,3;2,9;
2026/01/25;1500 UTC;0;952,6;953,1;952,6;2382,8;28,8;20,7;29,7;28,2;21,2;19,1;63;55;62;348;6,9;2,3;
2026/01/25;1600 UTC;0;951,6;952,6;951,6;2647,9;30,8;19,9;31;28,7;21;19,1;62;52;52;52;5,5;1,6;
2026/01/25;1700 UTC;0;950,7;951,7;950,7;3607,6;31,2;19,5;31,5;30;21,3;18,6;57;48;50;37;5;1,2;
2026/01/25;1800 UTC;0;950,1;950,7;950;2107,8;30,7;18,6;31,8;29,8;20,6;18,2;55;47;49;20;4,8;1,8;
2026/01/25;1900 UTC;0;949,6;950,1;949,6;1846,9;30,6;19,2;31,9;30,6;20,4;18,4;53;46;50;348;3,9;2,4;
2026/01/25;2000 UTC;0;948,6;949,6;948,6;1765,5;31,5;18,5;31,7;30,5;19,9;18;53;44;46;360;5,1;1,7;
2026/01/25;2100 UTC;0;949,8;949,8;948,6;1114,3;27,2;20,5;31,7;27,2;21,1;18,5;67;46;67;308;9,8;4,8;
2026/01/25;2200 UTC;0;950,5;950,5;949,8;138,7;25,4;20,4;27,2;25,4;20,8;20,3;74;67;74;266;8,9;2,1;
2026/01/25;2300 UTC;0;951,4;951,4;950,5;;24,3;20,1;25,4;24,3;20,6;20,1;79;74;77;342;3,6;0;
2026/01/26;0000 UTC;0;952,3;952,3;951,4;;24,5;19,5;25;24,1;20,3;19;78;69;74;5;4,1;1,9;
2026/01/26;0100 UTC;0;953,1;953,1;952,1;;24,1;19,8;24,6;24,1;20,1;19,5;78;74;77;42;5,7;3;
2026/01/26;0200 UTC;0;953;953,3;953;;22,3;21;24,1;22,3;21;19,8;92;77;92;159;5,7;1,7;
2026/01/26;0300 UTC;,2;951,8;953;951,8;;22;21;22,4;22;21,1;21;94;92;94;173;3,4;1,2;
2026/01/26;0400 UTC;,2;951,6;951,8;951,4;;21,5;20,7;22;21,5;21;20,6;95;94;95;332;2,6;,1;
2026/01/26;0500 UTC;0;951,8;951,8;951,4;;21,3;20,6;21,6;21,3;20,7;20,6;96;95;96;72;3,4;1,5;
2026/01/26;0600 UTC;0;951,6;951,9;951,6;;21,4;20,8;21,5;21,3;20,8;20,6;96;96;96;26;3,4;1,5;
2026/01/26;0700 UTC;0;951,1;951,6;951,1;;20,9;20,1;21,5;20,9;20,9;20,1;96;95;95;27;3,6;1,5;
2026/01/26;0800 UTC;0;951,4;951,5;951,1;;20,6;19,6;21;20,5;20,1;19,6;95;94;94;46;3,9;2;
2026/01/26;0900 UTC;0;952,1;952,1;951,4;;20,2;19,4;20,6;20,2;19,6;19,3;95;94;95;61;3,6;1,7;
2026/01/26;1000 UTC;0;952,8;952,9;952,1;208;21,3;19,9;21,3;20,2;19,9;19,3;95;92;92;67;3,3;2;
2026/01/26;1100 UTC;0;953,2;953,2;952,9;1087,8;23,6;20,8;23,6;21,2;20,8;19,6;92;83;84;52;5,8;2,9;
2026/01/26;1200 UTC;0;953,7;953,7;953,2;1972,4;26,3;20,3;26,3;23,5;20,6;19,6;84;69;70;2;5,6;3,3;
2026/01/26;1300 UTC;0;953,8;953,8;953,7;2719,9;27,6;20,5;28;25,7;21,2;19,5;71;63;65;356;6,9;2,5;
2026/01/26;1400 UTC;0;953,7;953,8;953,7;3020,7;28,5;19,8;29,3;27,6;21,6;19,5;66;58;59;10;6;2,3;
2026/01/26;1500 UTC;0;953,4;953,8;953,4;3158,9;28,9;19,9;30,4;28,4;21,4;17,5;62;50;58;30;5,6;2;
2026/01/26;1600 UTC;0;953,2;953,4;953,2;938;27,2;21;29,4;26,5;21,2;18,4;71;53;69;256;4,6;,7;
2026/01/26;1700 UTC;,4;952,8;953,2;952,8;1202,7;23,9;21,1;28,2;23,9;22;19,4;84;63;84;232;6,6;2,9;
2026/01/26;1800 UTC;,6;951,6;952,8;951,6;947,1;25,7;22,3;25,7;23,2;22,9;20,9;89;81;82;225;6,6;1,4;
2026/01/26;1900 UTC;0;950,5;951,6;950,5;2518;29,9;20,6;30;25,7;23;20,1;82;56;57;335;3,2;1,5;
2026/01/26;2000 UTC;0;950,1;950,5;950,1;2199,4;30,2;19,2;30,6;29,1;21,5;18,4;60;50;52;337;3,3;,4;
2026/01/26;2100 UTC;0;950,4;950,4;950;1112,4;29,8;20,9;30,8;29,7;20,9;18,1;59;49;59;77;2,2;,1;
2026/01/26;2200 UTC;0;950,5;950,6;950,3;283,1;27;20,9;30,4;27;21,4;20,1;70;54;69;134;2,3;,4;
2026/01/26;2300 UTC;0;950,9;951,1;950,5;;26,6;21;27;26,4;21,3;20,8;74;69;72;82;2,3;,2;
2026/01/27;0000 UTC;0;951,8;951,8;950,9;;25,8;20,5;26,7;25,7;21,5;20,1;76;69;73;85;3,9;,7;
2026/01/27;0100 UTC;0;952,5;952,5;951,8;;24,2;21,2;25,7;24,1;21,2;20,4;83;73;83;88;3,7;,3;
2026/01/27;0200 UTC;0;952,4;952,7;952,3;;23,4;20,6;24,2;23,2;21,2;20,6;85;83;84;105;3,8;1,6;
2026/01/27;0300 UTC;0;952;952,5;952;;22,5;20,9;23,5;22,5;20,9;20,4;91;84;91;358;3,8;,5;
2026/01/27;0400 UTC;0;951,2;952;951,2;;22,2;20,6;23,2;22,2;21;20,4;91;85;91;34;3,1;,2;
2026/01/27;0500 UTC;0;950,7;951,4;950,7;;21,6;20,3;22,2;21,5;20,6;20,1;92;90;92;61;3;,5;
2026/01/27;0600 UTC;0;950,7;951;950,7;;21,1;19,7;21,8;21,1;20,4;19,7;93;91;92;45;2,3;1;
2026/01/27;0700 UTC;0;950,7;950,7;950,4;;21,4;19,8;21,5;20,9;20,4;19,7;94;91;91;68;2,9;1,2;
2026/01/27;0800 UTC;0;951;951;950,7;;21,5;20,1;21,6;21,1;20,4;19,7;94;91;92;32;2,9;1,6;
2026/01/27;0900 UTC;0;951,7;951,7;951;;21,9;20,1;21,9;21,5;20,2;19,9;92;90;90;69;2,9;1,1;
2026/01/27;1000 UTC;0;952,4;952,4;951,7;100,6;22,4;20,7;22,4;21,8;20,9;20,1;92;89;90;57;2;1,1;
2026/01/27;1100 UTC;0;953,1;953,1;952,4;451,4;23,8;20,6;23,8;22,4;20,9;20,3;90;82;82;56;3,2;1,8;
2026/01/27;1200 UTC;0;953,4;953,5;953,1;2194,3;27,5;20,7;27,6;23,8;22;20,2;82;65;67;331;3,2;1,1;
2026/01/27;1300 UTC;0;953,3;953,6;953,3;1855,6;26,7;21,6;27,9;25,9;22;20,3;78;64;74;298;4,4;1,8;
2026/01/27;1400 UTC;0;953,1;953,3;953,1;2104,5;28,6;20,8;29,6;26,7;22,8;20,5;76;61;63;347;5,4;2,9;
2026/01/27;1500 UTC;0;951,9;953,2;951,9;3666,5;30,7;20,9;30,9;28,6;22,1;20;64;54;56;17;6,6;3,1;
2026/01/27;1600 UTC;0;951,3;951,9;951,3;2932,9;30,4;20,9;31,8;29,6;22;19,5;58;51;57;11;6,6;2,3;
2026/01/27;1700 UTC;,2;951;951,3;950,8;2762,9;24,5;20;32,5;24,5;21,4;18,6;76;45;76;75;10;5,3;
2026/01/27;1800 UTC;3,8;949,5;951,1;949,4;1471,6;24,7;19,6;25,5;20,8;21,1;17,5;88;73;74;41;13,7;3;
2026/01/27;1900 UTC;0;949,5;949,7;949,1;1172,1;25,1;22,1;25,9;24,5;22,3;19,9;84;71;83;154;5;,7;
2026/01/27;2000 UTC;0;950,4;950,5;949,5;112;23,5;20,1;25,3;23,5;22,2;20,1;87;81;81;261;10,2;5,1;
2026/01/27;2100 UTC;0;949,6;950,4;949,4;159,2;23,2;20;23,4;22,4;20,2;19,5;85;81;82;274;10,2;,4;
2026/01/27;2200 UTC;0;949,9;949,9;949,6;166;22,5;20,6;23,4;22,5;20,7;20;89;81;89;134;2;,5;
2026/01/27;2300 UTC;0;951,7;951,7;949,9;;22;20,9;22,6;21,9;20,9;20,6;94;89;94;28;2;,1;
2026/01/28;0000 UTC;0;952,1;952,1;951,6;;22,6;21;22,6;22;21,3;20,9;94;90;90;273;1,4;,9;
2026/01/28;0100 UTC;0;952,6;952,6;952;;22,7;20,4;22,8;22,2;21,3;20,4;94;87;87;47;6,5;2,7;
2026/01/28;0200 UTC;0;951,8;952,7;951,8;;22,1;20,5;22,8;22;20,6;20;91;86;91;335;4,1;1,3;
2026/01/28;0300 UTC;0;952,1;952,5;951,8;;21,5;19,6;22,4;21,5;20,5;19,6;91;87;89;22;4,1;,9;
2026/01/28;0400 UTC;0;952,2;952,3;952;;21;19,5;21,6;21;19,6;19,3;91;88;91;127;2,4;,2;
2026/01/28;0500 UTC;0;951,9;952,3;951,9;;21;19,9;21,2;20,8;20;19,4;94;91;93;28;1,2;0;
2026/01/28;0600 UTC;0;951,6;952;951,5;;21;19,6;21,2;21;19,9;19,6;93;92;92;304;,5;0;
2026/01/28;0700 UTC;0;951,5;951,6;951,5;;20,7;19,9;21;20,7;19,9;19,4;95;91;95;84;,6;0;
2026/01/28;0800 UTC;0;951,9;952,1;951,5;;21;20,3;21,1;20,6;20,3;19,8;96;95;96;216;1,1;,4;
2026/01/28;0900 UTC;0;952,5;952,5;951,9;;20,3;19,6;21,1;20,3;20,3;19,5;96;95;96;25;2;1,1;
2026/01/28;1000 UTC;0;953,3;953,4;952,5;146,1;21,1;20,3;21,1;20,3;20,3;19,6;96;95;95;241;1,8;0;
2026/01/28;1100 UTC;0;953,2;953,3;953,1;860,7;23,2;19,7;23,2;21,1;20,4;19,3;95;79;81;213;3;1,2;
2026/01/28;1200 UTC;0;953,3;953,3;953,1;2170,5;25,9;20,2;26;23,2;20,7;19,2;82;70;71;333;3;,5;
2026/01/28;1300 UTC;0;953,5;953,6;953,3;1831,9;26,1;19,7;26,6;25,4;20,5;19;72;65;68;355;2,2;,7;
2026/01/28;1400 UTC;0;953,1;953,5;953,1;2495,8;28;20,1;28,6;26,1;20,9;18,9;69;59;62;25;3,9;1,2;
2026/01/28;1500 UTC;,2;952,9;953,1;952,9;3775,4;29,6;20,1;30,1;27,7;21,2;18,5;65;51;57;61;5,9;2,4;
2026/01/28;1600 UTC;0;952,1;952,9;952,1;3520,2;30;20,1;31,1;29,1;21,5;19,6;61;54;55;39;5,7;2,3;
2026/01/28;1700 UTC;0;950,7;952,1;950,7;3991,9;31,1;19,7;31,5;29,6;21,7;19,4;59;49;51;357;4,9;1,8;
2026/01/28;1800 UTC;,8;951,7;952;950,6;869,5;21,1;19,3;31,7;21;21;17,2;90;50;90;116;13,5;,7;
2026/01/28;1900 UTC;,2;950,4;951,7;950,4;187,1;21,9;20,3;22,2;21;20,5;19,1;91;88;91;51;3,1;,1;
2026/01/28;2000 UTC;,8;949,4;950,5;949,4;394,4;22,1;20,9;22,1;21,6;20,9;19,8;93;89;93;94;3,5;1,8;
2026/01/28;2100 UTC;0;950,1;950,1;949,3;585,3;22,7;21;23,4;22,1;21,5;20,4;93;85;90;48;5,2;2,4;
2026/01/28;2200 UTC;0;950,6;950,6;950,1;123,9;22,3;21;22,8;22,3;21,3;20,8;92;90;92;81;5,2;1,4;
2026/01/28;2300 UTC;0;951,2;951,2;950,5;;22;21,2;22,5;21,9;21,3;21;95;92;95;67;3,3;,6;
2026/01/29;0000 UTC;0;952,4;952,4;951,2;;22,1;21,3;22,2;21,9;21,4;21,1;96;95;95;65;2,4;1,2;
2026/01/29;0100 UTC;0;952,8;952,9;952,4;;21,6;20,3;22,1;21,6;21,3;20,3;95;92;93;66;3,2;1,1;
2026/01/29;0200 UTC;0;953,1;953,2;952,8;;21,5;20,3;21,7;21,5;20,7;20,3;95;92;93;81;3,1;,7;
2026/01/29;0300 UTC;0;953,3;953,5;953;;21,4;20,3;21,5;21,1;20,7;20;95;93;93;340;5,4;1,6;
2026/01/29;0400 UTC;0;952,6;953,3;952,6;;21,6;20,3;21,7;21,4;20,4;20,2;93;92;92;35;3,3;1,8;
2026/01/29;0500 UTC;0;951,9;952,6;951,9;;20,7;19,9;21,6;20,7;20,3;19,9;95;92;95;17;3,4;,9;
2026/01/29;0600 UTC;,2;951,9;951,9;951,7;;21;20,2;21,2;20,6;20,4;19,9;96;95;95;10;3,7;2,1;
2026/01/29;0700 UTC;0;951,5;952;951,5;;21;20,2;21,1;20,9;20,4;20,2;96;95;95;266;4,7;,6;
2026/01/29;0800 UTC;0;951,3;951,5;951,2;;21,2;20,1;21,3;20,8;20,3;20;95;93;93;356;2,9;1,2;
2026/01/29;0900 UTC;0;951,8;951,8;951,3;;21,2;19,7;21,6;21,1;20,1;19,6;93;90;91;343;2,7;1,7;
2026/01/29;1000 UTC;0;952,6;952,6;951,8;155,6;21,5;20,5;21,5;20,7;20,5;19,5;94;91;94;39;2,6;1;
2026/01/29;1100 UTC;0;952,8;952,8;952,5;675,8;22,2;20,8;22,4;21,5;21,1;20,3;94;90;91;35;4;2,4;
2026/01/29;1200 UTC;0;953,3;953,3;952,8;1125,1;23,8;20,8;24,2;22,2;21,7;20,6;92;83;83;41;4;2,3;
2026/01/29;1300 UTC;0;953,1;953,3;953;2231;25;20,2;25,9;23,8;21,6;20,1;85;73;75;49;4,7;2,3;
2026/01/29;1400 UTC;0;952,8;953,1;952,8;3337,2;27,1;20,6;27,7;25;21,9;20,2;78;67;68;22;4,9;1,9;
2026/01/29;1500 UTC;,2;952,3;952,8;952,3;3344,7;28,4;21,7;29;27;22,6;20,7;71;63;67;7;5,7;2,9;
2026/01/29;1600 UTC;0;951,5;952,3;951,5;3132,6;28,9;21,1;30,5;28,2;22,5;20,2;68;57;63;2;6,8;3,7;
2026/01/29;1700 UTC;0;950,2;951,5;950,2;3543,6;30,6;20,5;30,9;28,9;22,3;19,7;64;54;55;328;7;3,6;
2026/01/29;1800 UTC;0;949,3;950,2;949,3;2545,7;29,7;20,3;31,4;29,3;21,5;19,3;59;51;57;320;7;3;
2026/01/29;1900 UTC;0;948;949,3;948;1114;28,2;20,6;29,9;27,9;20,8;19,2;63;56;63;330;8,6;2,1;
2026/01/29;2000 UTC;0;947,7;948;947,6;539,8;28,5;21,4;28,5;27,8;21,8;20,5;69;63;66;315;4;1,8;
2026/01/29;2100 UTC;0;947,8;947,8;947,4;927,7;27,8;21,3;29,2;27,8;21,8;20,3;68;60;68;329;5,1;3;
2026/01/29;2200 UTC;0;948,2;948,2;947,8;116,2;26,1;21,6;27,8;26,1;21,7;21,3;77;68;77;299;4,8;1,7;
2026/01/29;2300 UTC;0;948,5;948,5;948,2;;25,1;20,4;26,1;25;21,6;20,4;77;71;75;271;5,5;1,6;
2026/01/30;0000 UTC;0;949,2;949,2;948,5;;24,2;20,3;25,1;24,2;20,4;20;79;74;79;128;3;0;
2026/01/30;0100 UTC;0;949,8;949,8;949,1;;23,9;20,3;24,2;23,6;20,6;20,1;83;78;80;288;1,2;,1;
2026/01/30;0200 UTC;0;950,2;950,2;949,8;;23,5;21;23,9;23,2;21,3;20,1;89;79;86;7;1,7;0;
2026/01/30;0300 UTC;0;950,3;950,4;950,2;;24;20,5;24;23,4;21,2;20,4;88;81;81;233;1,7;,9;
2026/01/30;0400 UTC;0;949,4;950,3;949,4;;23,2;21,1;24,1;23,2;21,1;20,3;88;80;88;69;1,7;,8;
2026/01/30;0500 UTC;0;948,5;949,4;948,5;;22,9;21,6;23,2;22,9;21,8;21,1;93;88;92;283;1,4;,2;
2026/01/30;0600 UTC;0;948,1;948,5;948,1;;23;20,8;23,3;22,8;21,6;20,8;92;87;88;250;4,2;1,7;
2026/01/30;0700 UTC;0;947,9;948,1;947,8;;22,4;20,8;23;22,4;20,9;20,8;91;88;91;219;2,9;,5;
2026/01/30;0800 UTC;0;948,3;948,3;947,9;;22,2;21;22,4;22;21,1;20,8;94;91;93;268;2,7;1,3;
2026/01/30;0900 UTC;0;948,6;948,6;948,2;;22;21,2;22,2;22;21,3;21;95;93;95;22;2,7;1,1;
2026/01/30;1000 UTC;0;949,1;949,1;948,6;159,3;22,5;21,2;22,5;22;21,3;21;95;92;92;354;3,7;1,8;
2026/01/30;1100 UTC;0;949,8;949,8;949,1;567,9;23,3;21;23,6;22,5;21,4;20,8;92;86;87;10;4,3;2,1;
2026/01/30;1200 UTC;0;950,4;950,4;949,8;545,2;23,2;20,9;23,3;23;21,3;20,7;89;87;87;357;6,1;3,4;
2026/01/30;1300 UTC;0;949,9;950,4;949,9;1099,3;24,8;21,1;24,9;23,2;21,5;20,5;89;80;80;327;6,3;3,8;
2026/01/30;1400 UTC;0;949,7;950;949,7;2002;25,8;21,6;26,9;24,8;22,3;20,8;81;71;77;285;6,3;1,7;
2026/01/30;1500 UTC;1,6;948,9;949,7;948,9;1809,4;26,5;23,2;27,5;23,5;23,7;20,5;91;69;82;282;10;2,6;
2026/01/30;1600 UTC;0;948,4;948,9;948,4;2122,1;26;21,6;27,8;26;23,9;21,2;84;70;77;310;7,4;4,2;
2026/01/30;1700 UTC;0;947,3;948,4;947,3;1896,6;26;21,5;27,3;25,4;22,7;21;79;73;76;2;8,2;4,2;
2026/01/30;1800 UTC;5,8;946,5;947,3;946,5;736;24,8;22,7;26,7;24,3;23,2;21,4;90;76;88;316;7;2,3;
2026/01/30;1900 UTC;0;945,3;946,4;945,2;2228,8;25,9;22,1;28,3;24,8;24,5;21,9;89;73;79;19;7,2;2,3;
2026/01/30;2000 UTC;1,8;945,3;945,7;945,1;1247,5;26;22,3;26,2;23,3;23,4;21,1;91;80;80;352;10,8;4;
2026/01/30;2100 UTC;0;945,6;945,6;945;1082,2;26,1;21,9;26,4;25,6;22,8;21,9;83;77;78;354;7,2;4,1;
2026/01/30;2200 UTC;0;945,9;946,1;945,6;185,5;24,2;21,8;26;24,2;22,4;21,5;87;78;87;22;8,1;3;
2026/01/30;2300 UTC;1,6;946;947,2;945,9;;23,1;21,5;24,4;23,1;22;21,5;92;86;91;12;8,3;3,3;
2026/01/31;0000 UTC;3,8;948,8;948,9;945,9;;20,7;19,6;23,1;20,7;21,4;19,6;94;90;94;304;9,8;5,2;
2026/01/31;0100 UTC;1,8;949;949;948,3;;20;18,6;20,7;19,7;19,5;17,7;94;84;91;1;9,8;1,1;
2026/01/31;0200 UTC;1,6;948,9;949;948,2;;21;19,9;21;19,7;19,9;18,5;94;91;93;28;4,8;,6;
2026/01/31;0300 UTC;0;948,1;949;948,1;;21,5;20,3;21,5;20,9;20,3;19,8;94;93;93;346;5,6;2,8;
2026/01/31;0400 UTC;0;947,8;948,1;947,6;;21,4;20,3;21,5;21,3;20,4;20,1;94;93;94;321;6;1,8;
2026/01/31;0500 UTC;0;947;947,9;947;;21,3;20,1;21,7;21,3;20,6;20,1;94;93;93;323;6,9;,6;
2026/01/31;0600 UTC;0;946,3;947,1;946,2;;20,7;19,9;21,5;20,7;20,3;19,9;95;93;95;98;3;,2;
2026/01/31;0700 UTC;0;945,9;946,3;945,8;;20,1;19,5;20,7;20,1;20;19,5;97;95;97;14;2;,5;
2026/01/31;0800 UTC;0;946,6;946,7;945,9;;21,1;20,4;21,1;20;20,5;19,5;97;96;96;309;5;1,7;
2026/01/31;0900 UTC;0;947;947;946,6;;20,8;19,6;21,3;20,8;20,5;19,5;96;92;93;341;5,6;3,7;
2026/01/31;1000 UTC;0;947,4;947,5;947;186,5;21,4;19,9;21,4;20,6;19,9;19,4;93;91;91;356;5,5;2,4;
2026/01/31;1100 UTC;,2;948,1;948,1;947,4;713,5;23;21,1;23;21,4;21,3;19,9;93;88;89;346;5,8;3,6;
2026/01/31;1200 UTC;0;948,4;948,5;948;1606,2;25;21,3;25;23;21,7;20,8;89;80;80;331;7,9;4,4;
2026/01/31;1300 UTC;0;948,5;948,5;948,2;2670,2;27,4;22,9;27,4;24,9;22,9;21,1;81;73;76;338;7,2;3,6;
2026/01/31;1400 UTC;0;948,5;948,8;948,5;2893,2;27,8;22,1;28,4;26,7;22,9;21,1;76;68;71;316;9;3,9;
2026/01/31;1500 UTC;0;948;948,5;948;3021,4;29,6;22;29,9;27,5;22,8;21,2;73;63;64;313;7;3,3;
2026/01/31;1600 UTC;0;947;948,1;947;3067,6;30,2;22,2;30,7;27;24;20,7;74;61;62;315;8,8;2,9;
2026/01/31;1700 UTC;0;945,9;947;945,8;3366,5;30,7;21,4;31;29,4;23,3;21;66;57;58;297;7,4;2,8;
2026/01/31;1800 UTC;0;945,3;945,9;944,7;2578,1;29,9;20,7;31,6;29,8;22,7;20,2;61;53;58;290;7,8;2,8;
2026/01/31;1900 UTC;0;944,6;945,3;944,6;775,3;24,5;20,7;30,6;24,5;22,6;20;80;57;80;345;15,2;6,8;
2026/01/31;2000 UTC;0;945,3;945,3;944,5;262,5;24;22;25,2;23,8;22;20,8;90;79;89;255;13,6;1,6;
2026/01/31;2100 UTC;0;944,9;945,4;944,9;75;23,7;21,9;24;23,7;22,2;21,9;91;88;90;242;3,8;1,1;
2026/01/31;2200 UTC;0;945,1;945,1;944,4;146,8;23,5;22,1;24,1;23,5;22,4;22;92;89;92;50;3,3;1,7;
2026/01/31;2300 UTC;0;946,2;946,2;945,1;;23,6;21,7;23,7;23,4;22,1;21,7;92;89;89;73;3;1,3;
