REGIAO:;NE
UF:;BA
ESTACAO:;AMARGOSA
CODIGO (WMO):;A434
LATITUDE:;-13,00944444
LONGITUDE:;-39,61694443
ALTITUDE:;397,8
DATA DE FUNDACAO:;11/07/08
Data;Hora UTC;PRECIPITAÇÃO TOTAL, HORÁRIO (mm);PRESSAO ATMOSFERICA AO NIVEL DA ESTACAO, HORARIA (mB);PRESSÃO ATMOSFERICA MAX.NA HORA ANT. (AUT) (mB);PRESSÃO ATMOSFERICA MIN. NA HORA ANT. (AUT) (mB);RADIACAO GLOBAL (Kj/m²);TEMPERATURA DO AR - BULBO SECO, HORARIA (°C);TEMPERATURA DO PONTO DE ORVALHO (°C);TEMPERATURA MÁXIMA NA HORA ANT. (AUT) (°C);TEMPERATURA MÍNIMA NA HORA ANT. (AUT) (°C);TEMPERATURA ORVALHO MAX. NA HORA ANT. (AUT) (°C);TEMPERATURA ORVALHO MIN. NA HORA ANT. (AUT) (°C);UMIDADE REL. MAX. NA HORA ANT. (AUT) (%);UMIDADE REL. MIN. NA HORA ANT. (AUT) (%);UMIDADE RELATIVA DO AR, HORARIA (%);VENTO, DIREÇÃO HORARIA (gr) (° (gr));VENTO, RAJADA MAXIMA (m/s);VENTO, VELOCIDADE HORARIA (m/s);
2026/01/01;0000 UTC;0;971,5;971,5;970,9;0;22,5;18,6;23,2;22,4;18,6;18,4;79;75;79;154;4,3;0;
2026/01/01;0100 UTC;0;971,8;971,8;971,5;0;22,5;19,2;22,5;22,5;19,2;18,6;82;79;82;135;0;0;
2026/01/01;0200 UTC;0;971,4;971,8;971,4;0;22,3;19,4;22,5;22,2;19,4;19,2;84;82;84;123;0;0;
2026/01/01;0300 UTC;0;970,8;971,4;970,8;0;21,8;19,2;22,3;21,8;19,4;19,2;85;84;85;138;0;0;
2026/01/01;0400 UTC;0;970,2;970,8;970,2;0;21,6;19,2;21,8;21,5;19,2;19,1;86;85;86;125;0;0;
2026/01/01;0500 UTC;0;969,8;970,2;969,8;0;21,4;19,2;21,6;21,3;19,2;19;87;86;87;128;0;0;
2026/01/01;0600 UTC;0;969,1;969,8;969,1;0;21,2;19,2;21,4;21,2;19,2;19,1;88;87;88;131;0;0;
2026/01/01;0700 UTC;0;968,9;969,2;968,9;0;21,2;19,2;21,4;21,2;19,3;19,2;88;88;88;125;0;0;
2026/01/01;0800 UTC;0;969,5;969,5;968,8;0;20,8;18,9;21,2;20,8;19,2;18,9;89;88;89;170;0;0;
2026/01/01;0900 UTC;0;969,9;969,9;969,5;48,5;21,4;19,5;21,4;20,8;19,5;19;89;89;89;112;0;0;
2026/01/01;1000 UTC;0;970,2;970,2;969,9;316,1;22,2;20,1;22,3;21,4;20,3;19,5;89;88;88;77;0;0;
2026/01/01;1100 UTC;0;970,3;970,3;970,2;702,1;23,7;21;23,7;22,2;21;20,2;88;85;85;65;0;0;
2026/01/01;1200 UTC;0;970,6;970,6;970,3;923,6;24,6;21;25,1;23,6;21,8;20,7;85;80;80;66;0;0;
2026/01/01;1300 UTC;0;970,4;970,6;970,4;1811,7;26,2;21,5;26,8;24,5;22,3;20,7;81;75;75;118;0;0;
2026/01/01;1400 UTC;0;970,1;970,4;970,1;1268;26,1;20,5;27;26;22;20,5;75;71;71;30;3,6;,1;
2026/01/01;1500 UTC;0;969,4;970,1;969,4;2588,8;28,5;21,2;29;25,9;22;20,3;71;65;65;24;3,6;0;
2026/01/01;1600 UTC;0;968,4;969,4;968,4;2873,1;28,8;20,1;30;27,3;22,3;19,7;65;59;60;35;4,8;,4;
2026/01/01;1700 UTC;0;967,3;968,4;967,3;2903,6;30,4;19,9;30,5;28,7;21,2;19,5;60;53;54;72;5;,3;
2026/01/01;1800 UTC;0;966,3;967,3;966,3;2270,2;30,8;19;31,4;30,1;20,4;18;54;48;50;103;3,9;0;
2026/01/01;1900 UTC;0;965,7;966,3;965,7;2029,2;30,9;18,6;31,3;30,3;19,3;18;50;48;48;102;6,3;0;
2026/01/01;2000 UTC;0;966;966;965,7;978,2;28,1;18,9;30,9;28,1;18,9;17,7;57;47;57;121;7,8;4,4;
2026/01/01;2100 UTC;0;966,6;966,6;966;252,9;25,8;18,7;28,1;25,8;19,1;18,6;65;57;65;130;7,8;3,9;
2026/01/01;2200 UTC;0;967,2;967,2;966,6;2,8;24,1;18,3;25,8;24,1;18,6;18,3;70;65;70;123;7,6;1,5;
2026/01/01;2300 UTC;0;967,7;967,7;967,2;0;22,8;18,1;24,1;22,8;18,3;18,1;75;70;75;149;6,3;0;
2026/01/02;0000 UTC;0;968,3;968,3;967,7;0;22,1;18,2;22,8;22,1;18,2;18;79;75;79;162;4,1;0;
2026/01/02;0100 UTC;0;968,8;968,8;968,3;0;22,1;18,9;22,1;21,8;18,9;18,2;82;79;82;153;6,2;,7;
2026/01/02;0200 UTC;0;968,6;968,9;968,6;0;22;19,1;22,2;22;19,2;18,9;84;82;84;144;6,2;0;
2026/01/02;0300 UTC;0;968;968,6;968;0;21,5;18,9;22;21,5;19,1;18,8;85;84;85;146;3,3;0;
2026/01/02;0400 UTC;0;967,3;968;967,3;0;21,2;18,8;21,5;21,1;18,9;18,6;86;85;86;141;0;0;
2026/01/02;0500 UTC;0;967,2;967,4;967,2;0;20,8;18,6;21,2;20,8;18,9;18,6;87;86;87;159;0;0;
2026/01/02;0600 UTC;0;967,1;967,2;967;0;20,5;18,5;20,8;20,5;18,6;18,5;88;87;88;185;0;0;
2026/01/02;0700 UTC;0;967,2;967,2;967;0;20,7;18,7;20,7;20,4;18,7;18,4;89;88;89;198;0;0;
2026/01/02;0800 UTC;0;967,3;967,3;967,1;0;20,8;19;20,8;20,7;19;18,8;89;89;89;169;0;0;
2026/01/02;0900 UTC;0;967,9;967,9;967,3;70,9;21,1;19,3;21,1;20,6;19,3;18,8;89;89;89;169;0;0;
2026/01/02;1000 UTC;0;968,2;968,3;967,9;388;22,3;20,3;22,3;21,1;20,4;19,3;90;89;89;208;0;0;
2026/01/02;1100 UTC;0;968,5;968,5;968,2;1253,8;23,8;20,8;23,8;22,2;21,1;20,1;89;83;83;77;4,1;,2;
2026/01/02;1200 UTC;0;968,7;968,8;968,5;1328,6;24,4;20,8;25;23,8;21,8;20,2;84;81;81;348;4,3;0;
2026/01/02;1300 UTC;0;968,7;968,8;968,7;2042,6;26,3;21,7;27,2;24,3;22,9;20,6;81;76;76;172;0;0;
2026/01/02;1400 UTC;0;967,9;968,7;967,9;2785,7;27,7;21,6;28,3;26;22,6;21,2;76;69;69;74;0;0;
2026/01/02;1500 UTC;0;966,9;967,9;966,9;2813,6;29,8;21,9;30,4;27,5;22,8;21;70;63;63;268;4;0;
2026/01/02;1600 UTC;0;965,8;966,9;965,8;1998,1;30,6;21,2;30,6;28,8;21,6;20,1;63;57;57;325;4,1;0;
2026/01/02;1700 UTC;0;964,5;965,8;964,5;2080,5;30,5;20,3;32;29,5;21,9;19,3;58;54;55;59;6,3;0;
2026/01/02;1800 UTC;0;963,6;964,5;963,5;2867,6;31,7;19,9;32,4;30,5;20,8;19,4;55;50;50;70;6,9;1,2;
2026/01/02;1900 UTC;0;962,9;963,6;962,9;1234,2;31,1;19,8;32,3;30;20,5;18,5;51;49;51;98;7,7;,2;
2026/01/02;2000 UTC;0;962,8;963;962,8;1014,4;30,1;18,9;31,3;30,1;19,8;18,9;51;50;51;93;7;3,8;
2026/01/02;2100 UTC;0;963,6;963,6;962,7;264,9;26,8;18,9;30,1;26,8;19,1;18,7;62;51;62;110;8,1;3,9;
2026/01/02;2200 UTC;0;964,3;964,3;963,6;1,1;25;18,7;26,8;25;18,9;18,7;68;62;68;141;7;1,2;
2026/01/02;2300 UTC;0;965,4;965,4;964,4;0;24;18,6;25;24;18,7;18,5;72;68;72;160;5,9;0;
2026/01/03;0000 UTC;0;965,7;965,7;965,4;0;23,5;18,6;24;23,5;18,6;18,4;74;72;74;153;3,7;0;
2026/01/03;0100 UTC;0;966,2;966,3;965,7;0;22,6;18,3;23,5;22,6;18,6;18,2;77;74;77;162;2,5;0;
2026/01/03;0200 UTC;0;966,3;966,4;966,2;0;22,3;18,5;22,6;22,2;18,5;18,2;79;77;79;164;0;0;
2026/01/03;0300 UTC;0;965,7;966,3;965,7;0;21,7;18,4;22,3;21,7;18,6;18,4;81;79;81;179;0;0;
2026/01/03;0400 UTC;0;965,6;965,7;965,4;0;21,5;18,5;21,7;21,5;18,5;18,3;83;81;83;195;0;0;
2026/01/03;0500 UTC;0;965,8;965,8;965,4;0;21,2;18,6;21,5;21,1;18,6;18,4;85;83;85;171;0;0;
2026/01/03;0600 UTC;0;965,7;965,9;965,5;0;21;18,5;21,2;20,9;18,6;18,4;86;85;86;180;0;0;
2026/01/03;0700 UTC;0;965,7;965,7;965,5;0;20,4;18,1;21,2;20,4;18,8;18,1;87;86;87;197;0;0;
2026/01/03;0800 UTC;0;966,4;966,4;965,7;0;20,1;18;20,4;20,1;18,2;18;88;87;88;188;0;0;
2026/01/03;0900 UTC;0;967,5;967,5;966,4;93,8;20,5;18,6;20,5;20;18,6;18;89;88;89;225;0;0;
2026/01/03;1000 UTC;0;968,2;968,2;967,5;665,4;22,1;19,9;22,5;20,5;20,4;18,6;89;88;88;136;0;0;
2026/01/03;1100 UTC;0;968,1;968,2;968;1638;25,1;22,2;25,3;22,1;22,5;19,9;88;84;84;146;0;0;
2026/01/03;1200 UTC;0;968,4;968,4;968,1;2118,9;27,4;23,6;27,6;24,6;23,9;21,5;84;79;80;46;5,3;0;
2026/01/03;1300 UTC;0;968;968,4;968;1777,7;28;23,2;28,1;26,1;23,7;22,1;80;75;75;304;3,3;0;
2026/01/03;1400 UTC;0;967,1;968;967,1;2095,9;29,4;23;30,3;27,6;24,3;22,7;75;68;68;61;1;0;
2026/01/03;1500 UTC;0;966,3;967,1;966,3;2140,3;30,4;22;31,9;29,1;24;22;69;61;61;14;3,8;,1;
2026/01/03;1600 UTC;0;965,6;966,3;965,6;2482,8;31,2;20,7;32,8;30,2;22,9;20,7;61;53;54;34;6,2;0;
2026/01/03;1700 UTC;0;964,4;965,6;964,4;2141,1;32,9;20,4;33,3;31,2;21,8;19,5;54;48;48;360;4;0;
2026/01/03;1800 UTC;0;963,1;964,4;963,1;2477,4;33,1;18,9;34,1;32,7;20,7;18,6;48;43;43;87;6,5;,6;
2026/01/03;1900 UTC;0;963,1;963,1;963;1232,6;32,4;18,4;34,3;32,4;19,8;18,2;43;41;43;107;6,7;0;
2026/01/03;2000 UTC;0;964,5;964,6;962,9;1019,2;28,4;19,3;33,1;28,4;20,5;18,5;59;43;58;81;17,1;7,7;
2026/01/03;2100 UTC;,8;965;965,1;964,3;43,1;24,1;17,1;28,3;22,6;18,5;14,7;65;57;65;171;17,1;0;
2026/01/03;2200 UTC;0;966,5;966,5;965;1,9;24,4;19,2;25;24,1;19,2;17,1;73;64;73;135;7,5;2,1;
2026/01/03;2300 UTC;0;966,9;967,1;966,5;0;23,7;19,4;24,4;23,7;19,7;19,3;77;73;77;173;7,5;0;
2026/01/04;0000 UTC;0;967,7;967,7;966,9;0;23,3;19,8;23,7;23;19,8;19,3;80;77;80;147;3,7;0;
2026/01/04;0100 UTC;0;968,5;968,7;967,7;0;23,3;20,1;23,4;23,1;20,1;19,6;82;80;82;110;3,2;,2;
2026/01/04;0200 UTC;0;969;969;968,5;0;23,3;20,3;23,4;23,1;20,3;20;83;82;83;136;3,5;0;
2026/01/04;0300 UTC;,6;969,3;969,6;969;0;20,8;18;23,4;20,8;20,4;18;84;82;84;275;8;0;
2026/01/04;0400 UTC;2,2;967,9;969,3;967,8;,2;20,7;18,1;21,3;20,4;18,5;17,6;85;84;85;188;3,8;0;
2026/01/04;0500 UTC;,2;967,5;967,9;967,4;0;20,6;18,3;20,8;20,5;18,3;18,1;87;85;87;308;0;0;
2026/01/04;0600 UTC;0;966,9;967,5;966,9;0;20,3;18,2;20,6;20,2;18,4;18,1;88;87;88;266;0;0;
2026/01/04;0700 UTC;0;966,8;967;966,8;0;20,2;18,3;20,5;20,2;18,5;18,2;89;88;89;227;0;0;
2026/01/04;0800 UTC;0;967,4;967,4;966,7;0;20;18,3;20,3;19,9;18,4;18,1;90;89;90;216;0;0;
2026/01/04;0900 UTC;0;968,4;968,4;967,4;115;20,4;18,7;20,4;20;18,7;18,2;90;89;90;166;0;0;
2026/01/04;1000 UTC;0;968,9;968,9;968,4;639,4;22,3;20,5;22,4;20,4;20,6;18,7;90;89;90;177;0;0;
2026/01/04;1100 UTC;0;969,3;969,3;968,9;1672,4;25,3;23;25,3;22,3;23;20,5;90;87;87;164;0;0;
2026/01/04;1200 UTC;0;969,1;969,4;969,1;2547,1;26,6;23,3;27,4;24,7;24,3;22,1;87;82;82;101;1,1;0;
2026/01/04;1300 UTC;0;968,8;969,1;968,8;3224;28,8;24,2;28,9;26,3;24,4;22,8;82;76;76;79;2,3;,1;
2026/01/04;1400 UTC;0;968,2;968,8;968,2;3237,1;29,9;23,7;30,7;28,3;24,9;22,8;76;69;70;360;3,3;0;
2026/01/04;1500 UTC;0;967,7;968,2;967,7;3286,8;30,9;22,5;31,6;29,9;24,9;22,5;70;61;61;36;4,7;0;
2026/01/04;1600 UTC;0;966,9;967,8;966,9;3530,4;33,1;21,4;33,6;30,5;23,2;21,1;61;51;51;271;5,6;,9;
2026/01/04;1700 UTC;0;965,8;966,9;965,8;3045,7;33,6;18,9;33,9;31,8;21,8;18,5;50;42;42;287;5,7;0;
2026/01/04;1800 UTC;0;964,8;965,8;964,8;2822,6;33,4;19,1;34,1;32,2;20,3;17,8;46;41;43;115;7,4;1,1;
2026/01/04;1900 UTC;0;964,5;964,8;964,2;909,8;30,3;19,3;33,3;30,3;19,3;17,8;52;43;52;93;11,9;5,8;
2026/01/04;2000 UTC;0;965,4;965,4;964,5;304,9;27,3;20,3;30,3;27,3;20,3;19,1;66;52;66;124;11,5;3,4;
2026/01/04;2100 UTC;0;966,8;966,8;965,4;79,7;25,9;20,2;27,3;25,9;20,5;20,2;71;66;71;131;7,9;2,1;
2026/01/04;2200 UTC;0;967,1;967,1;966,6;1,2;24,7;19,6;25,9;24,7;20,2;19,6;74;71;74;152;7,8;,9;
2026/01/04;2300 UTC;0;967,7;967,8;967,1;0;24,2;19,5;24,7;24;19,7;19,3;75;74;75;169;5,5;0;
2026/01/05;0000 UTC;0;969;969;967,7;0;23,6;19,3;24,3;23,6;19,8;19,3;77;75;77;156;4,9;0;
2026/01/05;0100 UTC;0;969,9;969,9;969;0;22,9;19,2;23,6;22,9;19,4;19,1;80;77;80;164;2,5;0;
2026/01/05;0200 UTC;0;969,6;970;969,6;0;22,6;19,4;22,9;22,6;19,4;19,1;82;80;82;156;3,8;0;
2026/01/05;0300 UTC;0;969,2;969,6;969,2;0;22,3;19,4;22,6;22,3;19,4;19,3;84;82;84;153;2,7;0;
2026/01/05;0400 UTC;0;969,1;969,4;969,1;0;21,8;19,2;22,3;21,7;19,4;19,1;85;84;85;137;0;0;
2026/01/05;0500 UTC;0;968,9;969,2;968,9;0;21,7;19,1;21,9;21,6;19,3;18,9;85;85;85;125;0;0;
2026/01/05;0600 UTC;0;969,2;969,2;968,9;0;21,7;19,1;21,8;21,5;19,2;18,9;85;85;85;56;0;0;
2026/01/05;0700 UTC;0;969,3;969,3;969,1;0;21,8;19,2;21,8;21,7;19,2;19,1;86;85;86;73;0;0;
2026/01/05;0800 UTC;0;969,5;969,5;969,1;0;21,4;18,9;21,8;21,4;19,2;18,9;86;85;86;79;0;0;
2026/01/05;0900 UTC;0;970,2;970,2;969,5;99,5;21,6;19,3;21,6;21,2;19,3;18,8;87;86;86;141;0;0;
2026/01/05;1000 UTC;0;970,8;970,8;970,2;399,6;22,5;19,9;22,5;21,6;19,9;19,3;86;85;85;109;0;0;
2026/01/05;1100 UTC;0;970,5;970,8;970,5;914,8;24;20,7;24,3;22,5;21,3;20;85;82;82;81;3,1;,2;
2026/01/05;1200 UTC;0;970,2;970,5;970,2;2201,1;25,7;21;26,5;24;22,1;20,9;82;75;75;48;6,6;1,2;
2026/01/05;1300 UTC;0;970,1;970,3;970,1;2582,1;27,2;20,8;28,1;25,3;22,3;20,6;75;68;68;64;7,1;,5;
2026/01/05;1400 UTC;0;969,6;970,1;969,5;3377,4;29,7;21;29,8;27,1;22,3;20,4;68;60;60;75;6,9;1,1;
2026/01/05;1500 UTC;0;968,7;969,6;968,7;2659,4;29,7;18,9;31,1;28,8;21,2;18,7;60;52;52;57;6,9;0;
2026/01/05;1600 UTC;0;967,8;968,7;967,8;1677,4;30,2;18,7;30,4;29,4;19,5;18,2;53;50;50;59;5,4;,1;
2026/01/05;1700 UTC;0;966,5;967,8;966,5;2118,6;31,5;18,6;31,7;29,9;19,3;17,8;50;46;46;110;6,9;1;
2026/01/05;1800 UTC;0;965,9;966,6;965,9;1287,9;30;17,7;31,5;29,9;18,6;17,4;48;46;48;100;6,9;2;
2026/01/05;1900 UTC;0;965,7;965,9;965,6;926,1;29,4;17,8;30,4;29,4;18,4;17,7;50;48;50;132;8,2;3,6;
2026/01/05;2000 UTC;0;966,2;966,2;965,7;513,9;27,7;19,3;29,5;27,6;19,3;17,9;60;50;60;111;9,4;5,1;
2026/01/05;2100 UTC;0;967,1;967,1;966,2;313;25,2;18,2;27,7;25,2;19,2;18,2;65;60;65;129;9,6;5,1;
2026/01/05;2200 UTC;0;968,5;968,5;967,1;4,3;23,8;18,2;25,2;23,8;18,2;18;71;65;71;143;7,9;1,8;
2026/01/05;2300 UTC;0;969,4;969,4;968,5;0;23;18,4;23,8;23;18,4;18,1;75;71;75;155;7,1;,4;
2026/01/06;0000 UTC;0;969,8;969,8;969,4;0;22,4;18,6;23;22,4;18,7;18,4;79;75;79;139;8;4,3;
2026/01/06;0100 UTC;0;970,7;970,7;969,8;0;22;18,8;22,4;22;18,8;18,6;82;79;82;153;8;,6;
2026/01/06;0200 UTC;0;970,7;970,8;970,5;0;22;19,2;22;21,9;19,3;18,8;84;82;84;129;5,1;0;
2026/01/06;0300 UTC;0;970,1;970,7;970,1;0;22,1;19,5;22,1;22;19,6;19,2;86;84;86;111;5,9;0;
2026/01/06;0400 UTC;0;969,3;970,2;969,3;0;21,9;19,7;22,1;21,9;19,7;19,5;87;86;87;106;0;0;
2026/01/06;0500 UTC;0;969;969,3;969;0;21,6;19,5;21,9;21,5;19,7;19,4;88;87;88;108;0;0;
2026/01/06;0600 UTC;0;969,2;969,2;969;0;21,7;19,7;21,7;21,6;19,8;19,5;89;88;89;120;5,2;0;
2026/01/06;0700 UTC;0;969,2;969,2;969,1;0;21,4;19,6;21,7;21,4;19,7;19,6;89;89;89;126;3,9;0;
2026/01/06;0800 UTC;0;970;970;969,2;0;21,5;19,8;21,5;21,4;19,8;19,6;90;89;90;124;2,1;0;
2026/01/06;0900 UTC;0;970,7;970,7;970;85,1;21,7;19,9;21,7;21,4;20;19,6;90;90;90;104;0;0;
2026/01/06;1000 UTC;0;971,4;971,4;970,7;337,9;22;20,2;22;21,7;20,2;19,9;90;89;89;105;0;0;
2026/01/06;1100 UTC;0;972,1;972,1;971,4;696,9;23,5;21,1;23,5;22;21,1;20,2;89;87;87;83;6,6;,8;
2026/01/06;1200 UTC;0;972,6;972,6;972,1;990,3;24,3;21,2;24,8;23,4;21,8;20,9;87;82;83;98;6,3;1,7;
2026/01/06;1300 UTC;0;972,4;972,6;972,4;1790,3;26,6;22,3;26,7;24,2;22,6;21;83;77;77;107;6,2;0;
2026/01/06;1400 UTC;0;971,7;972,4;971,7;2377,3;28,1;21,9;28,7;25,9;22,7;20,7;77;69;69;123;8;3,4;
2026/01/06;1500 UTC;0;971;971,7;971;3492,2;28,8;20,7;29,8;27,3;22,4;20,2;69;61;62;122;8,2;2,7;
2026/01/06;1600 UTC;0;970,3;971;970,3;3359,4;29,5;18,8;30,4;28,2;20,9;17,9;62;52;53;129;9;4,7;
2026/01/06;1700 UTC;0;969,7;970,4;969,7;3328,2;29,4;16,8;30,4;28,6;19,3;16,5;53;47;47;135;9,2;3,4;
2026/01/06;1800 UTC;0;969,1;969,7;969,1;2881,4;29,4;16,5;30,3;28,5;17,5;15,5;47;45;46;122;10,6;4,4;
2026/01/06;1900 UTC;0;969,1;969,2;969;1811;28,7;15,6;29,7;28;16,7;14,8;46;44;45;111;9,1;5,5;
2026/01/06;2000 UTC;0;969,4;969,4;969;1129,7;27,3;14,5;29;27,3;16;14,5;46;45;46;119;8,7;3,9;
2026/01/06;2100 UTC;0;970,1;970,1;969,4;239,6;25,1;14,4;27,3;25,1;14,5;14,1;51;46;51;101;8,5;2;
2026/01/06;2200 UTC;0;970,9;970,9;970,1;1,6;23,2;15,4;25,1;23,2;15,4;14,4;62;51;62;112;7,7;,5;
2026/01/06;2300 UTC;0;971,6;971,6;970,9;0;22;16,7;23,2;22;16,7;15,4;72;62;72;128;6,9;,5;
2026/01/07;0000 UTC;0;972,2;972,2;971,6;0;21,6;17,6;22;21,6;17,6;16,7;78;72;78;139;6,5;2,4;
2026/01/07;0100 UTC;0;972,6;972,6;972,2;0;21,3;18;21,6;21,3;18;17,6;81;78;81;152;6,1;0;
2026/01/07;0200 UTC;0;972,4;972,6;972,4;0;21,3;18,3;21,5;21,2;18,3;18;83;81;83;152;0;0;
2026/01/07;0300 UTC;0;971,8;972,4;971,8;0;20,9;18,2;21,3;20,9;18,4;18,2;85;83;85;141;0;0;
2026/01/07;0400 UTC;0;971,4;971,8;971,4;0;20,7;18,3;21;20,7;18,5;18,2;86;85;86;150;0;0;
2026/01/07;0500 UTC;0;971;971,4;971;0;20,3;18,1;20,8;20,3;18,4;18,1;87;86;87;150;0;0;
2026/01/07;0600 UTC;0;970,7;971,1;970,7;0;20,1;18,1;20,3;20,1;18,2;18;89;87;89;158;0;0;
2026/01/07;0700 UTC;0;970,7;970,8;970,6;0;19,8;18,1;20,1;19,8;18,1;18;89;89;89;151;0;0;
2026/01/07;0800 UTC;0;971,2;971,2;970,6;0;20,1;18,4;20,1;19,8;18,4;18,1;90;89;90;150;6,1;,8;
2026/01/07;0900 UTC;0;972;972;971,2;67;20,3;18,8;20,4;20,1;18,8;18,4;91;90;91;155;6,2;,2;
2026/01/07;1000 UTC;0;972,4;972,4;972;744,9;22,3;20,6;22,3;20,3;20,6;18,8;91;90;90;143;6,4;,3;
2026/01/07;1100 UTC;0;972,9;972,9;972,4;1696,2;24;21,1;24,4;21,9;22;19,9;90;84;84;113;7,7;4,5;
2026/01/07;1200 UTC;0;973;973;972,9;2437,1;25,4;21,4;25,7;23,2;22;20,3;85;78;78;124;7,7;2,7;
2026/01/07;1300 UTC;0;972,6;973;972,6;3309;27,8;22,2;28,4;25,3;23;20,7;79;72;72;104;8,2;4,4;
2026/01/07;1400 UTC;0;972,1;972,7;972,1;3144,2;27,6;21,2;28,7;25,7;22,4;20,2;74;67;68;117;8,5;2,3;
2026/01/07;1500 UTC;0;971,5;972,1;971,5;2742,2;28,2;20,1;29,6;27;22,3;19,9;68;61;61;131;9,3;2,4;
2026/01/07;1600 UTC;0;970,7;971,5;970,7;2521,7;29,1;19,4;30;27,7;21,2;19,1;62;56;56;97;9,4;5,6;
2026/01/07;1700 UTC;0;970,2;970,8;970,1;2567,6;29;18,7;30,1;27,8;20,5;18,3;57;54;54;94;10,4;5,7;
2026/01/07;1800 UTC;0;969,6;970,2;969,6;1312,3;28,4;19,2;30,1;27,7;20,2;18,2;58;54;57;104;10,4;4,1;
2026/01/07;1900 UTC;0;969,4;969,7;969,4;1741,5;28,5;18,8;29,5;27,6;20;18;58;55;56;121;9,5;4,7;
2026/01/07;2000 UTC;0;969,9;969,9;969,4;1102,3;26,3;19;28,5;25,9;19,6;17,7;64;56;64;138;9,7;3,6;
2026/01/07;2100 UTC;0;970,3;970,3;969,9;306;24;17,9;26,3;24;19;17,8;69;64;69;143;8,3;2,8;
2026/01/07;2200 UTC;0;970,7;970,7;970,2;4,2;22,9;18;24;22,9;18;17,8;74;69;74;157;6,8;,1;
2026/01/07;2300 UTC;0;971,2;971,2;970,7;0;22,3;18,3;23;22,3;18,6;18;78;74;78;135;8,5;5,2;
2026/01/08;0000 UTC;0;971,8;971,8;971,2;0;21,9;18,5;22,3;21,9;18,6;18,3;81;78;81;152;8,5;2,1;
2026/01/08;0100 UTC;0;972,1;972,1;971,8;0;21,4;18,4;21,9;21,4;18,6;18,4;83;81;83;157;7,6;1,8;
2026/01/08;0200 UTC;0;971,8;972,1;971,8;0;21;18,5;21,4;20,9;18,5;18,3;86;83;86;157;7,4;,8;
2026/01/08;0300 UTC;0;971,2;971,8;971,1;0;21;18,9;21,1;20,7;18,9;18,5;87;86;87;166;6,3;,3;
2026/01/08;0400 UTC;;;;;;;;;;;;;;;;;;
2026/01/08;0500 UTC;0;970,3;970,7;970,3;0;20,7;18,9;20,9;20,7;19;18,8;89;88;89;150;3,7;0;
2026/01/08;0600 UTC;0;970,1;970,3;970;0;20,3;18,6;20,7;20,2;18,9;18,6;90;89;90;175;0;0;
2026/01/08;0700 UTC;0;969,8;970,1;969,8;0;19,9;18,3;20,3;19,9;18,5;18,3;90;90;90;156;0;0;
2026/01/08;0800 UTC;0;970,5;970,5;969,8;0;20,4;18,8;20,4;19,9;18,8;18,3;91;90;91;147;2,6;0;
2026/01/08;0900 UTC;0;971,3;971,3;970,5;25,8;20,4;18,9;20,4;20,3;18,9;18,7;91;91;91;153;2,6;0;
2026/01/08;1000 UTC;1,4;971,9;971,9;971,3;296;20,5;19;20,6;20,2;19,2;18,7;92;91;91;126;5,7;0;
2026/01/08;1100 UTC;0;972,1;972,2;971,9;1261,7;22,1;20,4;22,4;20,4;20,9;19;92;90;90;150;2,4;0;
2026/01/08;1200 UTC;0;972,3;972,3;972,1;2073,5;23,7;21,7;24,1;21,9;22,1;20,3;91;88;89;169;5,7;,2;
2026/01/08;1300 UTC;0;972,4;972,4;972,3;1951,5;24,1;21,5;25,2;23,2;23;20,6;89;85;86;157;7,7;1,3;
2026/01/08;1400 UTC;0;971,9;972,4;971,9;3153,5;23,3;19,7;26,7;23,3;23,4;19,7;86;80;80;144;8,9;4,2;
2026/01/08;1500 UTC;,4;970,9;971,9;970,9;3177,8;26,9;22,4;27,5;22,9;23,5;19,6;84;77;77;115;8,9;1,4;
2026/01/08;1600 UTC;0;970,1;970,8;970;2711,1;29;22,9;29;26,6;23,1;21,7;77;69;70;140;8,9;4,3;
2026/01/08;1700 UTC;0;969,4;970,1;969,4;2690,9;28,7;20,7;30;27,7;22,6;20,6;70;62;62;110;10,1;5,1;
2026/01/08;1800 UTC;0;969,2;969,4;969,2;2282,2;27,5;19,5;29,6;27,2;21,9;19,2;64;61;62;127;9,7;4,8;
2026/01/08;1900 UTC;0;969,3;969,4;969,2;1613,9;26,8;18,7;28,7;26,6;20,4;18,3;62;59;61;133;8,7;3,9;
2026/01/08;2000 UTC;0;969,7;969,7;969,3;848,9;26,7;19,1;27,8;25,9;20;18,4;64;61;63;124;8,6;4,2;
2026/01/08;2100 UTC;0;970,4;970,4;969,7;336,6;25;18,1;26,7;25;19,1;18;66;63;66;117;8,7;4,7;
2026/01/08;2200 UTC;0;971,1;971,1;970,4;4;23,3;17,8;25;23,3;18,1;17,8;71;66;71;119;8,9;5,2;
2026/01/08;2300 UTC;0;971,5;971,5;971,1;0;22,2;18;23,3;22,2;18;17,8;77;71;77;126;8,5;1,3;
2026/01/09;0000 UTC;0;971,8;971,9;971,5;0;21,5;18;22,2;21,5;18,1;18;81;77;81;149;6,6;,4;
2026/01/09;0100 UTC;0;972,1;972,1;971,8;;21,3;18,4;21,5;21,2;18,4;18;84;81;84;147;0;0;
2026/01/09;0200 UTC;0;972;972,1;971,9;0;20,8;18,3;21,3;20,8;18,5;18,3;86;84;86;162;4,7;0;
2026/01/09;0300 UTC;0;971,5;972;971,5;0;20,9;18,7;20,9;20,7;18,7;18,3;87;86;87;144;5;,1;
2026/01/09;0400 UTC;0;971;971,5;971;0;20,9;19;21;20,8;19;18,7;89;87;89;155;5;0;
2026/01/09;0500 UTC;0;970,5;971;970,5;0;20,6;18,8;20,9;20,6;19;18,8;89;89;89;152;0;0;
2026/01/09;0600 UTC;0;970,4;970,4;970,3;0;20,2;18,5;20,6;20,2;18,8;18,5;90;89;90;184;0;0;
2026/01/09;0700 UTC;0;970,5;970,5;970,3;0;20,2;18,6;20,2;20,1;18,6;18,4;90;90;90;163;0;0;
2026/01/09;0800 UTC;0;970,9;970,9;970,5;0;19,9;18,3;20,2;19,8;18,6;18,3;91;90;91;214;0;0;
2026/01/09;0900 UTC;0;971,5;971,5;970,9;47;19,8;18,3;19,9;19,6;18,4;18,1;91;91;91;190;0;0;
2026/01/09;1000 UTC;0;971,9;971,9;971,5;925,4;22,2;20,4;22,3;19,8;20,8;18,3;92;90;90;174;0;0;
2026/01/09;1100 UTC;0;972,5;972,5;971,9;1241,1;23,4;21,1;23,4;21,9;21,3;20,1;90;87;87;154;4,1;,3;
2026/01/09;1200 UTC;0;972,7;972,7;972,4;1780,2;24,6;21,3;25,2;23,1;22,2;20,8;87;82;82;129;5,2;0;
2026/01/09;1300 UTC;0;972,7;972,9;972,7;1633,7;25,3;21,4;25,4;24,3;22,1;20,9;83;79;79;126;5,9;1,8;
2026/01/09;1400 UTC;0;972,5;972,8;972,5;2411;25,3;20,6;26,5;24,5;22,6;20,6;80;75;75;135;6,8;1,6;
2026/01/09;1500 UTC;0;971,9;972,5;971,9;2300,3;26,9;21,7;26,9;25,1;22;20,4;76;73;73;156;7,3;2,2;
2026/01/09;1600 UTC;0;970,7;971,9;970,7;2694,8;27,2;20,7;27,6;26,4;21,6;20,3;73;67;67;144;7;,2;
2026/01/09;1700 UTC;0;970,3;970,7;970,3;1884,9;26,5;19,7;27,5;25,8;21;19,1;68;66;66;147;7,4;2,3;
2026/01/09;1800 UTC;0;969,9;970,4;969,8;1702,3;26,2;19,5;26,9;25,3;20,1;18,5;67;65;67;155;9,2;1,9;
2026/01/09;1900 UTC;0;969,7;969,9;969,7;1298,7;25,2;18,9;26,3;25,2;19,5;18,7;68;66;68;146;7,5;1,9;
2026/01/09;2000 UTC;0;969,9;970,1;969,7;580,2;24,2;18,7;25,3;24;18,9;18,2;71;68;71;150;8,4;1,3;
2026/01/09;2100 UTC;0;970,4;970,4;969,9;140,7;23,4;18,4;24,3;23,4;18,7;18,4;74;71;74;153;6,8;,4;
2026/01/09;2200 UTC;0;970,9;970,9;970,4;2,1;22,2;18;23,4;22,2;18,4;17,9;77;74;77;159;7,1;1,3;
2026/01/09;2300 UTC;0;971,3;971,3;970,9;0;21,9;18,6;22,2;21,8;18,6;18;81;77;81;156;6,6;1,2;
2026/01/10;0000 UTC;0;971,8;971,8;971,3;0;21,5;18,7;21,9;21,5;18,8;18,6;84;81;84;147;6,5;1,5;
2026/01/10;0100 UTC;0;971,9;971,9;971,8;0;20,8;18,3;21,5;20,8;18,7;18,3;86;84;86;164;6,2;,6;
2026/01/10;0200 UTC;0;971,5;971,9;971,5;0;20,7;18,4;20,8;20,7;18,4;18,3;87;86;87;159;5,3;0;
2026/01/10;0300 UTC;0;970,7;971,5;970,7;0;20,4;18,3;20,7;20,4;18,4;18,2;88;87;88;154;6;0;
2026/01/10;0400 UTC;0;970,3;970,8;970,3;0;20,7;18,7;20,8;20,4;18,7;18,3;88;88;88;156;4,7;0;
2026/01/10;0500 UTC;0;969,9;970,3;969,9;0;20,7;18,7;20,8;20,7;18,8;18,7;88;88;88;155;4,5;0;
2026/01/10;0600 UTC;0;969,8;969,9;969,8;0;20,5;18,6;20,7;20,3;18,7;18,4;89;88;89;151;4,5;0;
2026/01/10;0700 UTC;0;970,1;970,1;969,8;0;20,2;18,4;20,5;20,2;18,6;18,4;89;89;89;156;0;0;
2026/01/10;0800 UTC;0;970,3;970,4;970,1;0;19,9;18,2;20,2;19,9;18,4;18,2;90;89;90;168;0;0;
2026/01/10;0900 UTC;0;970,9;970,9;970,3;55,2;20,1;18,4;20,1;19,9;18,4;18,2;90;90;90;191;0;0;
2026/01/10;1000 UTC;0;971,5;971,5;970,9;365,2;21;19,2;21,1;20,1;19,4;18,4;90;90;90;151;4,6;,2;
2026/01/10;1100 UTC;0;971,9;972;971,5;1452,1;22,1;19,8;22,8;21;20,6;19,2;90;87;87;153;5,6;0;
2026/01/10;1200 UTC;0;971,9;972;971,9;1493,4;23,7;20,8;24;22,1;21,6;19,8;87;84;84;149;6,1;0;
2026/01/10;1300 UTC;0;971,7;972;971,7;2679,3;25,7;21,6;26,1;23,4;22,4;20,5;84;77;78;126;7,6;3,7;
2026/01/10;1400 UTC;0;971,2;971,7;971,2;3649,7;27,5;21,6;28,4;25,2;23,2;20,7;78;70;70;121;8,9;3;
2026/01/10;1500 UTC;0;970,5;971,2;970,5;2865,2;27,6;20,9;28;26;21,8;20,1;72;67;67;87;11,7;3,5;
2026/01/10;1600 UTC;0;969,6;970,6;969,6;2888,5;29;21;29,1;26,2;21,2;20;70;62;62;153;11,7;2,4;
2026/01/10;1700 UTC;0;969,1;969,6;969,1;2166,7;27,4;18,2;29,8;27,2;21,2;18,2;62;57;57;133;9,6;2,8;
2026/01/10;1800 UTC;0;968,5;969;968,5;1994;29,3;17,7;29,9;27,3;20;16,7;58;49;50;106;8,9;3,8;
2026/01/10;1900 UTC;0;968,6;968,7;968,5;1912,1;28,4;16,6;29,6;27,3;17,9;15,6;50;48;49;107;9,8;5,1;
2026/01/10;2000 UTC;0;968,8;968,8;968,6;1208,5;26,6;16,5;28,4;26,3;16,7;15,9;54;49;54;126;10,1;6,1;
2026/01/10;2100 UTC;0;969,2;969,2;968,8;378,6;24,2;16,8;26,6;24,2;16,8;16;63;53;63;122;10,7;5,5;
2026/01/10;2200 UTC;0;969,7;969,7;969,1;9,4;23;17,2;24,2;23;17,2;16,8;70;63;70;111;10,6;4,6;
2026/01/10;2300 UTC;0;969,8;970;969,7;0;22,3;17,7;23;22,3;17,7;17,2;76;70;76;134;8,8;4,3;
2026/01/11;0000 UTC;0;970,2;970,3;969,8;0;21,6;18;22,3;21,6;18;17,8;80;76;80;142;8,8;3,4;
2026/01/11;0100 UTC;0;970,4;970,5;970,2;0;20,8;18;21,6;20,8;18;17,8;84;80;84;141;8;1,8;
2026/01/11;0200 UTC;0;970;970,5;970;0;20,6;18,2;20,8;20,6;18,2;18;86;84;86;161;5,9;,2;
2026/01/11;0300 UTC;0;969,6;970;969,6;0;20,7;18,6;20,7;20,5;18,6;18,2;88;86;88;151;4,8;0;
2026/01/11;0400 UTC;;;;;;;;;;;;;;;;;;
2026/01/11;0500 UTC;;;;;;;;;;;;;;;;;;
2026/01/11;0600 UTC;;;;;;;;;;;;;;;;;;
2026/01/11;0700 UTC;;;;;;;;;;;;;;;;;;
2026/01/11;0800 UTC;;;;;;;;;;;;;;;;;;
2026/01/11;0900 UTC;;;;;;;;;;;;;;;;;;
2026/01/11;1000 UTC;0;971,1;971,1;970,3;980,4;21,9;20,3;22,1;20,3;20,5;18,8;92;90;90;162;0;0;
2026/01/11;1100 UTC;0;971,8;971,8;971,1;1443,7;24,5;22,2;24,6;21,9;22,5;20,1;90;87;87;113;0;0;
2026/01/11;1200 UTC;0;971,8;971,8;971,7;2557,9;26,4;23,2;26,4;23,8;23,2;21,4;87;82;83;68;3,6;,4;
2026/01/11;1300 UTC;0;971,2;971,8;971,2;2565,4;26,2;21,7;27,6;25,5;23,7;21,6;83;76;76;15;5,1;,1;
2026/01/11;1400 UTC;0;970,8;971,2;970,8;2475;27,6;21,9;28,8;26,2;23,2;21,1;77;71;71;156;4,8;,1;
2026/01/11;1500 UTC;0;970,2;970,8;970,2;2827,6;28,9;21;30;26,9;23,4;20,8;71;62;62;53;7,1;1,8;
2026/01/11;1600 UTC;0;970,3;970,5;970,1;2635,4;26,8;20,2;29,8;25,7;21,5;18,7;68;60;67;159;11,5;3,7;
2026/01/11;1700 UTC;0;969,6;970,4;969,6;3225,1;28;20,9;28,2;26,2;21,1;19,5;68;64;65;123;9,9;2,9;
2026/01/11;1800 UTC;0;969,1;969,7;969,1;2717,1;27;19,3;28,4;26,7;20,9;19,1;65;63;63;141;9,8;3,7;
2026/01/11;1900 UTC;0;968,9;969,2;968,9;1768,3;26,6;19,1;28,1;25,9;20,4;18,3;64;62;64;150;9,8;2,6;
2026/01/11;2000 UTC;0;968,8;968,9;968,6;774,9;24,8;18,2;27,1;24,8;19,4;18;67;62;67;140;10,1;4,9;
2026/01/11;2100 UTC;;;;;;;;;;;;;;;;;;
2026/01/11;2200 UTC;0;969,2;969,4;968,9;24,2;23,1;18,5;23,8;23,1;19;18,5;75;73;75;117;8,2;5;
2026/01/11;2300 UTC;0;969,9;969,9;969,1;0;22,5;18,7;23,1;22,5;18,7;18,5;79;75;79;123;8,2;1,2;
2026/01/12;0000 UTC;0;970,3;970,3;969,9;0;22,3;19;22,6;22,3;19;18,7;81;79;81;122;8;2,2;
2026/01/12;0100 UTC;0;970,6;970,6;970,2;0;22,1;19,2;22,4;22,1;19,3;19;83;82;83;117;8;1,5;
2026/01/12;0200 UTC;0;970,5;970,8;970,4;0;21,8;19,1;22,2;21,7;19,4;19,1;85;83;85;121;6;0;
2026/01/12;0300 UTC;0;969,9;970,5;969,9;0;21,4;19,2;21,8;21,4;19,2;19,1;87;85;87;135;4,6;,4;
2026/01/12;0400 UTC;0;969,7;970;969,7;0;21,3;19,2;21,5;21,3;19,3;19,2;88;87;88;122;4,6;0;
2026/01/12;0500 UTC;0;969,3;969,8;969,3;0;21,3;19,4;21,4;21,3;19,5;19,2;89;88;89;110;5,8;,1;
2026/01/12;0600 UTC;0;969,7;969,7;969,3;0;21,2;19,4;21,3;21,1;19,5;19,3;89;89;89;120;4,3;0;
2026/01/12;0700 UTC;0;970;970;969,7;0;20,9;19,2;21,2;20,8;19,4;19,1;90;89;90;114;0;0;
2026/01/12;0800 UTC;0;970,4;970,4;970;0;20,7;19,2;21;20,7;19,3;19,1;91;90;91;130;0;0;
2026/01/12;0900 UTC;0;971,1;971,1;970,4;55,4;21,3;19,8;21,4;20,7;19,8;19,1;91;91;91;123;0;0;
2026/01/12;1000 UTC;0;971,7;971,7;971,1;413,6;22;20,4;22,1;21,3;20,5;19,9;91;90;90;119;2,7;0;
2026/01/12;1100 UTC;0;972,1;972,2;971,7;618,5;22,6;20,7;22,8;21,9;21;20,3;90;89;89;66;4,6;,2;
2026/01/12;1200 UTC;0;972,2;972,3;972,1;2124;25,2;22,1;26,1;22,5;23,7;20,6;89;83;83;75;6;,9;
2026/01/12;1300 UTC;0;972,1;972,3;972,1;2314,7;26,4;22,2;26,8;25,1;23;22;84;77;78;109;7,7;1,9;
2026/01/12;1400 UTC;0;971,8;972,1;971,8;2023,4;27,9;22,7;27,9;26,2;22,7;21,3;78;73;74;90;6,9;1;
2026/01/12;1500 UTC;0;971,3;971,8;971,3;2631,9;29,4;22,4;29,4;27,4;22,8;21;73;66;66;79;7,4;1,9;
2026/01/12;1600 UTC;0;970,6;971,3;970,6;2734,7;28,9;20,7;29,8;27,7;22,4;20,1;66;61;61;118;8,4;3,3;
2026/01/12;1700 UTC;0;970,1;970,7;970,1;2182,3;29;19,7;29,7;28,1;20,8;19,2;61;57;57;117;8,6;4;
2026/01/12;1800 UTC;0;969,5;970,1;969,5;1433;27,8;18,8;29,1;27,5;19,7;18,5;58;57;58;113;8,6;4,7;
2026/01/12;1900 UTC;0;969,5;969,5;969,4;1019,2;26,6;18;27,9;26,4;19,1;17,7;59;58;59;121;8,6;4,5;
2026/01/12;2000 UTC;0;969,7;969,8;969,4;718,3;25,6;17,1;27;25,6;18,3;17,1;59;58;59;124;8,5;5,2;
2026/01/12;2100 UTC;0;970;970;969,6;200,8;24,1;16,9;25,6;24,1;17,1;16,8;64;59;64;126;8,9;4,6;
2026/01/12;2200 UTC;0;970,5;970,5;970;2,7;22,9;17,2;24,1;22,9;17,3;16,8;70;64;70;134;7,6;2,4;
2026/01/12;2300 UTC;0;970,8;970,9;970,5;0;22,3;18,1;22,9;22,3;18,1;17,3;77;70;77;145;6,7;,9;
2026/01/13;0000 UTC;0;971,5;971,5;970,8;0;22,1;18,7;22,3;22,1;18,7;18,1;81;77;81;148;5,8;,8;
2026/01/13;0100 UTC;0;971,8;971,9;971,4;0;22,1;19,1;22,1;22;19,1;18,7;83;81;83;149;5,8;0;
2026/01/13;0200 UTC;0;971,5;971,9;971,5;0;21,8;19,2;22,1;21,8;19,3;19,1;85;83;85;140;0;0;
2026/01/13;0300 UTC;0;971;971,5;971;0;21,4;19,1;21,8;21,4;19,3;19,1;87;85;87;121;4,3;0;
2026/01/13;0400 UTC;0;970,4;971;970,3;0;21,2;19,1;21,4;21,2;19,2;19;88;87;88;118;4,5;,5;
2026/01/13;0500 UTC;0;970,2;970,4;970,2;0;21;19,1;21,3;21;19,2;19;89;88;89;143;4,2;0;
2026/01/13;0600 UTC;0;970;970,3;970;0;21;19,3;21;20,8;19,3;19;90;89;90;125;0;0;
2026/01/13;0700 UTC;0;970;970,1;969,8;0;20,9;19,3;21;20,9;19,3;19,2;90;90;90;145;0;0;
2026/01/13;0800 UTC;0;970,5;970,5;970;0;20,9;19,3;21;20,9;19,4;19,2;90;90;90;118;0;0;
2026/01/13;0900 UTC;0;971,3;971,3;970,5;103,2;21,3;19,7;21,3;20,8;19,7;19,2;91;90;91;124;0;0;
2026/01/13;1000 UTC;0;971,9;971,9;971,3;547,3;22;20,3;22,1;21,2;20,4;19,5;91;90;90;110;0;0;
2026/01/13;1100 UTC;0;972,3;972,3;971,9;839,2;23,5;21,2;23,5;21,9;21,2;20,1;90;87;87;94;4,8;,3;
2026/01/13;1200 UTC;0;972,4;972,6;972,3;1888,1;26,9;23,4;26,9;23,1;23,4;20,6;87;81;82;112;5,6;,5;
2026/01/13;1300 UTC;0;972,3;972,5;972,3;2990,6;27,6;22,4;27,9;25,1;23,1;21;81;73;73;97;7,3;1,8;
2026/01/13;1400 UTC;0;971,8;972,3;971,8;3221,4;27,8;21,1;29,1;26,8;23,2;20,3;73;66;67;119;8,9;4;
2026/01/13;1500 UTC;0;971,3;971,8;971,2;2223,7;27,8;18,9;29;27,5;21,9;18,9;67;58;58;126;9,7;3,5;
2026/01/13;1600 UTC;0;970,7;971,3;970,7;1834,1;27,7;17,2;29,3;27,7;19,4;17,2;59;53;53;135;8,4;3,8;
2026/01/13;1700 UTC;0;970,3;970,7;970,3;1394,5;27;17,4;27,8;26,9;17,9;17,1;56;53;56;103;9,5;5,9;
2026/01/13;1800 UTC;0;969,8;970,4;969,8;1450,7;27;17,9;27,1;26,4;18;17;58;55;58;112;9,7;4;
2026/01/13;1900 UTC;0;969,6;969,8;969,6;1213,2;25,8;18;27,3;25,6;18,7;17,6;62;58;62;109;9;5,4;
2026/01/13;2000 UTC;0;970,1;970,1;969,6;416,1;24,3;17,7;25,7;24,3;18;17,5;66;62;66;108;9,9;6,1;
2026/01/13;2100 UTC;0;970,6;970,6;970,1;131,6;23,6;17,6;24,3;23,6;17,8;17,6;69;66;69;131;9,6;2,2;
2026/01/13;2200 UTC;0;970,9;970,9;970,5;3,3;22,6;17,6;23,6;22,6;17,6;17,4;73;69;73;117;8,1;2,2;
2026/01/13;2300 UTC;0;971,4;971,4;970,9;0;22;18;22,6;22;18;17,6;78;73;78;123;6,4;0;
2026/01/14;0000 UTC;0;972,1;972,1;971,4;0;21,7;18,4;22;21,6;18,4;18;82;78;82;145;3,8;0;
2026/01/14;0100 UTC;0;972;972,1;972;0;21,5;18,7;21,8;21,5;18,7;18,5;84;82;84;134;3,1;0;
2026/01/14;0200 UTC;0;971,8;972,1;971,8;0;21,1;18,6;21,5;21,1;18,7;18,5;85;84;85;168;4,2;0;
2026/01/14;0300 UTC;0;971,2;971,8;971,2;0;20,8;18,5;21,1;20,8;18,7;18,5;87;85;87;165;3,7;,2;
2026/01/14;0400 UTC;0;970,6;971,2;970,5;0;20,6;18,5;20,8;20,6;18,5;18,4;88;87;88;165;2,8;0;
2026/01/14;0500 UTC;0;970,3;970,6;970,2;0;20,6;18,6;20,7;20,5;18,6;18,5;88;88;88;163;0;0;
2026/01/14;0600 UTC;1,8;970,3;970,3;970,1;0;20,4;18,5;20,7;20,3;18,8;18,5;89;88;89;97;0;0;
2026/01/14;0700 UTC;,2;970,4;970,4;970,3;0;20,1;18,3;20,4;20,1;18,6;18,3;90;89;90;171;3,4;0;
2026/01/14;0800 UTC;0;970,7;970,8;970,4;0;19,9;18,3;20,1;19,8;18,3;18,2;90;90;90;163;0;0;
2026/01/14;0900 UTC;0;971,3;971,3;970,7;83,5;20,5;19;20,5;19,9;19;18,3;91;90;91;152;0;0;
2026/01/14;1000 UTC;0;971,6;971,6;971,3;673;21,9;20,1;22;20,5;20,2;19;91;90;90;152;0;0;
2026/01/14;1100 UTC;0;971,9;972;971,6;1008,4;22,7;20,6;22,8;21,8;20,9;19,9;90;88;88;123;5,2;0;
2026/01/14;1200 UTC;0;972,4;972,4;971,9;1231,1;22,4;19,7;24,7;22,4;22,3;19,7;88;84;85;115;8;3,2;
2026/01/14;1300 UTC;0;972,4;972,5;972,3;2453;25;21,5;25,4;21,8;22,1;19,2;86;81;81;139;8,1;3;
2026/01/14;1400 UTC;0;971,7;972,4;971,7;2326,2;26,4;22;26,9;24,6;22,7;21;82;77;77;137;9,6;4,9;
2026/01/14;1500 UTC;0;971,1;971,7;971,1;2950;26,1;21,4;27,3;25,1;22,6;20,6;78;74;75;158;8,7;3;
2026/01/14;1600 UTC;0;970,2;971,1;970,2;2493,4;27,8;20,6;29,4;25,5;23;20,6;76;65;65;124;9,5;5,8;
2026/01/14;1700 UTC;0;969,8;970,2;969,8;2383,8;27,9;19,5;29,5;27,6;21,5;19,2;66;60;61;103;10,2;5,3;
2026/01/14;1800 UTC;0;969,9;970;969,7;1471,2;25,2;18,5;27,9;25;19,4;18,1;67;60;67;147;11,4;3,8;
2026/01/14;1900 UTC;1;970,3;970,3;969,9;597,6;21,2;17,7;25,2;20,7;18,6;16,1;80;67;80;124;11,5;1,1;
2026/01/14;2000 UTC;,8;970,2;970,3;970;689,2;21,7;18,7;22,9;21,2;19,7;17,7;83;80;83;140;5,2;0;
2026/01/14;2100 UTC;0;970,7;970,7;970,1;136,8;21,4;18,7;21,8;21,4;19,2;18,5;85;83;84;104;6,7;,7;
2026/01/14;2200 UTC;0;971,2;971,3;970,7;3;21;18,5;21,4;21;18,8;18,5;86;84;86;118;8,6;0;
2026/01/14;2300 UTC;0;971,6;971,7;971,2;0;21;18,5;21;20,9;18,6;18,5;86;86;86;131;0;0;
2026/01/15;0000 UTC;0;971,6;971,7;971,6;0;20,6;18,3;21;20,6;18,6;18,3;87;86;87;171;0;0;
2026/01/15;0100 UTC;0;971,5;971,7;971,5;0;20,5;18,4;20,6;20,4;18,4;18,3;88;87;88;164;0;0;
2026/01/15;0200 UTC;0;971,1;971,5;971,1;0;20;18,1;20,5;20;18,5;18,1;89;88;89;172;3,9;0;
2026/01/15;0300 UTC;0;970,6;971,1;970,6;0;19,9;18;20,1;19,9;18,2;18;89;89;89;164;0;0;
2026/01/15;0400 UTC;0;970;970,6;970;0;19,6;17,8;19,9;19,6;18;17,7;89;89;89;179;0;0;
2026/01/15;0500 UTC;0;969,7;970;969,7;0;19,9;18,2;19,9;19,6;18,2;17,9;90;89;90;145;0;0;
2026/01/15;0600 UTC;0;969,5;969,8;969,5;0;19,5;17,9;19,9;19,5;18,3;17,9;90;90;90;180;0;0;
2026/01/15;0700 UTC;0;969,7;969,8;969,5;0;19,5;18;19,6;19,5;18;17,9;91;90;91;174;0;0;
2026/01/15;0800 UTC;0;970,2;970,2;969,7;0;19,5;18,1;19,6;19,5;18,1;18;91;91;91;183;0;0;
2026/01/15;0900 UTC;0;971;971;970,2;70,1;19,7;18,3;19,7;19,4;18,3;18;92;91;92;182;0;0;
2026/01/15;1000 UTC;0;971,6;971,6;971;784,3;22;20,5;22;19,7;20,5;18,3;92;91;91;167;0;0;
2026/01/15;1100 UTC;0;972;972;971,6;1329,1;22,6;20,5;22,9;21,6;21,1;20;91;88;88;142;4,3;,5;
2026/01/15;1200 UTC;0;972,4;972,4;972;1577,3;24,5;21,5;25,1;22,5;22,4;20,5;89;84;84;112;6,3;3,1;
2026/01/15;1300 UTC;0;972,6;972,7;972,4;2126,9;25,1;21,8;25,1;22,7;22;19,8;84;82;82;176;7,4;,5;
2026/01/15;1400 UTC;0;972,3;972,6;972,2;2193,8;22,1;18,5;26,4;22,1;22,3;18,4;82;77;80;129;11,2;6,8;
2026/01/15;1500 UTC;0;971,6;972,3;971,6;3525,1;26,3;21,4;27,1;22,1;22,7;18,6;83;75;75;153;11,2;1,9;
2026/01/15;1600 UTC;0;971,3;971,6;971,1;2786,3;24,1;19;26,7;24,1;21,7;19;75;72;73;121;10,1;5,6;
2026/01/15;1700 UTC;0;970,5;971,3;970,5;1624,5;25,7;19,8;26,5;23,6;21;18,7;75;70;70;133;10,1;5,4;
2026/01/15;1800 UTC;0;969,8;970,5;969,8;2146,8;26;18,6;27,6;25,7;20,3;18,6;70;64;64;132;9,9;4,7;
2026/01/15;1900 UTC;0;969,3;969,8;969,3;2202,7;27,5;20,1;27,5;25,8;20,4;18,5;66;64;64;177;9,3;,3;
2026/01/15;2000 UTC;0;969,4;969,4;969,3;1382,6;26,4;18;28;26,3;20,2;17,6;64;58;60;112;11,1;5;
2026/01/15;2100 UTC;0;970,1;970,1;969,4;291,4;24,3;17,3;26,5;24,3;18,2;17,3;65;60;65;125;11,1;4,9;
2026/01/15;2200 UTC;0;970,8;970,8;970,1;5,5;22,7;17;24,3;22,7;17,3;17;70;65;70;116;8,5;5,3;
2026/01/15;2300 UTC;0;971,4;971,4;970,8;0;21,8;17,2;22,7;21,8;17,2;16,9;76;70;76;119;9,9;2,4;
2026/01/16;0000 UTC;0;971,8;971,9;971,4;0;21,2;17,4;21,8;21,2;17,5;17,2;79;76;79;136;6,3;3,1;
2026/01/16;0100 UTC;0;971,8;971,9;971,8;0;20,8;17,7;21,2;20,8;17,8;17,5;82;79;82;155;6,1;0;
2026/01/16;0200 UTC;0;971,4;971,8;971,4;0;20,6;17,9;20,8;20,4;17,9;17,5;85;82;85;163;0;0;
2026/01/16;0300 UTC;0;970,8;971,4;970,7;0;20,3;17,9;20,6;20,2;17,9;17,7;86;85;86;167;0;0;
2026/01/16;0400 UTC;,2;970,3;970,8;970,3;0;20,1;18;20,5;19,9;18,2;17,7;88;86;88;147;5,5;,2;
2026/01/16;0500 UTC;0;969,9;970,3;969,9;0;19,7;17,7;20,1;19,6;18,1;17,6;89;88;89;178;4,5;0;
2026/01/16;0600 UTC;0;969,8;970,1;969,8;0;19,3;17,5;19,8;19,3;17,9;17,5;90;89;90;178;4,7;0;
2026/01/16;0700 UTC;0;969,8;969,9;969,7;0;19,2;17,4;19,4;19,1;17,6;17,4;90;89;90;191;0;0;
2026/01/16;0800 UTC;0;970,1;970,1;969,8;0;19,9;18,2;19,9;19,2;18,2;17,4;90;90;90;159;5,3;,2;
2026/01/16;0900 UTC;,6;970,4;970,4;970;63,6;19,5;17,9;19,9;19,3;18,2;17,7;91;90;91;165;5,3;0;
2026/01/16;1000 UTC;0;971,1;971,1;970,4;829,7;22;20,2;22;19,5;20,2;17,9;91;89;90;156;5,6;,6;
2026/01/16;1100 UTC;0;971,7;971,7;971,1;1133,4;21,8;19,7;22,4;21,7;20,4;19,6;90;87;88;149;6,6;1,7;
2026/01/16;1200 UTC;,2;972,2;972,3;971,7;965,4;21,9;19,6;22,8;21,8;20,5;19,5;88;86;87;119;6,3;1,1;
2026/01/16;1300 UTC;0;972,4;972,4;972,2;2004,2;21,8;19,5;23,7;21,4;21,5;18,9;88;85;87;137;6,7;3,4;
2026/01/16;1400 UTC;0;971,9;972,4;971,9;3057,4;25,8;22,6;25,8;21,7;22,8;19,5;88;82;82;159;6,5;0;
2026/01/16;1500 UTC;0;971,2;971,9;971,2;3632,8;26,8;22;27,3;24,5;22,9;21;82;75;75;143;8,4;4,1;
2026/01/16;1600 UTC;0;970,8;971,3;970,8;3578,7;25,5;20,7;26,9;24,9;22,2;20,4;78;74;75;161;10,3;4,5;
2026/01/16;1700 UTC;0;970,1;970,8;970,1;2107,6;25,6;20,5;26,3;24,1;21,1;19,1;75;73;74;122;9,6;4,8;
2026/01/16;1800 UTC;0;969,2;970,1;969,2;2348,3;26,7;21,1;26,7;24,8;21,1;19,3;74;71;71;169;9,3;3,1;
2026/01/16;1900 UTC;0;968,9;969,2;968,8;1910,1;26,3;19,9;26,8;25,1;20,9;18,8;71;67;68;139;9;3,9;
2026/01/16;2000 UTC;0;969,4;969,4;968,9;989,6;24,3;18,5;26,3;24,3;19,7;18,3;71;67;70;148;10,4;2,2;
2026/01/16;2100 UTC;0;969,8;969,8;969,4;354,9;22,7;17,8;24,3;22,7;18,7;17,8;74;70;74;151;9,2;2,8;
2026/01/16;2200 UTC;0;969,9;969,9;969,8;5,4;21,7;17,5;22,7;21,7;17,8;17,4;77;74;77;152;7,5;1,2;
2026/01/16;2300 UTC;0;970,2;970,2;969,9;0;21,3;17,9;21,7;21,3;18;17,6;81;77;81;144;6,7;,5;
2026/01/17;0000 UTC;0;970,4;970,4;970,1;0;20,9;18,1;21,3;20,9;18,1;17,9;84;81;84;146;5,9;,2;
2026/01/17;0100 UTC;0;970,6;970,7;970,4;0;20,8;18,3;21;20,8;18,4;18,1;86;84;86;149;5,2;,7;
2026/01/17;0200 UTC;0;970;970,6;970;0;20,6;18,3;20,9;20,6;18,4;18,3;87;86;87;162;4,2;0;
2026/01/17;0300 UTC;0;969,5;970;969,5;0;20,3;18,2;20,6;20,3;18,3;18,1;88;87;88;162;0;0;
2026/01/17;0400 UTC;0;968,9;969,5;968,9;0;20,3;18,5;20,3;20,2;18,5;18,2;89;88;89;164;0;0;
2026/01/17;0500 UTC;0;968,5;968,9;968,4;0;20,1;18,4;20,4;20,1;18,5;18,3;90;89;90;163;0;0;
2026/01/17;0600 UTC;0;968,8;968,9;968,5;0;20;18,4;20,1;20;18,4;18,3;90;90;90;173;0;0;
2026/01/17;0700 UTC;0;969;969;968,8;0;20;18,4;20,1;20;18,4;18,4;90;90;90;162;0;0;
2026/01/17;0800 UTC;0;969,5;969,5;968,9;0;20;18,4;20,1;20;18,5;18,3;90;90;90;176;0;0;
2026/01/17;0900 UTC;0;970,1;970,1;969,5;56,6;19,9;18,3;20;19,6;18,4;18;91;90;91;174;0;0;
2026/01/17;1000 UTC;0;970,6;970,6;970,1;830,7;22,2;20,3;22,2;19,9;20,3;18,4;91;89;89;160;0;0;
2026/01/17;1100 UTC;0;971;971;970,6;1385;24,3;21,7;24,4;21,9;21,7;19,7;89;85;85;138;5,5;1,2;
2026/01/17;1200 UTC;0;970,7;971,1;970,7;2183,6;24,7;20,7;25,5;23,2;21,9;20,1;85;79;79;139;6,8;1;
2026/01/17;1300 UTC;0;970,5;970,8;970,5;2710,8;26,3;21,1;26,9;24,4;22,1;20,2;79;73;73;130;8,4;1,5;
2026/01/17;1400 UTC;0;969,9;970,5;969,9;2944,5;27,2;21,2;27,8;25,5;22,1;19,8;74;69;70;78;7,8;4,3;
2026/01/17;1500 UTC;0;969,1;969,9;969,1;2677,7;27,1;19,7;29;26,3;21,9;19,7;70;64;64;100;7,8;3,9;
2026/01/17;1600 UTC;0;968,2;969,1;968,2;2455,8;28,7;20,9;28,8;27;21,1;19,4;64;62;63;85;8,9;4,8;
2026/01/17;1700 UTC;0;967,3;968,2;967,3;3018,8;27,5;18,8;29,6;27,5;21,7;18,8;63;58;59;76;8,4;3,7;
2026/01/17;1800 UTC;0;966,7;967,3;966,7;1321,9;28,4;20;28,4;26,8;20;18,4;61;59;60;96;8,4;3,9;
2026/01/17;1900 UTC;0;966,6;966,7;966,4;738,5;25,8;18,3;28,4;25,8;19,7;18;63;59;63;100;9,5;5,5;
2026/01/17;2000 UTC;0;966,8;966,9;966,5;699,2;25,2;18,6;26,4;25,1;19,1;18,2;67;63;67;89;10,2;5,2;
2026/01/17;2100 UTC;0;967,3;967,3;966,8;181,7;23,6;18,2;25,2;23,6;18,8;18;72;67;72;102;10,1;4,3;
2026/01/17;2200 UTC;0;967,8;967,8;967,3;4;22,7;18;23,6;22,7;18,3;18;75;72;75;113;8,4;3,7;
2026/01/17;2300 UTC;0;968,5;968,5;967,8;0;22,2;18,1;22,7;22,2;18,1;17,9;78;75;78;135;7,2;0;
2026/01/18;0000 UTC;0;969;969;968,5;0;21,5;18,2;22,2;21,5;18,5;18,1;82;78;82;114;6,3;2,3;
2026/01/18;0100 UTC;0;969,4;969,5;969;0;21,6;18,8;21,6;21,5;18,8;18,3;84;82;84;125;5,9;,3;
2026/01/18;0200 UTC;0;969,1;969,4;969,1;0;21,3;18,8;21,6;21,3;18,9;18,8;85;84;85;135;5,8;1,2;
2026/01/18;0300 UTC;0;968,6;969,1;968,6;0;21;18,7;21,4;21;18,9;18,6;87;85;87;159;5,4;0;
2026/01/18;0400 UTC;0;968,3;968,8;968,3;0;20,4;18,3;21;20,4;18,7;18,3;87;87;87;168;0;0;
2026/01/18;0500 UTC;0;968;968,3;968;0;20,3;18,2;20,5;20,3;18,4;18,2;88;87;88;176;0;0;
2026/01/18;0600 UTC;0;967,9;968;967,9;0;20;18,1;20,3;20;18,2;18;89;88;89;173;0;0;
2026/01/18;0700 UTC;0;968,3;968,3;967,9;0;20,4;18,6;20,4;20;18,6;18,1;89;89;89;89;0;0;
2026/01/18;0800 UTC;0;968,7;968,7;968,3;0;20,1;18,4;20,4;20;18,6;18,3;90;89;90;111;0;0;
2026/01/18;0900 UTC;0;969,1;969,1;968,7;31,5;19,9;18,4;20,1;19,9;18,5;18,3;91;90;91;213;0;0;
2026/01/18;1000 UTC;0;969,3;969,3;969,1;871;21,2;19,5;21,6;19,8;20;18,3;91;90;90;150;0;0;
2026/01/18;1100 UTC;0;969,6;969,6;969,3;1298,5;23,6;21,5;23,6;21,1;21,6;19,4;91;88;88;103;0;0;
2026/01/18;1200 UTC;0;969,7;969,8;969,6;2086,8;24,4;21,4;25,3;23;23;20,8;88;83;83;46;0;0;
2026/01/18;1300 UTC;0;969,5;969,7;969,5;1738;25,3;21,5;25,8;24,4;22,7;20,9;84;79;80;99;4,8;,2;
2026/01/18;1400 UTC;0;969;969,5;969;3536,2;28,1;22,9;28,6;25,3;23,7;21,4;80;73;74;84;4,8;0;
2026/01/18;1500 UTC;0;968,4;969;968,4;3318,2;27,6;21,1;29,5;27,3;23,7;21;74;67;68;326;6,3;,9;
2026/01/18;1600 UTC;4,4;967,6;968,4;967,6;1756,1;25,7;21,8;27,9;22,3;21,9;17,6;81;67;79;48;9,9;0;
2026/01/18;1700 UTC;0;967;967,6;966,9;3669,6;23,9;19,7;27,2;23,9;22,9;19,7;79;75;78;83;9,8;4,2;
2026/01/18;1800 UTC;0;966,1;967,1;965,8;1294,8;24,2;19,6;25;23,3;20,9;19,3;78;76;76;99;8;1,1;
2026/01/18;1900 UTC;0;966;966,3;966;207,4;23,9;19,5;24,4;23,9;19,7;19,4;76;74;76;88;4,4;0;
2026/01/18;2000 UTC;0;966,1;966,2;965,9;584,2;24,2;19,7;24,8;23,9;20,4;19,5;77;76;76;93;4,9;,6;
2026/01/18;2100 UTC;0;966;966,4;965,9;359,8;23,8;19,2;24,8;23,8;20,3;19,2;76;75;76;101;5,2;,8;
2026/01/18;2200 UTC;0;967,1;967,1;966;2,6;23,2;19,1;23,8;23,2;19,2;19,1;78;76;78;134;5,2;0;
2026/01/18;2300 UTC;0;967,9;967,9;967,1;0;22,6;19,3;23,2;22,6;19,3;19,1;82;78;82;131;0;0;
2026/01/19;0000 UTC;0;968,4;968,4;967,9;0;22,2;19,3;22,6;22,2;19,4;19,2;84;82;84;169;0;0;
2026/01/19;0100 UTC;0;968,9;968,9;968,4;0;22;19,4;22,2;22;19,5;19,3;86;84;86;150;0;0;
2026/01/19;0200 UTC;0;968,8;969;968,8;0;21,7;19,4;22;21,7;19,5;19,4;87;86;87;136;0;0;
2026/01/19;0300 UTC;0;968,4;968,8;968,4;0;21,3;19,2;21,7;21,3;19,4;19,2;88;87;88;171;0;0;
2026/01/19;0400 UTC;0;968,1;968,4;968;0;21;19;21,3;20,9;19,2;18,9;88;88;88;177;0;0;
2026/01/19;0500 UTC;0;967,5;968,1;967,4;0;20,9;18,9;21;20,8;19;18,9;89;88;89;191;0;0;
2026/01/19;0600 UTC;0;967,4;967,5;967,3;0;20,9;19;20,9;20,7;19;18,8;89;89;89;242;0;0;
2026/01/19;0700 UTC;0;967,3;967,5;967,3;0;20,8;19;20,9;20,7;19;18,8;89;89;89;237;0;0;
2026/01/19;0800 UTC;0;967,5;967,5;967,2;0;20,7;18,8;20,8;20,5;19;18,7;89;89;89;253;0;0;
2026/01/19;0900 UTC;0;968,4;968,4;967,5;37,3;20,4;18,7;20,7;20,3;18,9;18,5;90;89;90;185;0;0;
2026/01/19;1000 UTC;0;969,1;969,1;968,4;494,4;22;20,2;22;20,4;20,2;18,6;90;89;90;166;0;0;
2026/01/19;1100 UTC;0;969,2;969,3;969,1;1627,6;23,6;20,9;24,6;22;22,1;20,2;90;84;84;27;4,3;,4;
2026/01/19;1200 UTC;0;969,1;969,2;969,1;1984,2;25;20,9;26;23,3;22,1;20,5;85;78;78;24;9,5;4,2;
2026/01/19;1300 UTC;0;969,4;969,5;969,1;1649,2;25,7;20,5;26,1;24,7;21,7;20,4;78;73;73;52;11,5;,9;
2026/01/19;1400 UTC;0;969,1;969,4;969;991,2;26,4;20,7;26,5;25,2;20,9;20;74;71;71;26;7,2;,3;
2026/01/19;1500 UTC;0;968,2;969,1;968,2;1344;26,7;19,9;27;26,1;20,7;19,6;71;67;67;60;6;0;
2026/01/19;1600 UTC;0;967,3;968,2;967,3;1489,5;27,5;19,6;27,5;26,5;20,2;19,1;67;62;62;59;6,4;0;
2026/01/19;1700 UTC;0;965,9;967,3;965,9;2854,5;30;19,9;30,1;27,4;21;19,1;62;55;55;31;3,5;,1;
2026/01/19;1800 UTC;0;965,1;965,9;965,1;2263,6;30,8;19,3;30,9;28,6;20;17,5;55;50;50;144;6;,1;
2026/01/19;1900 UTC;0;965,5;965,5;965,1;1091,2;25,7;19;30,9;25,4;19,4;16,9;67;49;67;100;10;4,9;
2026/01/19;2000 UTC;0;965,6;965,7;965,4;841,7;25;19;26,1;24,8;19,7;18,8;70;67;70;113;8,3;4,1;
2026/01/19;2100 UTC;0;966;966;965,6;266,6;23,6;19;25;23,6;19;18,8;75;70;75;141;7,9;3,1;
2026/01/19;2200 UTC;0;967;967;966;2,3;23,3;19,5;23,6;23,2;19,5;18,9;79;75;79;151;6,8;1,2;
2026/01/19;2300 UTC;0;967;967,1;966,9;0;22,6;19,2;23,3;22,6;19,5;19,2;81;79;81;142;7,1;,9;
2026/01/20;0000 UTC;0;968;968;967;0;22,2;19,2;22,6;22,2;19,3;19,1;83;81;83;143;6;,4;
2026/01/20;0100 UTC;0;968,9;968,9;968,1;;22,2;19,4;22,2;22,1;19,4;19,2;84;83;84;109;6,2;,1;
2026/01/20;0200 UTC;0;969,7;969,8;968,9;0;22,5;19,7;22,5;22,1;19,7;19,4;85;84;84;1;3,8;0;
2026/01/20;0300 UTC;5,4;969,4;970;969,4;0;18,9;16,6;22,5;18,8;19,7;16,5;87;84;87;337;7,9;,2;
2026/01/20;0400 UTC;2,8;968,2;969,5;968,2;0;18,9;17;19;18,7;17,1;16,6;88;87;88;87;4;0;
2026/01/20;0500 UTC;1,2;967,4;968,3;967,4;0;18,9;17,1;19;18,7;17,1;16,7;89;88;89;194;0;0;
2026/01/20;0600 UTC;0;967,3;967,4;967,3;0;19,3;17,6;19,3;18,9;17,6;17,1;90;89;90;281;0;0;
2026/01/20;0700 UTC;,2;967,5;967,5;967,1;0;19,4;17,7;19,5;19,3;17,8;17,6;90;90;90;354;0;0;
2026/01/20;0800 UTC;0;967,9;967,9;967,4;0;19,4;17,8;19,5;19,3;18;17,7;91;90;91;201;0;0;
2026/01/20;0900 UTC;0;968,3;968,3;967,8;24,1;20;18,6;20;19,2;18,6;17,6;91;91;91;261;0;0;
2026/01/20;1000 UTC;0;968,7;968,8;968,3;532;22,2;20,6;22,2;20;20,6;18,6;91;91;91;273;0;0;
2026/01/20;1100 UTC;0;969;969;968,6;909,3;22,3;20,5;22,8;22;21,1;20,3;91;90;90;336;0;0;
2026/01/20;1200 UTC;0;969,2;969,4;969;1767,7;24;21,8;24,7;22,1;22,7;20,3;90;87;88;354;4,9;,6;
2026/01/20;1300 UTC;0;968,8;969,2;968,8;2566,6;26,5;23,4;26,7;23,7;23,8;21,4;88;83;83;43;6;,3;
2026/01/20;1400 UTC;0;968,7;968,9;968,6;2067,7;26,4;22,4;27,2;25,9;23,8;22,1;83;79;79;16;6,8;0;
2026/01/20;1500 UTC;0;967,9;968,7;967,9;3022;28;22,7;28,6;26,4;24,3;22,5;80;73;73;42;5,4;,2;
2026/01/20;1600 UTC;0;966,9;967,9;966,9;1754,2;27,8;21,6;29,3;27,8;23,7;21,6;74;69;69;77;4,1;,1;
2026/01/20;1700 UTC;3,6;966,2;966,9;966,2;644,6;23,1;19,1;27,8;23;21,6;18,2;78;69;78;258;7,6;1,7;
2026/01/20;1800 UTC;14,2;966,7;966,7;965,7;351,8;21,3;18,3;23,6;21,2;19,6;17,8;83;78;83;118;11,6;3,4;
2026/01/20;1900 UTC;39,6;966,9;967;966,5;38,1;20,1;18,3;21,3;19,8;18,4;17,9;89;83;89;156;9,3;2,9;
2026/01/20;2000 UTC;6,6;966,8;967,4;966,8;27,8;20,3;18,6;20,4;20,1;18,8;18,2;90;89;90;150;7,8;,3;
2026/01/20;2100 UTC;,2;967,5;967,5;966,8;25,6;20,2;18,6;20,3;20,1;18,7;18,5;91;90;91;180;4,2;0;
2026/01/20;2200 UTC;0;968,1;968,2;967,5;1,6;20,6;19,1;20,6;20,2;19,1;18,7;91;91;91;200;0;0;
2026/01/20;2300 UTC;0;968,9;968,9;968,1;2,3;21;19,6;21,1;20,6;19,6;19,1;91;91;91;188;0;0;
2026/01/21;0000 UTC;,8;969,5;969,5;968,9;,2;20,8;19,4;21,2;20,7;19,8;19,4;92;91;92;97;4,6;0;
2026/01/21;0100 UTC;20,2;970,2;970,2;969,5;,5;19,4;18;20,8;19,4;19,4;18;93;91;92;30;6,1;1,1;
2026/01/21;0200 UTC;3;970,2;970,4;970,2;,4;18,6;17,4;19,4;18,6;17,9;17,4;93;91;92;107;6,6;0;
2026/01/21;0300 UTC;4,4;969,4;970,3;969,4;,1;18,7;17,5;18,8;18,6;17,6;17,4;93;92;93;235;0;0;
2026/01/21;0400 UTC;1;968,8;969,4;968,8;0;19,1;17,9;19,1;18,6;18;17,5;93;93;93;208;0;0;
2026/01/21;0500 UTC;,2;968,1;968,8;968,1;0;19,2;18,1;19,3;19;18,2;17,9;93;93;93;183;0;0;
2026/01/21;0600 UTC;0;967,9;968,1;967,9;,4;19,7;18,6;19,7;19,2;18,6;18,1;93;93;93;225;0;0;
2026/01/21;0700 UTC;0;967,8;967,9;967,8;,1;19,7;18,6;19,8;19,6;18,8;18,5;94;93;94;82;0;0;
2026/01/21;0800 UTC;0;968;968;967,8;0;19,6;18,5;19,9;19,6;18,9;18,5;94;94;94;191;0;0;
2026/01/21;0900 UTC;0;968,5;968,6;968;43,9;19,6;18,6;19,6;19,4;18,6;18,4;94;94;94;166;0;0;
2026/01/21;1000 UTC;;;;;;;;;;;;;;;;;;
2026/01/21;1100 UTC;0;969,9;969,9;969,1;698,8;22,2;21;22,2;20,9;21;19,9;94;93;93;65;0;0;
2026/01/21;1200 UTC;0;969,9;970;969,8;1658,6;23,6;22,1;24,1;22,1;22,7;20,9;93;91;91;74;0;0;
2026/01/21;1300 UTC;0;970,1;970,1;969,9;1976,3;23,9;22,1;24,8;23,6;23,2;21,9;92;90;90;100;4;,1;
2026/01/21;1400 UTC;0;969,8;970,1;969,7;2496,8;24,3;22,2;25,6;23,9;23,7;22,1;90;88;88;104;7,2;3,5;
2026/01/21;1500 UTC;7,6;969,7;969,9;969,7;881,2;21,6;20,2;24,3;21,4;22,1;19,8;92;88;92;95;7,9;1,6;
2026/01/21;1600 UTC;5;968,8;969,7;968,8;1299,3;22,7;21,3;22,7;20,7;21,3;19,3;92;91;92;178;5,8;0;
2026/01/21;1700 UTC;0;967,5;968,8;967,5;2606,1;25,1;22,8;25,5;22,6;23,6;21,1;92;87;87;108;0;0;
2026/01/21;1800 UTC;0;967,3;967,5;967,1;1184,9;24,4;21,7;25,4;24;23,1;21,4;88;85;85;134;9,1;3,4;
2026/01/21;1900 UTC;0;966,8;967,3;966,8;884,6;24,2;21,4;24,5;24,2;21,8;21,3;85;84;84;128;7,2;3,6;
2026/01/21;2000 UTC;0;967;967;966,8;322,6;23,1;20,7;24,3;23,1;21,4;20,6;86;84;86;148;6,8;,4;
2026/01/21;2100 UTC;0;967,4;967,4;967;122,3;22,8;20,5;23,1;22,6;20,7;20,3;87;86;87;144;5;,5;
2026/01/21;2200 UTC;0;968,5;968,5;967,4;2,9;22,3;20;22,8;22,3;20,5;20;87;87;87;148;6,2;,2;
2026/01/21;2300 UTC;0;969,3;969,3;968,5;0;21,8;19,7;22,3;21,8;20;19,7;88;87;88;146;6,3;0;
2026/01/22;0000 UTC;0;970;970,1;969,3;0;21,6;19,6;21,8;21,6;19,7;19,6;89;88;89;138;6,1;0;
2026/01/22;0100 UTC;0;970,3;970,3;970;0;21,5;19,7;21,6;21,4;19,7;19,6;90;89;90;135;6,5;0;
2026/01/22;0200 UTC;0;969,9;970,3;969,9;0;21,5;19,9;21,5;21,4;19,9;19,7;91;90;91;122;5,5;0;
2026/01/22;0300 UTC;0;969,3;969,9;969,3;0;21,2;19,7;21,5;21,2;19,8;19,6;91;90;91;124;0;0;
2026/01/22;0400 UTC;0;969,1;969,3;969;0;20,9;19,5;21,2;20,9;19,7;19,4;92;91;92;137;0;0;
2026/01/22;0500 UTC;0;968,6;969,1;968,6;0;20,7;19,4;20,9;20,7;19,5;19,4;92;92;92;122;0;0;
2026/01/22;0600 UTC;0;968,4;968,6;968,3;0;20,8;19,5;20,8;20,7;19,5;19,4;92;92;92;110;0;0;
2026/01/22;0700 UTC;0;968,3;968,5;968,3;0;20,3;19,1;20,8;20,3;19,5;19,1;93;92;93;126;0;0;
2026/01/22;0800 UTC;0;968,9;968,9;968,3;0;20,2;19,1;20,3;20,2;19,1;19;93;93;93;133;0;0;
2026/01/22;0900 UTC;0;969,4;969,4;968,9;65,1;20,3;19,2;20,3;20,1;19,2;18,9;93;93;93;141;0;0;
2026/01/22;1000 UTC;0;970,1;970,1;969,4;381,1;21,1;20;21,1;20,2;20;19;93;93;93;141;0;0;
2026/01/22;1100 UTC;0;970,7;970,8;970,1;697,3;22;20,5;22,2;21,1;20,9;20;93;91;91;353;0;0;
2026/01/22;1200 UTC;0;970,8;970,8;970,7;1233,7;23,8;21,8;23,9;22;22;20,5;92;89;89;34;0;0;
2026/01/22;1300 UTC;0;970,5;970,8;970,5;2414,6;25,3;22,4;25,5;23,5;23,3;21,4;89;84;84;62;6,1;,6;
2026/01/22;1400 UTC;0;970;970,5;970;3236,2;26,7;23;26,8;25,3;23,5;21,9;85;80;80;73;6,2;1;
2026/01/22;1500 UTC;0;969,4;970,1;969,4;3792,7;27,9;22,6;28,2;26,5;24;22,3;80;73;73;111;6,7;2,1;
2026/01/22;1600 UTC;0;968,5;969,4;968,5;3636,8;28,8;22,3;29,5;27,2;23,3;21,3;73;68;68;97;7,1;2,3;
2026/01/22;1700 UTC;0;968;968,6;967,9;3085,7;28,5;20,8;29;27,5;22,4;20,1;68;63;63;135;6,7;1,3;
2026/01/22;1800 UTC;0;967,4;968;967,4;2429,5;28,4;19,4;29;27,7;21,2;19,1;63;58;58;105;6,5;1,3;
2026/01/22;1900 UTC;0;967,1;967,4;967,1;1429,9;27,4;17;28,4;27,4;19,3;17;59;53;53;134;8,2;3,7;
2026/01/22;2000 UTC;0;967,4;967,4;967,1;663,5;25,8;15,7;27,9;25,8;17,4;15,5;54;52;54;117;7,9;4,4;
2026/01/22;2100 UTC;0;967,9;967,9;967,4;208,8;23,7;16,6;25,8;23,7;16,6;15,6;64;54;64;109;8,4;3,5;
2026/01/22;2200 UTC;0;968,7;968,7;967,9;4,6;22,4;16,9;23,7;22,4;16,9;16,6;71;64;71;146;7;1,1;
2026/01/22;2300 UTC;0;969,3;969,3;968,7;0;21,8;17,3;22,4;21,7;17,3;16,8;76;71;76;153;5;,7;
2026/01/23;0000 UTC;0;969,8;969,8;969,3;0;21,6;17,9;21,9;21,6;17,9;17,3;79;76;79;141;5;,2;
2026/01/23;0100 UTC;0;970;970,1;969,8;0;21,3;18;21,6;21,3;18,1;17,9;82;79;82;159;4,9;0;
2026/01/23;0200 UTC;0;970,1;970,2;969,9;0;21,1;18,3;21,3;21,1;18,3;18;84;82;84;150;0;0;
2026/01/23;0300 UTC;0;969,4;970,1;969,4;0;20,8;18,3;21,2;20,8;18,5;18,2;86;84;86;130;0;0;
2026/01/23;0400 UTC;0;968,8;969,4;968,7;0;20,4;18,1;20,8;20,4;18,4;18,1;87;86;87;166;0;0;
2026/01/23;0500 UTC;0;968,5;968,8;968,3;0;20,5;18,5;20,5;20,3;18,5;18,1;88;87;88;147;0;0;
2026/01/23;0600 UTC;0;968,5;968,6;968,5;0;20,3;18,5;20,6;20,3;18,7;18,5;89;88;89;111;0;0;
2026/01/23;0700 UTC;0;968,8;968,8;968,5;0;20,3;18,6;20,4;20,2;18,7;18,5;90;89;90;151;0;0;
2026/01/23;0800 UTC;0;969,2;969,2;968,8;0;20,3;18,7;20,3;20,2;18,7;18,6;91;90;91;162;0;0;
2026/01/23;0900 UTC;0;969,8;969,8;969,2;75,1;20,2;18,8;20,3;20;18,8;18,5;91;91;91;173;0;0;
2026/01/23;1000 UTC;0;970,5;970,5;969,8;503,7;21,4;19,8;21,4;20,2;19,9;18,8;91;91;91;108;0;0;
2026/01/23;1100 UTC;0;971;971;970,5;1610,2;23,6;21,7;23,6;21,4;21,7;19,9;91;88;89;72;0;0;
2026/01/23;1200 UTC;0;971,2;971,3;971;2157,1;25;21,8;25,2;22,6;22,4;20,4;89;82;83;101;6;1,7;
2026/01/23;1300 UTC;0;971,1;971,4;971,1;2609,2;26,1;22,3;26,1;23,6;22,3;20,5;83;79;79;54;7,4;,4;
2026/01/23;1400 UTC;0;970,9;971,2;970,9;2771,5;26,3;20,9;27,7;25,2;22,9;20,9;79;72;72;91;7,4;1,5;
2026/01/23;1500 UTC;0;970,3;970,9;970,3;3642;28,2;21,4;28,8;26;22,7;20,8;73;66;67;61;7,4;2,4;
2026/01/23;1600 UTC;0;969,6;970,4;969,6;2819,3;28,3;19,8;28,8;27,3;21,5;19,3;67;60;60;116;6,7;,2;
2026/01/23;1700 UTC;0;969;969,6;969;2551;27,5;18,7;29,2;27,3;20,3;18,3;60;56;59;102;7,5;3,8;
2026/01/23;1800 UTC;0;968,4;969;968,3;2783,3;28,9;18,8;29,5;27,5;19,7;18,1;59;54;54;111;8,7;5;
2026/01/23;1900 UTC;0;968,2;968,4;968,2;1688,2;27,9;18,1;29,2;27;19,2;17;56;54;55;114;8,3;4,2;
2026/01/23;2000 UTC;0;968,5;968,5;968,2;1196;26,8;17;27,9;26,6;17,9;16,8;56;54;55;117;9;3,3;
2026/01/23;2100 UTC;0;968,8;968,8;968,4;356,3;24,9;15,2;26,8;24,9;16,7;15,2;55;54;55;113;8,1;4,1;
2026/01/23;2200 UTC;0;969,2;969,2;968,8;4,8;23,3;15,3;24,9;23,3;15,3;14,9;61;55;61;128;7,1;,5;
2026/01/23;2300 UTC;0;969,8;969,8;969,2;0;22,1;16;23,3;22,1;16;15,3;68;61;68;133;6,5;,9;
2026/01/24;0000 UTC;0;970,3;970,3;969,8;0;21,1;16,6;22,1;21,1;16,7;16;76;68;76;145;5,8;0;
2026/01/24;0100 UTC;0;970,9;970,9;970,3;0;20,6;16,9;21,1;20,6;16,9;16,6;79;76;79;166;3,7;0;
2026/01/24;0200 UTC;0;971;971,1;970,9;0;20,3;17;20,6;20,3;17,1;16,8;82;79;82;167;0;0;
2026/01/24;0300 UTC;0;970,6;971;970,6;0;20,1;17,3;20,3;20;17,3;17;84;82;84;167;1,1;0;
2026/01/24;0400 UTC;0;969,9;970,6;969,9;0;20,1;17,6;20,2;20,1;17,6;17,3;86;84;86;165;0;0;
2026/01/24;0500 UTC;0;970;970;969,9;0;20;17,8;20,1;19,9;17,8;17,6;87;86;87;166;0;0;
2026/01/24;0600 UTC;0;970;970,1;969,9;0;19,8;17,8;20;19,8;17,8;17,7;88;87;88;183;0;0;
2026/01/24;0700 UTC;0;970;970,1;970;0;20,1;18,2;20,1;19,8;18,2;17,8;89;88;89;163;0;0;
2026/01/24;0800 UTC;0;970,4;970,4;970;0;19,8;18,1;20,1;19,8;18,2;18;90;89;90;174;0;0;
2026/01/24;0900 UTC;0;971,1;971,1;970,4;68,6;19,9;18,2;20;19,8;18,3;18;90;90;90;113;0;0;
2026/01/24;1000 UTC;0;971,7;971,7;971,1;702,3;21,3;19,6;21,5;19,9;19,7;18,3;90;90;90;165;0;0;
2026/01/24;1100 UTC;0;972,1;972,1;971,7;1825,4;23,8;21,5;23,8;21,4;21,6;19,6;90;87;87;115;3,3;,2;
2026/01/24;1200 UTC;0;972,2;972,3;972,1;1847;25,3;22,1;25,4;22,7;22,4;20,4;87;82;82;95;3,3;0;
2026/01/24;1300 UTC;0;972;972,3;972;2388,6;25,9;21,7;26,1;24,7;22,3;20,9;83;78;78;96;5,5;1,5;
2026/01/24;1400 UTC;0;971,6;972;971,6;2989,9;27,3;21,8;27,9;25,3;22,9;20,8;78;72;72;88;7;,2;
2026/01/24;1500 UTC;0;971;971,6;971;2583,3;27,5;20,8;28,4;26,7;22,3;20,5;72;66;67;92;4,4;0;
2026/01/24;1600 UTC;0;970,2;971;970,2;2311,4;28,8;20,6;29,2;27,4;21,7;20;67;61;61;116;5,8;,3;
2026/01/24;1700 UTC;0;969,6;970,2;969,5;2389,5;27,7;19,3;29,4;27,5;20,9;18,8;61;58;60;99;7,2;3,3;
2026/01/24;1800 UTC;0;969,1;969,6;969;2264,3;28,6;19,6;28,8;27,5;20;18,4;61;57;58;110;7,6;2;
2026/01/24;1900 UTC;0;969;969,1;968,9;1743,9;27,7;18,2;29,5;27,6;20;17,9;58;55;56;118;7,9;2,7;
2026/01/24;2000 UTC;0;969,3;969,3;969;700,4;26,4;17,5;27,8;26,3;18,2;17,4;58;56;58;118;8,8;5,4;
2026/01/24;2100 UTC;0;969,8;969,8;969,3;460,5;24,5;17,2;26,4;24,5;17,6;17;64;58;64;114;8,9;5;
2026/01/24;2200 UTC;0;970,3;970,4;969,8;8,3;22,9;17,6;24,5;22,9;17,6;17,1;72;64;72;114;8,9;4,1;
2026/01/24;2300 UTC;0;971;971;970,3;0;22,2;18,1;22,9;22,2;18,1;17,6;78;72;78;127;8,5;4,4;
2026/01/25;0000 UTC;0;971,5;971,5;971;0;21,9;18,6;22,2;21,9;18,7;18,1;82;78;82;121;7,4;3,9;
2026/01/25;0100 UTC;0;972;972,1;971,5;0;21,5;18,8;21,9;21,5;18,8;18,6;84;82;84;135;7,3;1,2;
2026/01/25;0200 UTC;0;972,2;972,2;972;0;21,5;19;21,6;21,5;19,1;18,8;86;84;86;138;6,4;0;
2026/01/25;0300 UTC;0;972,1;972,2;972,1;0;21,4;19,1;21,5;21,3;19,1;18,9;87;86;87;139;5,4;0;
2026/01/25;0400 UTC;0;971,6;972,1;971,6;0;21,1;18,9;21,4;21,1;19,1;18,9;88;87;88;122;5,1;,3;
2026/01/25;0500 UTC;0;971,3;971,6;971,3;0;21;19,1;21,1;20,9;19,1;18,9;89;88;89;135;5,1;0;
2026/01/25;0600 UTC;0;971,1;971,3;971,1;0;20,7;18,9;21;20,7;19,1;18,9;90;89;90;154;0;0;
2026/01/25;0700 UTC;0;971,2;971,2;971;0;20,5;18,8;20,7;20,4;18,9;18,7;90;90;90;163;0;0;
2026/01/25;0800 UTC;0;971,7;971,7;971,2;0;20,5;18,9;20,5;20,4;18,9;18,7;91;90;91;166;0;0;
2026/01/25;0900 UTC;0;971,9;971,9;971,7;43,7;20,6;19,1;20,6;20,4;19,1;18,8;91;91;91;154;0;0;
2026/01/25;1000 UTC;0;972,2;972,3;971,9;461,7;21,4;19,8;21,6;20,6;20;19,1;91;91;91;155;0;0;
2026/01/25;1100 UTC;0;972,5;972,5;972,2;922,6;22,3;20,5;22,4;21,4;20,6;19,8;91;89;90;133;5,5;1,1;
2026/01/25;1200 UTC;0;973;973;972,5;1617,2;23,7;21,2;24,7;22,2;22,6;20,3;90;86;86;94;5,5;1,2;
2026/01/25;1300 UTC;1;973,1;973,2;972,9;1934,1;22,3;19,8;24,3;21,5;22,2;19,3;89;85;85;89;8,8;1,8;
2026/01/25;1400 UTC;,6;972,9;973,2;972,9;2398,6;24,1;21,6;24,3;21,3;22,1;19,1;89;85;86;63;8,8;0;
2026/01/25;1500 UTC;5,2;972,7;972,9;972,5;2248,4;20,8;18,5;26,5;20,4;23,7;17,8;87;82;87;158;10,9;4,1;
2026/01/25;1600 UTC;1,2;972;972,7;972;1745,4;23,2;21,1;23,3;20,7;21,3;18,5;89;87;88;202;10,5;0;
2026/01/25;1700 UTC;8;971,6;972;971,5;1623,9;20,6;18,1;24,9;20,5;22,4;18;88;83;86;94;9,1;2,4;
2026/01/25;1800 UTC;,4;970,5;971,6;970,5;1434,2;24,7;21,7;24,8;20,6;22;18,3;88;83;83;181;9,1;0;
2026/01/25;1900 UTC;0;970,3;970,5;970,2;898,8;25,4;21,1;25,6;24,4;22;21,1;84;77;77;115;7,7;4,9;
2026/01/25;2000 UTC;0;970,5;970,5;970,3;709;24,9;19,9;25,6;24,9;21,1;19,9;77;74;74;122;7,9;3,2;
2026/01/25;2100 UTC;0;970,9;970,9;970,5;226,4;23,7;18,8;24,9;23,7;19,9;18,8;74;73;74;117;7,6;,1;
2026/01/25;2200 UTC;0;971,3;971,3;970,9;3,9;22,4;18;23,7;22,4;18,8;17,9;76;74;76;127;7;0;
2026/01/25;2300 UTC;0;971,9;971,9;971,3;0;21,6;17,8;22,5;21,6;18;17,7;79;76;79;122;0;0;
2026/01/26;0000 UTC;0;972,3;972,3;971,9;0;20,6;17,2;21,7;20,6;17,9;17,2;81;79;81;174;0;0;
2026/01/26;0100 UTC;0;972,4;972,5;972,3;0;20,3;17,4;20,6;20,2;17,4;17,2;83;81;83;158;0;0;
2026/01/26;0200 UTC;0;971,9;972,4;971,9;0;20;17,5;20,3;19,9;17,5;17,3;86;83;86;174;0;0;
2026/01/26;0300 UTC;0;971,5;971,9;971,5;0;20,1;17,9;20,4;20;18,1;17,5;87;86;87;156;0;0;
2026/01/26;0400 UTC;0;971,1;971,5;971,1;0;20;18;20,2;20;18,2;17,9;88;87;88;169;0;0;
2026/01/26;0500 UTC;0;971;971,2;971;0;20;18,2;20,2;19,9;18,3;17,9;89;88;89;177;0;0;
2026/01/26;0600 UTC;0;971;971,1;971;0;20;18,3;20,1;20;18,4;18,2;90;89;90;178;0;0;
2026/01/26;0700 UTC;0;971,2;971,2;970,9;0;19,7;18,1;20;19,7;18,2;18;90;90;90;167;0;0;
2026/01/26;0800 UTC;0;971,7;971,7;971,2;0;19,6;18,1;19,8;19,5;18,2;18;91;90;91;192;0;0;
2026/01/26;0900 UTC;,2;972,4;972,4;971,7;58,9;19,8;18,3;19,8;19,6;18,3;18;91;91;91;176;0;0;
2026/01/26;1000 UTC;0;972,7;972,7;972,4;619,4;21,3;19,8;21,3;19,8;19,8;18,4;91;91;91;171;0;0;
2026/01/26;1100 UTC;0;973,3;973,3;972,7;948,7;22,1;20,3;22,1;21,3;20,5;19,8;91;89;89;128;4,9;,7;
2026/01/26;1200 UTC;0;973,5;973,5;973,3;1489,1;23,6;21,1;24,2;21,9;21,9;20;89;86;86;145;5,3;1,4;
2026/01/26;1300 UTC;0;973,5;973,6;973,4;2478,7;23,9;20,7;25,7;23,1;22,7;20,5;86;82;82;130;7,1;,7;
2026/01/26;1400 UTC;,4;973,2;973,5;973,2;1918,2;24,7;21,9;24,8;23;22;20,2;86;82;84;94;4,8;,1;
2026/01/26;1500 UTC;0;972,3;973,2;972,3;2931,7;26,4;22,1;27,3;24,7;23,4;21,6;84;77;77;95;5,9;1,6;
2026/01/26;1600 UTC;0;971,9;972,4;971,9;3221,1;26,9;22,5;27,5;25,3;22,8;20,9;79;74;77;135;9,2;1,3;
2026/01/26;1700 UTC;0;971,1;971,9;971,1;3118,8;27;20,9;28,2;26,5;23,2;20,3;77;68;69;122;7,3;,3;
2026/01/26;1800 UTC;0;970,6;971,1;970,6;2667;27,7;21,1;28,1;26,4;21,8;19,6;70;66;67;122;8,8;3,7;
2026/01/26;1900 UTC;0;970,5;970,7;970,5;2031;26,9;20,2;27,7;26,1;20,8;19,5;68;66;67;181;7,6;0;
2026/01/26;2000 UTC;0;970,6;970,6;970,4;1444,4;26,2;20;27,2;25,9;20,6;19,7;69;67;68;126;8,8;4,5;
2026/01/26;2100 UTC;0;971;971;970,6;263,8;23,7;18,2;26,2;23,7;19,8;18,2;71;68;71;122;9,5;3,5;
2026/01/26;2200 UTC;0;971,7;971,7;971;4,8;22,5;18;23,7;22,5;18,3;18;76;71;76;139;10,7;5,4;
2026/01/26;2300 UTC;0;972;972;971,7;0;21,7;18,1;22,5;21,6;18,1;17,9;80;76;80;142;9,6;3,6;
2026/01/27;0000 UTC;0;972,1;972,2;972;0;21,2;18,4;21,7;21,2;18,4;18,1;84;80;84;150;7,1;,7;
2026/01/27;0100 UTC;0;972,1;972,2;972,1;0;21,1;18,6;21,2;21,1;18,7;18,4;86;84;86;155;6,4;,6;
2026/01/27;0200 UTC;0;971,7;972,1;971,7;0;20,8;18,7;21,1;20,8;18,7;18,6;87;86;87;154;6,5;,4;
2026/01/27;0300 UTC;0;971,2;971,8;971,2;0;20,8;18,7;20,9;20,8;18,8;18,7;88;87;88;150;5,6;0;
2026/01/27;0400 UTC;0;971;971,3;970,9;0;20,5;18,6;20,8;20,5;18,7;18,6;89;88;89;152;6,7;,7;
2026/01/27;0500 UTC;0;971;971,1;970,9;0;20,3;18,5;20,5;20,3;18,7;18,5;89;89;89;169;4,6;0;
2026/01/27;0600 UTC;0;971,1;971,1;970,9;0;20,4;18,7;20,5;20,3;18,7;18,5;90;89;90;139;0;0;
2026/01/27;0700 UTC;2;971,3;971,3;971,1;0;19,9;18,3;20,4;19,9;18,7;18,3;90;90;90;170;0;0;
2026/01/27;0800 UTC;4,8;971,3;971,4;971,3;0;19,5;18;19,9;19,5;18,3;18;91;90;91;195;0;0;
2026/01/27;0900 UTC;0;971,7;971,7;971,3;21,1;19,6;18,2;19,6;19,4;18,2;18;92;91;92;178;0;0;
2026/01/27;1000 UTC;,6;972;972,1;971,7;319,8;20,3;19;20,4;19,5;19;18,1;92;92;92;174;0;0;
2026/01/27;1100 UTC;0;972,7;972,7;972;966,4;21,5;20,1;21,5;20,1;20,1;18,7;92;91;92;166;0;0;
2026/01/27;1200 UTC;0;972,8;972,9;972,7;1300,6;22,1;20,6;22,3;21,2;20,9;19,7;92;91;91;166;4,3;0;
2026/01/27;1300 UTC;0;972,5;972,8;972,5;2027,3;22,8;21;23,1;22;21,5;20,4;92;89;90;143;4,7;0;
2026/01/27;1400 UTC;1,4;972,2;972,5;972,2;1715,5;21,9;20,4;23,1;21,3;21,3;19,7;91;89;91;138;0;0;
2026/01/27;1500 UTC;0;971,5;972,2;971,5;3250,2;25,1;23,1;25,1;21,7;23,1;20,2;92;88;89;143;0;0;
2026/01/27;1600 UTC;3,6;971,5;971,7;971,5;1799,7;21,4;19,9;25,1;21;23,1;19,4;92;87;91;125;11,8;4,8;
2026/01/27;1700 UTC;0;970,7;971,5;970,7;2161,7;24,5;22,5;24,5;21,5;22,7;20;92;89;89;143;8,1;2,5;
2026/01/27;1800 UTC;,4;970,3;970,7;970,3;1194,1;23,7;21,6;24,5;22,4;22,5;20,4;90;87;88;155;8,7;,9;
2026/01/27;1900 UTC;0;970,5;970,6;970,1;894;20,8;19;24,4;20,7;22,1;18,8;89;85;89;134;11,7;5,6;
2026/01/27;2000 UTC;0;971,1;971,1;970,5;464,4;21,4;19,6;21,6;20,8;19,8;19;90;89;90;138;9,7;1,5;
2026/01/27;2100 UTC;0;971,4;971,4;971,1;101,5;21,1;19,5;21,6;21;19,9;19,4;91;90;91;165;5,8;0;
2026/01/27;2200 UTC;10,2;971,8;971,9;971,4;,9;20;18,6;21,2;19,7;19,6;18,2;92;90;92;112;8,2;3,9;
2026/01/27;2300 UTC;,4;972,3;972,3;971,8;,2;20,7;19,4;20,7;19,9;19,5;18,5;93;92;92;120;6,5;,1;
2026/01/28;0000 UTC;0;972,5;972,6;972,3;,2;20,7;19,5;20,9;20,6;19,6;19,4;93;92;93;172;3,6;0;
2026/01/28;0100 UTC;0;972,8;972,8;972,5;0;20,6;19,5;20,7;20,6;19,5;19,4;93;93;93;157;1,6;0;
2026/01/28;0200 UTC;0;972,7;972,8;972,6;0;20,6;19,5;20,7;20,6;19,5;19,4;93;93;93;156;2;0;
2026/01/28;0300 UTC;0;972,2;972,7;972;0;20,6;19,5;20,7;20,6;19,6;19,4;93;93;93;167;2,8;0;
2026/01/28;0400 UTC;0;971,6;972,3;971,6;0;20,5;19,4;20,7;20,5;19,6;19,4;93;93;93;192;2,2;0;
2026/01/28;0500 UTC;0;971,1;971,6;971,1;0;20,3;19,2;20,5;20,2;19,4;19,1;93;93;93;162;0;0;
2026/01/28;0600 UTC;4,2;971,2;971,3;971,1;0;20,1;19;20,5;20;19,4;18,9;94;93;94;178;4;0;
2026/01/28;0700 UTC;2,8;971,2;971,3;971;0;19,8;18,8;20,1;19,7;19;18,6;94;94;94;180;0;0;
2026/01/28;0800 UTC;,4;971,3;971,4;971,1;,2;19,5;18,5;19,8;19,4;18,9;18,4;94;94;94;182;3,2;0;
2026/01/28;0900 UTC;0;971,9;971,9;971,3;14,7;19,5;18,6;19,6;19,3;18,6;18,3;94;94;94;175;0;0;
2026/01/28;1000 UTC;0;972,5;972,5;971,9;316;20,6;19,6;20,6;19,5;19,7;18,6;94;94;94;160;0;0;
2026/01/28;1100 UTC;0;972,9;972,9;972,4;1019,4;21,2;20,1;21,8;20,6;20,8;19,5;94;93;93;147;4,3;,5;
2026/01/28;1200 UTC;0;973,4;973,4;972,9;1183,8;21;19,7;22;21;20,8;19,7;93;92;92;140;5,8;0;
2026/01/28;1300 UTC;0;973,2;973,4;973,1;2217,3;23,5;22;24,1;20,8;22,7;19,5;93;90;91;153;5,3;,4;
2026/01/28;1400 UTC;0;973;973,2;973;1945,7;24,4;22,5;24,5;23;22,6;21,2;91;89;89;160;4,4;0;
2026/01/28;1500 UTC;0;972,5;973;972,4;2221,8;25;22,6;25,4;23,6;23,1;21,5;89;86;86;99;5,5;,5;
2026/01/28;1600 UTC;0;971,9;972,5;971,9;2537,7;25,7;22,7;26,1;24,9;23,2;22,2;87;83;84;113;5,1;1,2;
2026/01/28;1700 UTC;0;971,5;971,9;971,5;2183,7;24,4;22;26,1;23,2;23,2;20,8;87;84;87;99;9,2;4;
2026/01/28;1800 UTC;0;971,2;971,5;970,9;1894,1;22,9;20,3;25,6;22,8;23,1;20;87;84;85;123;8,7;5,2;
2026/01/28;1900 UTC;0;971,2;971,4;971;1515;22,7;19,9;24;22,5;21,4;19,9;87;84;84;127;8,7;4,2;
2026/01/28;2000 UTC;0;971,6;971,7;971,2;354,1;21,5;19,3;23,1;21,5;20,5;19,2;87;84;87;116;7,1;2,4;
2026/01/28;2100 UTC;0;971,8;971,8;971,4;111,3;21,6;19,6;21,7;21,5;19,7;19,3;89;87;89;141;6,6;1;
2026/01/28;2200 UTC;0;972;972;971,8;1,3;21,3;19,5;21,6;21,3;19,6;19,4;89;88;89;123;6,5;2,4;
2026/01/28;2300 UTC;0;972,3;972,4;972;0;20,4;18,8;21,3;20,4;19,5;18,8;90;89;90;133;8,2;1,7;
2026/01/29;0000 UTC;0;973;973;972,3;0;20,3;18,8;20,5;20,3;18,9;18,7;91;90;91;157;6,1;,3;
2026/01/29;0100 UTC;0;973,4;973,4;973;0;20,3;18,9;20,3;20,2;18,9;18,7;92;91;92;164;4,7;0;
2026/01/29;0200 UTC;0;972,9;973,4;972,9;0;20,4;19;20,4;20,3;19;18,9;92;92;92;153;4,2;0;
2026/01/29;0300 UTC;0;972,3;972,9;972,3;0;20,3;18,9;20,4;20,2;19;18,9;92;92;92;164;0;0;
2026/01/29;0400 UTC;0;971,9;972,3;971,8;0;20,3;19;20,3;20,2;19;18,9;92;92;92;172;0;0;
2026/01/29;0500 UTC;0;971,2;971,9;971,2;0;20,4;19;20,4;20,3;19,1;19;92;92;92;174;0;0;
2026/01/29;0600 UTC;0;971;971,2;970,8;0;20,4;19,1;20,5;20,4;19,2;19;92;92;92;173;0;0;
2026/01/29;0700 UTC;0;971,4;971,4;971;0;20,6;19,4;20,6;20,5;19,4;19,2;92;92;92;192;0;0;
2026/01/29;0800 UTC;0;971,8;971,8;971,4;0;20,4;19,1;20,7;20,3;19,4;19,1;93;92;93;164;0;0;
2026/01/29;0900 UTC;0;972,1;972,1;971,8;24,6;20,3;19,1;20,4;20,1;19,1;18,9;93;93;93;192;0;0;
2026/01/29;1000 UTC;0;972,6;972,6;972,1;496,2;21,1;19,9;21,3;20,3;20,1;19,1;93;92;92;171;0;0;
2026/01/29;1100 UTC;0;972,9;973;972,6;677,6;21,8;20,3;22,1;21,2;20,8;19,9;92;91;91;116;4;,3;
2026/01/29;1200 UTC;1,2;973,6;973,6;972,9;691,5;21,2;19,9;21,8;21,1;20,3;19,7;93;91;92;128;4;0;
2026/01/29;1300 UTC;0;973,6;973,7;973,5;1163,5;21,7;20,2;22,5;21;21;19,7;93;91;91;108;4,1;,3;
2026/01/29;1400 UTC;0;973,3;973,7;973,3;1894,3;22,3;20,6;23,2;21,5;21,7;19,9;92;90;90;183;5,8;0;
2026/01/29;1500 UTC;0;972,6;973,3;972,6;2091,7;24,7;22,4;24,9;22,2;22,8;20,5;90;87;87;176;1,7;0;
2026/01/29;1600 UTC;0;971,7;972,6;971,7;1487,8;24,7;21,8;25,4;24,7;23;21,8;87;84;84;117;0;0;
2026/01/29;1700 UTC;0;971,2;971,7;971,2;596,1;24,3;21,4;24,7;23,2;21,8;20,4;85;83;84;162;5,7;0;
2026/01/29;1800 UTC;0;970,6;971,2;970,6;871,8;24,7;21,4;24,9;24,1;21,6;21;84;82;82;175;0;0;
2026/01/29;1900 UTC;0;970,1;970,6;970,1;573,3;24,4;20,8;25;24,4;21,6;20,8;82;81;81;119;2,9;0;
2026/01/29;2000 UTC;0;970,1;970,1;970;656,1;24,1;20,3;24,8;24;21,1;20,2;81;79;79;125;5,3;1,6;
2026/01/29;2100 UTC;0;970,3;970,3;970;167,2;22,8;19,8;24,1;22,8;20,2;19,8;83;79;83;144;5,3;,3;
2026/01/29;2200 UTC;0;970,3;970,4;970,2;5,3;22;19,4;22,8;22;19,9;19,4;85;83;85;155;3,6;0;
2026/01/29;2300 UTC;0;970,5;970,6;970,3;0;21,5;19,2;22;21,4;19,4;19;87;85;87;146;0;0;
2026/01/30;0000 UTC;0;971,1;971,1;970,4;0;20,9;18,8;21,4;20,9;19,2;18,8;88;87;88;165;0;0;
2026/01/30;0100 UTC;0;971,3;971,4;971,1;0;20,9;19,1;21;20,8;19,1;18,8;89;88;89;158;0;0;
2026/01/30;0200 UTC;0;971,3;971,4;971,3;0;21;19,3;21,1;20,9;19,3;19;90;89;90;149;0;0;
2026/01/30;0300 UTC;0;970,6;971,4;970,6;0;20,9;19,2;21,1;20,8;19,3;19,2;90;90;90;160;0;0;
2026/01/30;0400 UTC;0;970,2;970,6;970,2;0;20,7;19,2;20,9;20,7;19,2;19,1;91;90;91;184;0;0;
2026/01/30;0500 UTC;0;969,8;970,2;969,8;0;20,7;19,2;20,8;20,6;19,2;19,1;91;91;91;131;0;0;
2026/01/30;0600 UTC;0;969,6;969,8;969,6;0;20,7;19,3;20,8;20,7;19,4;19,2;92;91;92;178;0;0;
2026/01/30;0700 UTC;0;969,4;969,6;969,3;0;20,5;19,2;20,7;20,5;19,3;19,2;92;92;92;165;0;0;
2026/01/30;0800 UTC;0;970,1;970,1;969,4;0;20,5;19,2;20,5;20,5;19,2;19,1;92;92;92;169;0;0;
2026/01/30;0900 UTC;0;970,7;970,7;970,1;36,1;20,6;19,3;20,6;20,5;19,3;19,2;92;92;92;173;0;0;
2026/01/30;1000 UTC;0;971,2;971,2;970,7;562,9;21,7;20,3;21,8;20,6;20,5;19,3;93;92;92;207;0;0;
2026/01/30;1100 UTC;0;971,6;971,6;971,2;803,1;22,7;21,1;23;21,7;21,5;20,3;92;90;90;41;1;0;
2026/01/30;1200 UTC;0;971,9;972;971,6;1508,8;24,6;22,4;24,6;22,7;22,4;21;92;88;88;10;4,3;,5;
2026/01/30;1300 UTC;0;971,7;972;971,7;3008,6;26,6;23,1;26,8;24;23,7;21,4;88;81;81;58;5,3;,3;
2026/01/30;1400 UTC;0;971,3;971,7;971,3;3342,1;27;22,5;27,8;26,1;23,8;22,2;82;76;77;82;3,8;0;
2026/01/30;1500 UTC;0;970,6;971,3;970,6;2579,5;27,8;22,3;27,9;26,5;23,1;21,6;77;72;72;20;5,7;0;
2026/01/30;1600 UTC;0;969,8;970,6;969,8;2230,8;27,9;21,6;28,5;27,4;22,7;21,1;72;68;69;51;2,5;0;
2026/01/30;1700 UTC;0;968,9;969,8;968,9;2201,4;28,6;21,4;28,7;27,6;22;20,6;69;65;65;78;3,3;0;
2026/01/30;1800 UTC;0;967,9;968,9;967,9;1914,2;28,4;20,3;29;28,2;21,6;20;65;61;62;97;0;0;
2026/01/30;1900 UTC;0;967,3;967,9;967,3;1410,1;28,2;19,9;29,2;27,7;20,9;19,3;62;60;61;59;4,7;0;
2026/01/30;2000 UTC;0;967,2;967,3;967;1141;28,3;19,5;28,7;28,2;20,4;19,5;61;59;59;106;3,6;0;
2026/01/30;2100 UTC;0;967,6;967,6;967,1;320,1;26,6;18,5;28,3;26,6;19,5;18,5;61;59;61;106;0;0;
2026/01/30;2200 UTC;0;968,1;968,1;967,6;1,7;24,9;18,7;26,6;24,9;18,7;18,3;68;61;68;98;4,6;,3;
2026/01/30;2300 UTC;0;969,1;969,1;968,1;0;23,2;19,1;24,9;23,2;19,1;18,7;77;68;77;131;7,2;,4;
2026/01/31;0000 UTC;0;970;970;969,1;0;22,1;18,9;23,2;22,1;19,1;18,9;82;77;82;165;5,9;,3;
2026/01/31;0100 UTC;0;970,3;970,3;969,9;;21,9;19,2;22,1;21,8;19,2;18,9;85;82;85;165;3,5;0;
2026/01/31;0200 UTC;0;970;970,5;970;0;21,7;19,3;21,9;21,7;19,4;19,2;86;85;86;166;5,2;0;
2026/01/31;0300 UTC;0;969,6;970;969,5;0;21,5;19,4;21,7;21,5;19,4;19,2;88;86;88;179;0;0;
2026/01/31;0400 UTC;0;969,2;969,6;969,2;0;21,6;19,6;21,8;21,5;19,7;19,4;88;88;88;131;4;0;
2026/01/31;0500 UTC;0;968,8;969,2;968,8;0;21,7;19,7;21,7;21,6;19,7;19,6;89;88;88;136;0;0;
2026/01/31;0600 UTC;0;968,9;968,9;968,8;0;21,7;19,8;21,7;21,6;19,8;19,6;89;88;89;140;0;0;
2026/01/31;0700 UTC;0;968,9;968,9;968,8;0;21,7;19,9;21,8;21,7;19,9;19,8;89;89;89;130;0;0;
2026/01/31;0800 UTC;0;969,4;969,4;968,9;0;21,6;19,9;21,8;21,6;20;19,8;90;89;90;167;0;0;
2026/01/31;0900 UTC;0;970,1;970,1;969,4;6,5;21,5;19,8;21,6;21,5;19,9;19,8;90;90;90;169;0;0;
2026/01/31;1000 UTC;0;970,7;970,7;970,1;80;21,6;20;21,6;21,4;20;19,8;91;90;91;174;0;0;
2026/01/31;1100 UTC;0;971,4;971,4;970,7;349;22,5;20,8;22,6;21,6;21;20,1;91;90;90;339;0;0;
2026/01/31;1200 UTC;0;971,4;971,5;971,4;834,6;23,7;21,8;23,7;22,4;21,8;20,7;90;89;89;3;0;0;
2026/01/31;1300 UTC;0;970,9;971,4;970,9;1423,9;25,1;22,5;25,6;23,5;23,2;21,4;89;86;86;25;0;0;
2026/01/31;1400 UTC;0;970,4;970,9;970,4;2728,4;26,4;22,8;26,9;25,1;23,8;22,4;86;81;81;51;0;0;
2026/01/31;1500 UTC;0;969,8;970,4;969,8;1569;26,8;22,4;27,4;26,1;23,2;22,3;81;77;77;49;0;0;
2026/01/31;1600 UTC;0;969;969,8;969;2303,4;29;23,8;29,3;26,5;24,2;22,2;78;74;74;196;0;0;
2026/01/31;1700 UTC;0;967,8;969;967,8;1982,8;28,1;22,3;29;27,7;23,5;22,1;74;71;71;60;0;0;
2026/01/31;1800 UTC;0;966,5;967,8;966,5;2514,9;29,4;22,5;29,5;28,1;23,1;22;71;66;66;92;4,8;0;
2026/01/31;1900 UTC;0;966,3;966,5;966,1;1944,8;29,3;21,3;29,7;28,6;22,5;21,3;66;62;62;83;6;,4;
2026/01/31;2000 UTC;0;966,5;966,6;966,3;1027,3;28,5;20,2;29,6;28,5;21,6;20,2;63;60;61;105;3,8;0;
2026/01/31;2100 UTC;0;966,6;966,8;966,5;141,5;27;19,7;28,5;27;20,2;19,7;64;61;64;101;4,1;,9;
2026/01/31;2200 UTC;0;967,1;967,1;966,6;3,3;25,1;20,3;27;25,1;20,3;19,6;75;64;75;117;5,2;0;
2026/01/31;2300 UTC;0;968,3;968,3;967,1;0;23,8;20,4;25,1;23,8;20,6;20,3;81;75;81;148;6,6;0;
