REGIAO:;N
UF:;AC
ESTACAO:;FEIJO
CODIGO (WMO):;A138
LATITUDE:;-8,14277777
LONGITUDE:;-70,3436111
ALTITUDE:;157,17
DATA DE FUNDACAO:;24/09/09
Data;Hora UTC;PRECIPITAÇÃO TOTAL, HORÁRIO (mm);PRESSAO ATMOSFERICA AO NIVEL DA ESTACAO, HORARIA (mB);PRESSÃO ATMOSFERICA MAX.NA HORA ANT. (AUT) (mB);PRESSÃO ATMOSFERICA MIN. NA HORA ANT. (AUT) (mB);RADIACAO GLOBAL (Kj/m²);TEMPERATURA DO AR - BULBO SECO, HORARIA (°C);TEMPERATURA DO PONTO DE ORVALHO (°C);TEMPERATURA MÁXIMA NA HORA ANT. (AUT) (°C);TEMPERATURA MÍNIMA NA HORA ANT. (AUT) (°C);TEMPERATURA ORVALHO MAX. NA HORA ANT. (AUT) (°C);TEMPERATURA ORVALHO MIN. NA HORA ANT. (AUT) (°C);UMIDADE REL. MAX. NA HORA ANT. (AUT) (%);UMIDADE REL. MIN. NA HORA ANT. (AUT) (%);UMIDADE RELATIVA DO AR, HORARIA (%);VENTO, DIREÇÃO HORARIA (gr) (° (gr));VENTO, RAJADA MAXIMA (m/s);VENTO, VELOCIDADE HORARIA (m/s);
2026/01/01;0000 UTC;;;;;;;;;;;;;;;;;;
2026/01/01;0100 UTC;;;;;;;;;;;;;;;;;;
2026/01/01;0200 UTC;;;;;;;;;;;;;;;;;;
2026/01/01;0300 UTC;;;;;;;;;;;;;;;;;;
2026/01/01;0400 UTC;;;;;;;;;;;;;;;;;;
2026/01/01;0500 UTC;;;;;;;;;;;;;;;;;;
2026/01/01;0600 UTC;;;;;;;;;;;;;;;;;;
2026/01/01;0700 UTC;;;;;;;;;;;;;;;;;;
2026/01/01;0800 UTC;;;;;;;;;;;;;;;;;;
2026/01/01;0900 UTC;;;;;;;;;;;;;;;;;;
2026/01/01;1000 UTC;;;;;;;;;;;;;;;;;;
2026/01/01;1100 UTC;;;;;;;;;;;;;;;;;;
2026/01/01;1200 UTC;;;;;;;;;;;;;;;;;;
2026/01/01;1300 UTC;;;;;;;;;;;;;;;;;;
2026/01/01;1400 UTC;;;;;;;;;;;;;;;;;;
2026/01/01;1500 UTC;;;;;;;;;;;;;;;;;;
2026/01/01;1600 UTC;;;;;;;;;;;;;;;;;;
2026/01/01;1700 UTC;;;;;;;;;;;;;;;;;;
2026/01/01;1800 UTC;;;;;;;;;;;;;;;;;;
2026/01/01;1900 UTC;;;;;;;;;;;;;;;;;;
2026/01/01;2000 UTC;;;;;;;;;;;;;;;;;;
2026/01/01;2100 UTC;;;;;;;;;;;;;;;;;;
2026/01/01;2200 UTC;;;;;;;;;;;;;;;;;;
2026/01/01;2300 UTC;;;;;;;;;;;;;;;;;;
2026/01/02;0000 UTC;;;;;;;;;;;;;;;;;;
2026/01/02;0100 UTC;;;;;;;;;;;;;;;;;;
2026/01/02;0200 UTC;;;;;;;;;;;;;;;;;;
2026/01/02;0300 UTC;;;;;;;;;;;;;;;;;;
2026/01/02;0400 UTC;;;;;;;;;;;;;;;;;;
2026/01/02;0500 UTC;;;;;;;;;;;;;;;;;;
2026/01/02;0600 UTC;;;;;;;;;;;;;;;;;;
2026/01/02;0700 UTC;;;;;;;;;;;;;;;;;;
2026/01/02;0800 UTC;;;;;;;;;;;;;;;;;;
2026/01/02;0900 UTC;;;;;;;;;;;;;;;;;;
2026/01/02;1000 UTC;;;;;;;;;;;;;;;;;;
2026/01/02;1100 UTC;;;;;;;;;;;;;;;;;;
2026/01/02;1200 UTC;;;;;;;;;;;;;;;;;;
2026/01/02;1300 UTC;;;;;;;;;;;;;;;;;;
2026/01/02;1400 UTC;;;;;;;;;;;;;;;;;;
2026/01/02;1500 UTC;;;;;;;;;;;;;;;;;;
2026/01/02;1600 UTC;;;;;;;;;;;;;;;;;;
2026/01/02;1700 UTC;;;;;;;;;;;;;;;;;;
2026/01/02;1800 UTC;;;;;;;;;;;;;;;;;;
2026/01/02;1900 UTC;;;;;;;;;;;;;;;;;;
2026/01/02;2000 UTC;;;;;;;;;;;;;;;;;;
2026/01/02;2100 UTC;;;;;;;;;;;;;;;;;;
2026/01/02;2200 UTC;;;;;;;;;;;;;;;;;;
2026/01/02;2300 UTC;;;;;;;;;;;;;;;;;;
2026/01/03;0000 UTC;;;;;;;;;;;;;;;;;;
2026/01/03;0100 UTC;;;;;;;;;;;;;;;;;;
2026/01/03;0200 UTC;;;;;;;;;;;;;;;;;;
2026/01/03;0300 UTC;;;;;;;;;;;;;;;;;;
2026/01/03;0400 UTC;;;;;;;;;;;;;;;;;;
2026/01/03;0500 UTC;;;;;;;;;;;;;;;;;;
2026/01/03;0600 UTC;;;;;;;;;;;;;;;;;;
2026/01/03;0700 UTC;;;;;;;;;;;;;;;;;;
2026/01/03;0800 UTC;;;;;;;;;;;;;;;;;;
2026/01/03;0900 UTC;;;;;;;;;;;;;;;;;;
2026/01/03;1000 UTC;;;;;;;;;;;;;;;;;;
2026/01/03;1100 UTC;;;;;;;;;;;;;;;;;;
2026/01/03;1200 UTC;;;;;;;;;;;;;;;;;;
2026/01/03;1300 UTC;;;;;;;;;;;;;;;;;;
2026/01/03;1400 UTC;;;;;;;;;;;;;;;;;;
2026/01/03;1500 UTC;;;;;;;;;;;;;;;;;;
2026/01/03;1600 UTC;;;;;;;;;;;;;;;;;;
2026/01/03;1700 UTC;;;;;;;;;;;;;;;;;;
2026/01/03;1800 UTC;;;;;;;;;;;;;;;;;;
2026/01/03;1900 UTC;;;;;;;;;;;;;;;;;;
2026/01/03;2000 UTC;;;;;;;;;;;;;;;;;;
2026/01/03;2100 UTC;;;;;;;;;;;;;;;;;;
2026/01/03;2200 UTC;;;;;;;;;;;;;;;;;;
2026/01/03;2300 UTC;;;;;;;;;;;;;;;;;;
2026/01/04;0000 UTC;;;;;;;;;;;;;;;;;;
2026/01/04;0100 UTC;;;;;;;;;;;;;;;;;;
2026/01/04;0200 UTC;;;;;;;;;;;;;;;;;;
2026/01/04;0300 UTC;;;;;;;;;;;;;;;;;;
2026/01/04;0400 UTC;;;;;;;;;;;;;;;;;;
2026/01/04;0500 UTC;;;;;;;;;;;;;;;;;;
2026/01/04;0600 UTC;;;;;;;;;;;;;;;;;;
2026/01/04;0700 UTC;;;;;;;;;;;;;;;;;;
2026/01/04;0800 UTC;;;;;;;;;;;;;;;;;;
2026/01/04;0900 UTC;;;;;;;;;;;;;;;;;;
2026/01/04;1000 UTC;;;;;;;;;;;;;;;;;;
2026/01/04;1100 UTC;;;;;;;;;;;;;;;;;;
2026/01/04;1200 UTC;;;;;;;;;;;;;;;;;;
2026/01/04;1300 UTC;;;;;;;;;;;;;;;;;;
2026/01/04;1400 UTC;;;;;;;;;;;;;;;;;;
2026/01/04;1500 UTC;;;;;;;;;;;;;;;;;;
2026/01/04;1600 UTC;;;;;;;;;;;;;;;;;;
2026/01/04;1700 UTC;;;;;;;;;;;;;;;;;;
2026/01/04;1800 UTC;;;;;;;;;;;;;;;;;;
2026/01/04;1900 UTC;;;;;;;;;;;;;;;;;;
2026/01/04;2000 UTC;;;;;;;;;;;;;;;;;;
2026/01/04;2100 UTC;;;;;;;;;;;;;;;;;;
2026/01/04;2200 UTC;;;;;;;;;;;;;;;;;;
2026/01/04;2300 UTC;;;;;;;;;;;;;;;;;;
2026/01/05;0000 UTC;;;;;;;;;;;;;;;;;;
2026/01/05;0100 UTC;;;;;;;;;;;;;;;;;;
2026/01/05;0200 UTC;;;;;;;;;;;;;;;;;;
2026/01/05;0300 UTC;;;;;;;;;;;;;;;;;;
2026/01/05;0400 UTC;;;;;;;;;;;;;;;;;;
2026/01/05;0500 UTC;;;;;;;;;;;;;;;;;;
2026/01/05;0600 UTC;;;;;;;;;;;;;;;;;;
2026/01/05;0700 UTC;;;;;;;;;;;;;;;;;;
2026/01/05;0800 UTC;;;;;;;;;;;;;;;;;;
2026/01/05;0900 UTC;;;;;;;;;;;;;;;;;;
2026/01/05;1000 UTC;;;;;;;;;;;;;;;;;;
2026/01/05;1100 UTC;;;;;;;;;;;;;;;;;;
2026/01/05;1200 UTC;;;;;;;;;;;;;;;;;;
2026/01/05;1300 UTC;;;;;;;;;;;;;;;;;;
2026/01/05;1400 UTC;;;;;;;;;;;;;;;;;;
2026/01/05;1500 UTC;;;;;;;;;;;;;;;;;;
2026/01/05;1600 UTC;;;;;;;;;;;;;;;;;;
2026/01/05;1700 UTC;;;;;;;;;;;;;;;;;;
2026/01/05;1800 UTC;;;;;;;;;;;;;;;;;;
2026/01/05;1900 UTC;;;;;;;;;;;;;;;;;;
2026/01/05;2000 UTC;;;;;;;;;;;;;;;;;;
2026/01/05;2100 UTC;;;;;;;;;;;;;;;;;;
2026/01/05;2200 UTC;;;;;;;;;;;;;;;;;;
2026/01/05;2300 UTC;;;;;;;;;;;;;;;;;;
2026/01/06;0000 UTC;;;;;;;;;;;;;;;;;;
2026/01/06;0100 UTC;;;;;;;;;;;;;;;;;;
2026/01/06;0200 UTC;;;;;;;;;;;;;;;;;;
2026/01/06;0300 UTC;;;;;;;;;;;;;;;;;;
2026/01/06;0400 UTC;;;;;;;;;;;;;;;;;;
2026/01/06;0500 UTC;;;;;;;;;;;;;;;;;;
2026/01/06;0600 UTC;;;;;;;;;;;;;;;;;;
2026/01/06;0700 UTC;;;;;;;;;;;;;;;;;;
2026/01/06;0800 UTC;;;;;;;;;;;;;;;;;;
2026/01/06;0900 UTC;;;;;;;;;;;;;;;;;;
2026/01/06;1000 UTC;;;;;;;;;;;;;;;;;;
2026/01/06;1100 UTC;;;;;;;;;;;;;;;;;;
2026/01/06;1200 UTC;;;;;;;;;;;;;;;;;;
2026/01/06;1300 UTC;;;;;;;;;;;;;;;;;;
2026/01/06;1400 UTC;;;;;;;;;;;;;;;;;;
2026/01/06;1500 UTC;;;;;;;;;;;;;;;;;;
2026/01/06;1600 UTC;;;;;;;;;;;;;;;;;;
2026/01/06;1700 UTC;;;;;;;;;;;;;;;;;;
2026/01/06;1800 UTC;;;;;;;;;;;;;;;;;;
2026/01/06;1900 UTC;;;;;;;;;;;;;;;;;;
2026/01/06;2000 UTC;;;;;;;;;;;;;;;;;;
2026/01/06;2100 UTC;;;;;;;;;;;;;;;;;;
2026/01/06;2200 UTC;;;;;;;;;;;;;;;;;;
2026/01/06;2300 UTC;;;;;;;;;;;;;;;;;;
2026/01/07;0000 UTC;;;;;;;;;;;;;;;;;;
2026/01/07;0100 UTC;;;;;;;;;;;;;;;;;;
2026/01/07;0200 UTC;;;;;;;;;;;;;;;;;;
2026/01/07;0300 UTC;;;;;;;;;;;;;;;;;;
2026/01/07;0400 UTC;;;;;;;;;;;;;;;;;;
2026/01/07;0500 UTC;;;;;;;;;;;;;;;;;;
2026/01/07;0600 UTC;;;;;;;;;;;;;;;;;;
2026/01/07;0700 UTC;;;;;;;;;;;;;;;;;;
2026/01/07;0800 UTC;;;;;;;;;;;;;;;;;;
2026/01/07;0900 UTC;;;;;;;;;;;;;;;;;;
2026/01/07;1000 UTC;;;;;;;;;;;;;;;;;;
2026/01/07;1100 UTC;;;;;;;;;;;;;;;;;;
2026/01/07;1200 UTC;;;;;;;;;;;;;;;;;;
2026/01/07;1300 UTC;;;;;;;;;;;;;;;;;;
2026/01/07;1400 UTC;;;;;;;;;;;;;;;;;;
2026/01/07;1500 UTC;;;;;;;;;;;;;;;;;;
2026/01/07;1600 UTC;;;;;;;;;;;;;;;;;;
2026/01/07;1700 UTC;;;;;;;;;;;;;;;;;;
2026/01/07;1800 UTC;;;;;;;;;;;;;;;;;;
2026/01/07;1900 UTC;;;;;;;;;;;;;;;;;;
2026/01/07;2000 UTC;;;;;;;;;;;;;;;;;;
2026/01/07;2100 UTC;;;;;;;;;;;;;;;;;;
2026/01/07;2200 UTC;;;;;;;;;;;;;;;;;;
2026/01/07;2300 UTC;;;;;;;;;;;;;;;;;;
2026/01/08;0000 UTC;;;;;;;;;;;;;;;;;;
2026/01/08;0100 UTC;;;;;;;;;;;;;;;;;;
2026/01/08;0200 UTC;;;;;;;;;;;;;;;;;;
2026/01/08;0300 UTC;;;;;;;;;;;;;;;;;;
2026/01/08;0400 UTC;;;;;;;;;;;;;;;;;;
2026/01/08;0500 UTC;;;;;;;;;;;;;;;;;;
2026/01/08;0600 UTC;;;;;;;;;;;;;;;;;;
2026/01/08;0700 UTC;;;;;;;;;;;;;;;;;;
2026/01/08;0800 UTC;;;;;;;;;;;;;;;;;;
2026/01/08;0900 UTC;;;;;;;;;;;;;;;;;;
2026/01/08;1000 UTC;;;;;;;;;;;;;;;;;;
2026/01/08;1100 UTC;;;;;;;;;;;;;;;;;;
2026/01/08;1200 UTC;;;;;;;;;;;;;;;;;;
2026/01/08;1300 UTC;;;;;;;;;;;;;;;;;;
2026/01/08;1400 UTC;;;;;;;;;;;;;;;;;;
2026/01/08;1500 UTC;;;;;;;;;;;;;;;;;;
2026/01/08;1600 UTC;;;;;;;;;;;;;;;;;;
2026/01/08;1700 UTC;;;;;;;;;;;;;;;;;;
2026/01/08;1800 UTC;0;990,5;992,7;990,5;;30,4;;30,6;29,8;;;;;;8;6,4;3,3;
2026/01/08;1900 UTC;0;989,3;990,5;989,3;;31;;31;29,2;;;;;;36;5,7;2,3;
2026/01/08;2000 UTC;1,4;988,8;989,3;988,8;;27;;31;26,8;;;;;;360;9,5;3,4;
2026/01/08;2100 UTC;0;988,3;988,7;988,1;;28,6;;29,1;27;;;;;;300;5,9;1;
2026/01/08;2200 UTC;0;988,7;988,8;988,3;;27,5;;28,6;27,3;;;;;;358;6,3;1,8;
2026/01/08;2300 UTC;0;989,4;989,4;988,7;;26,7;;27,8;26,7;;;;;;18;3,9;1,1;
2026/01/09;0000 UTC;0;990,6;990,6;989,4;;25,3;;26,7;25,3;;;;;;349;3,4;1,3;
2026/01/09;0100 UTC;0;991,6;991,6;990,6;;24,8;;25,3;24,8;;;;;;350;2,9;1,6;
2026/01/09;0200 UTC;0;992,1;992,1;991,6;;24,5;;24,8;24,4;;;;;;267;2,6;1;
2026/01/09;0300 UTC;0;992,8;992,8;992,1;;24,2;;24,5;24,2;;;;;;339;1,6;,6;
2026/01/09;0400 UTC;0;992,5;992,9;992,5;;24,1;;24,2;24;;;;;;32;1,6;,2;
2026/01/09;0500 UTC;0;991,9;992,5;991,9;;23,8;;24,1;23,7;;;;;;356;1,6;,9;
2026/01/09;0600 UTC;,6;991,2;991,9;991,2;;24,1;;24,1;23,8;;;;;;234;2,8;,4;
2026/01/09;0700 UTC;0;990,9;991,3;990,9;;24,1;;24,2;24;;;;;;24;1;,6;
2026/01/09;0800 UTC;0;990,8;990,9;990,8;;24;;24,1;24;;;;;;336;1,7;,6;
2026/01/09;0900 UTC;0;990,7;990,7;990,6;;24,1;;24,1;23,9;;;;;;301;1,7;,3;
2026/01/09;1000 UTC;0;991,1;991,1;990,7;;24,1;;24,2;24;;;;;;72;1,3;,5;
2026/01/09;1100 UTC;0;992,2;992,2;991,1;;24,1;;24,2;24;;;;;;231;1,7;,3;
2026/01/09;1200 UTC;0;993;993;992,2;;24,6;;24,7;24,1;;;;;;259;1,4;,7;
2026/01/09;1300 UTC;0;993,7;993,7;993;;25;;25,1;24,6;;;;;;270;2,5;1,3;
2026/01/09;1400 UTC;0;994;994;993,7;;26;;26,3;25;;;;;;277;3,6;1,5;
2026/01/09;1500 UTC;0;993,7;994;993,7;;27,2;;27,4;25,8;;;;;;323;3,8;1,8;
2026/01/09;1600 UTC;,2;993,1;993,7;993;;27,9;;28,1;27,3;;;;;;5;6,4;3,2;
2026/01/09;1700 UTC;0;992,1;993,1;992,1;;28,8;;29,1;27,9;;;;;;332;6,4;2,6;
2026/01/09;1800 UTC;0;990,8;992,1;990,8;;27,1;;29,2;27,1;;;;;;344;8,5;4,9;
2026/01/09;1900 UTC;0;990,1;990,8;990,1;;26,7;;27,7;26;;;;;;51;8,5;3,9;
2026/01/09;2000 UTC;0;989,8;990,3;989,8;;25,4;;26,7;25,3;;;;;;301;6,1;1,1;
2026/01/09;2100 UTC;0;989,3;989,8;989,3;;25,1;;25,4;25;;;;;;212;4,2;3;
2026/01/09;2200 UTC;0;989,1;989,7;989,1;;24,8;;25,2;24,8;;;;;;298;4,2;1,3;
2026/01/09;2300 UTC;0;989,9;989,9;989;;24,3;;24,8;24,3;;;;;;274;2,9;1,1;
2026/01/10;0000 UTC;0;991,1;991,1;989,9;;23,9;;24,3;23,9;;;;;;7;2,8;1,5;
2026/01/10;0100 UTC;0;991,9;991,9;991,1;;23,8;;24;23,8;;;;;;308;2,6;,9;
2026/01/10;0200 UTC;0;992,9;992,9;991,9;;23,9;;23,9;23,8;;;;;;8;2;,4;
2026/01/10;0300 UTC;0;993,4;993,4;992,9;;23,5;;23,9;23,5;;;;;;345;2,2;,7;
2026/01/10;0400 UTC;0;993,3;993,5;993,3;;23,6;;23,6;23,5;;;;;;261;1,5;,4;
2026/01/10;0500 UTC;0;993,1;993,3;993,1;;23,5;;23,6;23,5;;;;;;146;1,7;,7;
2026/01/10;0600 UTC;0;992,7;993,1;992,7;;23,4;;23,6;23,4;;;;;;15;1,8;,8;
2026/01/10;0700 UTC;0;992,1;992,7;992,1;;23,5;;23,5;23,4;;;;;;336;1,8;,4;
2026/01/10;0800 UTC;0;991,7;992,1;991,7;;23,4;;23,5;23,4;;;;;;338;1,2;,8;
2026/01/10;0900 UTC;0;991,6;991,7;991,5;;23,2;;23,4;23,2;;;;;;312;2;1,1;
2026/01/10;1000 UTC;0;992,3;992,3;991,6;;23,2;;23,2;23,2;;;;;;257;2,4;,4;
2026/01/10;1100 UTC;,2;993;993;992,3;;23,3;;23,4;23,2;;;;;;243;1,5;,7;
2026/01/10;1200 UTC;0;993,7;993,7;993;;23,7;;23,8;23,3;;;;;;211;2,5;,5;
2026/01/10;1300 UTC;0;994,1;994,1;993,7;;24,2;;24,3;23,6;;;;;;225;2,9;1,5;
2026/01/10;1400 UTC;0;994,7;994,7;994,1;;25;;25;24,2;;;;;;248;3,8;1,4;
2026/01/10;1500 UTC;0;994,5;994,7;994,5;;26,7;;26,9;25;;;;;;272;3,3;1,6;
2026/01/10;1600 UTC;0;994,3;994,6;994,3;;27,1;;27,2;26,6;;;;;;358;3,4;2;
2026/01/10;1700 UTC;0;993,4;994,3;993,4;;27,9;;28;27;;;;;;294;3,6;1,6;
2026/01/10;1800 UTC;0;991,7;993,4;991,7;;28,1;;28,4;27,8;;;;;;265;3,7;2;
2026/01/10;1900 UTC;0;990,2;991,7;990,2;;29,6;;29,6;28,1;;;;;;269;5,1;2,2;
2026/01/10;2000 UTC;0;989,1;990,2;989,1;;29;;29,7;28,9;;;;;;311;4,3;1,8;
2026/01/10;2100 UTC;0;988,5;989,1;988,5;;27,8;;30,1;27,8;;;;;;255;5,6;3,4;
2026/01/10;2200 UTC;0;989,4;989,4;988,5;;25,7;;27,8;25,7;;;;;;209;6,3;2,6;
2026/01/10;2300 UTC;,6;990,2;990,3;989,4;;24,6;;25,7;24,6;;;;;;122;4,7;1,9;
2026/01/11;0000 UTC;,2;990,7;990,7;990,2;;24,4;;24,6;24,4;;;;;;135;3,1;1,3;
2026/01/11;0100 UTC;0;991,6;991,6;990,7;;24;;24,4;24;;;;;;2;3,1;1,9;
2026/01/11;0200 UTC;0;992,7;992,7;991,6;;23,9;;24;23,9;;;;;;7;8,6;2;
2026/01/11;0300 UTC;,2;993,6;993,6;992,7;;24;;24;23,9;;;;;;66;3,2;1;
2026/01/11;0400 UTC;;;;;;;;;;;;;;;;;;
2026/01/11;0500 UTC;;;;;;;;;;;;;;;;;;
2026/01/11;0600 UTC;;;;;;;;;;;;;;;;;;
2026/01/11;0700 UTC;;;;;;;;;;;;;;;;;;
2026/01/11;0800 UTC;;;;;;;;;;;;;;;;;;
2026/01/11;0900 UTC;;;;;;;;;;;;;;;;;;
2026/01/11;1000 UTC;0;991,5;991,5;990,8;;23,1;;23,4;23,1;;;;;;14;1,5;1;
2026/01/11;1100 UTC;0;992,4;992,4;991,5;;23,2;;23,2;23;;;;;;1;2,1;,9;
2026/01/11;1200 UTC;0;993;993;992,4;;23,7;;23,7;23,1;;;;;;323;1,9;,9;
2026/01/11;1300 UTC;0;993,9;993,9;993,1;;24,2;;24,2;23,6;;;;;;346;2,4;,9;
2026/01/11;1400 UTC;0;994,3;994,3;993,9;;25,1;;25,2;24,1;;;;;;160;1,8;,6;
2026/01/11;1500 UTC;0;994,2;994,3;994,1;;26,3;;26,4;25,1;;;;;;133;2,3;,8;
2026/01/11;1600 UTC;0;993,9;994,2;993,9;;27,3;;27,3;26,2;;;;;;201;2,9;1,1;
2026/01/11;1700 UTC;0;992,9;993,9;992,9;;28,1;;28,2;27,3;;;;;;219;3,5;1,4;
2026/01/11;1800 UTC;0;992;992,9;992;;26,7;;29,2;26,7;;;;;;314;6,4;3,4;
2026/01/11;1900 UTC;0;990,5;992;990,5;;27,3;;28,4;26,5;;;;;;289;6;,7;
2026/01/11;2000 UTC;0;989,1;990,5;989,1;;28,7;;29;27,3;;;;;;196;5,3;2,6;
2026/01/11;2100 UTC;;;;;;;;;;;;;;;;;;
2026/01/11;2200 UTC;0;988,2;988,5;988,1;;26,9;;26,9;25,5;;;;;;160;3,4;,5;
2026/01/11;2300 UTC;0;988,7;988,7;988,1;;26,2;;27,7;26,2;;;;;;36;1,8;1,2;
2026/01/12;0000 UTC;0;990,1;990,1;988,7;;25;;26,2;25;;;;;;6;2,2;,7;
2026/01/12;0100 UTC;0;991,1;991,1;990,1;;24,4;;25;24,4;;;;;;229;1,6;,4;
2026/01/12;0200 UTC;0;992,6;992,6;991,1;;24,1;;24,5;24;;;;;;331;1,4;,5;
2026/01/12;0300 UTC;0;993,5;993,5;992,6;;23,9;;24,1;23,8;;;;;;13;1,6;,7;
2026/01/12;0400 UTC;0;993,3;993,7;993,3;;24;;24,1;23,9;;;;;;194;1,5;1,1;
2026/01/12;0500 UTC;0;993;993,3;992,9;;23,9;;24;23,8;;;;;;324;3,4;2,1;
2026/01/12;0600 UTC;0;992,6;993;992,6;;24,1;;24,1;23,9;;;;;;335;3,4;1,6;
2026/01/12;0700 UTC;6;992,1;992,6;992,1;;23,2;;24,1;23,2;;;;;;309;6,1;3,4;
2026/01/12;0800 UTC;11,8;991,6;992,1;991,6;;23,1;;23,2;22,8;;;;;;288;7,4;2;
2026/01/12;0900 UTC;1,2;991,1;991,6;991;;22,9;;23,1;22,9;;;;;;216;3,6;,3;
2026/01/12;1000 UTC;0;991,6;991,6;991,1;;23;;23,1;22,9;;;;;;176;2,1;1,1;
2026/01/12;1100 UTC;0;992,4;992,4;991,6;;23;;23;22,8;;;;;;58;1,5;,7;
2026/01/12;1200 UTC;0;993,4;993,4;992,4;;23,7;;23,7;23;;;;;;139;1,4;,8;
2026/01/12;1300 UTC;0;994,3;994,3;993,4;;24,4;;24,4;23,7;;;;;;51;2,3;1,1;
2026/01/12;1400 UTC;0;994,7;994,7;994,3;;25,3;;25,4;24,4;;;;;;26;2,4;,8;
2026/01/12;1500 UTC;0;994,5;994,8;994,5;;26,5;;26,8;25,2;;;;;;237;2,5;1,2;
2026/01/12;1600 UTC;0;993,4;994,5;993,4;;28,4;;28,6;26,4;;;;;;242;4,2;1,6;
2026/01/12;1700 UTC;0;992;993,4;992;;29,8;;29,8;28,3;;;;;;60;3,6;1;
2026/01/12;1800 UTC;0;991,4;992;991,4;;27,7;;30,4;27;;;;;;77;6,6;1,8;
2026/01/12;1900 UTC;0;990,2;991,4;990,2;;28,4;;29,7;27,7;;;;;;26;5,6;3,5;
2026/01/12;2000 UTC;0;989,7;990,2;989,6;;27,8;;28,4;27,2;;;;;;26;6,5;4,2;
2026/01/12;2100 UTC;,2;989,4;989,7;989,3;;26;;27,8;26;;;;;;58;7,4;1,2;
2026/01/12;2200 UTC;0;990,1;990,1;989,4;;24,8;;26;24,8;;;;;;143;4,9;3,4;
2026/01/12;2300 UTC;0;990,7;990,7;990,1;;24,3;;24,8;24,3;;;;;;194;4,8;1,1;
2026/01/13;0000 UTC;1;991,5;991,5;990,7;;24,1;;24,3;24,1;;;;;;246;2,5;1;
2026/01/13;0100 UTC;,8;991,9;991,9;991,3;;23,9;;24,1;23,9;;;;;;209;1,9;,8;
2026/01/13;0200 UTC;0;993,4;993,4;991,9;;24;;24,1;23,9;;;;;;224;2;1,2;
2026/01/13;0300 UTC;,6;993,9;993,9;993,4;;24;;24,1;23,9;;;;;;148;2;,9;
2026/01/13;0400 UTC;0;993,8;993,9;993,8;;23,8;;24;23,7;;;;;;120;2,6;,9;
2026/01/13;0500 UTC;0;993;993,8;993;;23,7;;23,8;23,7;;;;;;194;2;1,2;
2026/01/13;0600 UTC;0;992,5;993;992,5;;23,7;;23,7;23,5;;;;;;92;1,7;,8;
2026/01/13;0700 UTC;0;992,1;992,5;992,1;;23,5;;23,7;23,5;;;;;;89;1,9;1,1;
2026/01/13;0800 UTC;,4;991,9;992,1;991,9;;23,2;;23,6;23,2;;;;;;66;2,3;1,4;
2026/01/13;0900 UTC;1,2;992;992;991,8;;22,5;;23,2;22,5;;;;;;57;4,9;2,3;
2026/01/13;1000 UTC;9,8;992,7;992,7;992;;22,2;;22,5;22,2;;;;;;326;4,2;,8;
2026/01/13;1100 UTC;3,2;993,6;993,6;992,7;;22,3;;22,3;22,2;;;;;;46;1,2;,6;
2026/01/13;1200 UTC;3,6;994,7;994,7;993,6;;22,4;;22,4;22,3;;;;;;27;2,6;1,3;
2026/01/13;1300 UTC;2,6;995,1;995,1;994,7;;22,6;;22,6;22,4;;;;;;40;3,5;1,7;
2026/01/13;1400 UTC;,4;995,6;995,6;995,1;;22,8;;22,8;22,5;;;;;;10;5;2;
2026/01/13;1500 UTC;2;995,2;995,6;995,2;;22,7;;22,8;22,6;;;;;;347;3,9;2;
2026/01/13;1600 UTC;0;994,6;995,2;994,6;;23,3;;23,3;22,6;;;;;;336;3,4;1,1;
2026/01/13;1700 UTC;0;993,5;994,6;993,5;;24;;24;23,3;;;;;;318;2,6;1,2;
2026/01/13;1800 UTC;0;992,1;993,5;992,1;;24,8;;24,9;24;;;;;;336;2,4;1,2;
2026/01/13;1900 UTC;0;991;992,1;991;;26;;26,4;24,8;;;;;;320;3,4;1,9;
2026/01/13;2000 UTC;0;989,8;991;989,8;;26,8;;26,8;25,7;;;;;;290;3,5;1,6;
2026/01/13;2100 UTC;0;989,3;989,8;989,3;;27,3;;27,5;26,7;;;;;;244;4,1;1,9;
2026/01/13;2200 UTC;0;989,5;989,6;989,3;;26,5;;27,4;26,4;;;;;;232;5,1;2,9;
2026/01/13;2300 UTC;0;990,4;990,4;989,5;;25,1;;26,5;25,1;;;;;;220;4,5;2,2;
2026/01/14;0000 UTC;0;991,6;991,6;990,4;;24,7;;25;24,7;;;;;;42;3,6;2,2;
2026/01/14;0100 UTC;2,8;992,2;992,2;991,6;;24,1;;24,7;24,1;;;;;;360;3,6;,6;
2026/01/14;0200 UTC;,4;993;993;992,2;;23,9;;24,1;23,9;;;;;;353;1,2;,9;
2026/01/14;0300 UTC;0;993,2;993,3;993;;23,8;;23,9;23,8;;;;;;216;1,3;,7;
2026/01/14;0400 UTC;0;993,2;993,4;993,2;;23,6;;23,8;23,6;;;;;;188;1,1;,3;
2026/01/14;0500 UTC;0;992,7;993,3;992,7;;23,5;;23,6;23,4;;;;;;156;,8;,4;
2026/01/14;0600 UTC;0;992,3;992,7;992,3;;23,4;;23,5;23,4;;;;;;231;1,1;,2;
2026/01/14;0700 UTC;0;991,8;992,3;991,8;;23,4;;23,5;23,3;;;;;;98;,8;,3;
2026/01/14;0800 UTC;0;991,6;991,8;991,6;;23,3;;23,4;23,3;;;;;;86;,5;,3;
2026/01/14;0900 UTC;0;991,8;991,8;991,6;;23,2;;23,3;23,2;;;;;;144;1;,5;
2026/01/14;1000 UTC;0;992,4;992,4;991,8;;23,2;;23,2;23,1;;;;;;26;1,3;,9;
2026/01/14;1100 UTC;,2;992,9;992,9;992,4;;23,2;;23,2;23,1;;;;;;92;1,3;,9;
2026/01/14;1200 UTC;0;993,7;993,7;992,9;;23,8;;23,8;23,2;;;;;;182;2,2;1,4;
2026/01/14;1300 UTC;0;994,5;994,5;993,7;;24,1;;24,1;23,7;;;;;;208;2,3;1,3;
2026/01/14;1400 UTC;0;994,6;994,8;994,5;;25,2;;25,3;24,1;;;;;;199;3;1,7;
2026/01/14;1500 UTC;0;994,6;994,7;994,5;;26,2;;26,2;25,2;;;;;;249;2,9;1,1;
2026/01/14;1600 UTC;0;994,2;994,6;994,2;;26,9;;27;26,1;;;;;;333;2,5;1,4;
2026/01/14;1700 UTC;0;993;994,2;993;;28,6;;29,1;26,8;;;;;;282;3,2;1,8;
2026/01/14;1800 UTC;0;991,2;993;991,2;;29;;29,4;27,8;;;;;;10;3,7;1,3;
2026/01/14;1900 UTC;0;989,4;991,2;989,4;;30,3;;30,4;28,8;;;;;;275;3,5;1,5;
2026/01/14;2000 UTC;0;988,1;989,4;988,1;;30,7;;30,8;30,2;;;;;;340;4,3;1,8;
2026/01/14;2100 UTC;0;987,5;988,2;987,5;;31,1;;31,1;30,2;;;;;;286;4,1;1,1;
2026/01/14;2200 UTC;0;987,4;987,5;987,2;;30,9;;31,1;30,6;;;;;;293;3,1;1;
2026/01/14;2300 UTC;0;988,4;988,4;987,3;;28,6;;31,2;28,6;;;;;;17;5,9;3;
2026/01/15;0000 UTC;0;989,8;989,8;988,4;;27;;28,6;27;;;;;;359;5;1,6;
2026/01/15;0100 UTC;0;991,1;991,1;989,8;;25,5;;27;25,5;;;;;;236;2,8;1,8;
2026/01/15;0200 UTC;0;991,9;991,9;991,1;;24,8;;25,5;24,8;;;;;;223;3,3;1,5;
2026/01/15;0300 UTC;0;992,6;992,6;992;;24,5;;24,8;24,5;;;;;;183;3,8;,7;
2026/01/15;0400 UTC;0;992,7;993;992,6;;24,5;;24,6;24,4;;;;;;326;2;,6;
2026/01/15;0500 UTC;0;991,9;992,7;991,9;;24,1;;24,5;24,1;;;;;;196;1,7;,3;
2026/01/15;0600 UTC;0;991,4;991,9;991,4;;23,9;;24,1;23,9;;;;;;140;1,9;1;
2026/01/15;0700 UTC;0;991,1;991,4;991,1;;23,9;;24;23,8;;;;;;46;1,5;,6;
2026/01/15;0800 UTC;0;990,8;991,1;990,7;;24;;24;23,8;;;;;;221;1,2;,4;
2026/01/15;0900 UTC;0;991;991;990,8;;23,9;;24,1;23,9;;;;;;62;1,2;,8;
2026/01/15;1000 UTC;0;991,3;991,3;991;;23,7;;23,9;23,7;;;;;;219;1,2;,7;
2026/01/15;1100 UTC;0;992,3;992,3;991,3;;23,8;;23,8;23,6;;;;;;149;1,7;1;
2026/01/15;1200 UTC;0;993,3;993,3;992,3;;23,9;;23,9;23,7;;;;;;112;1,9;1;
2026/01/15;1300 UTC;0;993,7;993,7;993,2;;25,4;;25,4;23,9;;;;;;115;2,1;,9;
2026/01/15;1400 UTC;0;994;994;993,7;;27,2;;27,3;25,4;;;;;;50;3,4;1,5;
2026/01/15;1500 UTC;0;993,7;994;993,7;;28,6;;28,6;27,1;;;;;;65;5,3;1,8;
2026/01/15;1600 UTC;0;993,2;993,7;993,2;;29,4;;29,6;28,4;;;;;;31;4,8;2,3;
2026/01/15;1700 UTC;0;992;993,2;992;;30;;30,4;29,2;;;;;;9;4,1;2;
2026/01/15;1800 UTC;0;990,2;992;990,2;;31,9;;32;30;;;;;;58;5,3;1,6;
2026/01/15;1900 UTC;0;988,7;990,2;988,7;;31,6;;32;30,9;;;;;;326;4,6;2;
2026/01/15;2000 UTC;0;987,8;988,7;987,8;;30,8;;31,9;29,3;;;;;;90;5,3;1,2;
2026/01/15;2100 UTC;0;987,6;987,8;987,4;;28,9;;31;28,9;;;;;;220;5,3;3,1;
2026/01/15;2200 UTC;2,8;989;989;987,5;;26,1;;28,8;26,1;;;;;;268;6,9;2,2;
2026/01/15;2300 UTC;2,8;989,6;989,6;989;;25,2;;26,1;25,2;;;;;;237;5,5;2,2;
2026/01/16;0000 UTC;11,8;991;991;989,6;;24,5;;25,2;24,5;;;;;;166;4,9;3,7;
2026/01/16;0100 UTC;,4;992,1;992,1;991;;24,4;;24,6;24,4;;;;;;207;5;1,8;
2026/01/16;0200 UTC;0;993,8;993,8;992,1;;24,2;;24,5;24,2;;;;;;294;3,6;1,3;
2026/01/16;0300 UTC;3,8;993,8;993,8;993,4;;23,6;;24,3;23,6;;;;;;217;4,4;1,8;
2026/01/16;0400 UTC;5,8;993,9;994,1;993,8;;23,1;;23,6;23;;;;;;273;3,4;1,4;
2026/01/16;0500 UTC;1,2;993,1;993,9;993,1;;23;;23,1;23;;;;;;259;4,9;,6;
2026/01/16;0600 UTC;0;991,6;993,1;991,6;;22,9;;23,1;22,9;;;;;;167;2,5;1;
2026/01/16;0700 UTC;,2;990,9;991,6;990,8;;22,7;;22,9;22,7;;;;;;208;1,5;,8;
2026/01/16;0800 UTC;0;990,8;991;990,8;;22,7;;22,8;22,6;;;;;;189;2,2;,9;
2026/01/16;0900 UTC;0;991;991;990,6;;22,4;;22,8;22,4;;;;;;261;2,4;1,3;
2026/01/16;1000 UTC;0;992;992;991;;22,1;;22,4;22,1;;;;;;252;2,6;1,5;
2026/01/16;1100 UTC;0;993,3;993,3;992;;22,1;;22,2;22;;;;;;263;2,6;,3;
2026/01/16;1200 UTC;0;994,6;994,6;993,3;;22,5;;22,6;22,1;;;;;;316;1,6;1,1;
2026/01/16;1300 UTC;0;995;995;994,6;;23,1;;23,1;22,4;;;;;;259;1,6;,8;
2026/01/16;1400 UTC;0;994,9;995,1;994,9;;24,3;;24,4;23,1;;;;;;201;3,7;1,1;
2026/01/16;1500 UTC;0;994,5;994,9;994,5;;25,3;;25,3;24,3;;;;;;213;2,8;1,7;
2026/01/16;1600 UTC;0;994,4;994,6;994,4;;26,5;;26,5;25,3;;;;;;266;2,7;,8;
2026/01/16;1700 UTC;,2;993,7;994,4;993,7;;27,9;;28;26,5;;;;;;72;2,7;1,2;
2026/01/16;1800 UTC;0;992,5;993,7;992,5;;28,8;;29;27,7;;;;;;254;3,5;1,8;
2026/01/16;1900 UTC;0;991;992,5;991;;29,8;;29,9;28,7;;;;;;353;5,2;1,9;
2026/01/16;2000 UTC;0;990,1;991;990,1;;29,3;;30;29,3;;;;;;321;5,3;3,2;
2026/01/16;2100 UTC;0;989,7;990,1;989,7;;30,3;;30,3;29,2;;;;;;314;5,3;2,4;
2026/01/16;2200 UTC;10,2;991,2;991,2;989,7;;22,1;;30,5;22,1;;;;;;26;21,9;6,3;
2026/01/16;2300 UTC;1,2;992,2;992,2;991,2;;22,3;;22,3;22,1;;;;;;22;11,3;1,3;
2026/01/17;0000 UTC;,2;992,8;992,8;992,2;;22,4;;22,5;22,3;;;;;;326;2,5;1,5;
2026/01/17;0100 UTC;0;993;993,3;992,8;;22,3;;22,6;22,3;;;;;;244;2,2;1,1;
2026/01/17;0200 UTC;0;993;993;992,7;;22,2;;22,3;22,2;;;;;;271;1,6;,8;
2026/01/17;0300 UTC;,4;993,9;993,9;993;;22;;22,2;21,9;;;;;;25;2,2;,7;
2026/01/17;0400 UTC;,2;994,4;994,5;993,9;;22,1;;22,2;22;;;;;;82;2,3;1,8;
2026/01/17;0500 UTC;,4;994,3;994,5;994,2;;22,1;;22,2;22;;;;;;150;2,3;1;
2026/01/17;0600 UTC;,4;993,8;994,3;993,7;;22,2;;22,3;22,1;;;;;;223;2,4;1,2;
2026/01/17;0700 UTC;,6;993,1;993,8;993,1;;22,1;;22,2;22,1;;;;;;239;3,8;1,2;
2026/01/17;0800 UTC;,4;992,6;993,1;992,6;;22;;22,1;21,9;;;;;;111;1,9;1;
2026/01/17;0900 UTC;0;992,6;992,7;992,6;;21,9;;22,1;21,9;;;;;;8;1,6;,4;
2026/01/17;1000 UTC;0;992,7;992,8;992,6;;21,8;;22;21,8;;;;;;85;1,9;,9;
2026/01/17;1100 UTC;0;993,1;993,1;992,6;;21,8;;21,9;21,8;;;;;;120;1,5;,7;
2026/01/17;1200 UTC;,2;994,1;994,1;993,1;;22,5;;22,5;21,8;;;;;;45;1,7;,8;
2026/01/17;1300 UTC;0;994,9;994,9;994,1;;23;;23;22,4;;;;;;335;1,8;1;
2026/01/17;1400 UTC;0;995,5;995,5;994,9;;24,1;;24,2;22,9;;;;;;294;2;,7;
2026/01/17;1500 UTC;0;995,6;995,6;995,5;;24,7;;24,9;24;;;;;;336;3;1,8;
2026/01/17;1600 UTC;0;995,7;995,8;995,6;;25,4;;25,4;24,7;;;;;;354;3,6;1,9;
2026/01/17;1700 UTC;0;994,9;995,7;994,9;;26,2;;26,3;25,4;;;;;;30;4,3;2,1;
2026/01/17;1800 UTC;0;993,3;994,9;993,3;;27,2;;27,3;26,3;;;;;;355;4,4;1,9;
2026/01/17;1900 UTC;0;991,7;993,3;991,7;;27,7;;27,8;27,2;;;;;;28;3,1;,8;
2026/01/17;2000 UTC;0;990,2;991,7;990,2;;28,4;;28,8;27,6;;;;;;309;3,1;1,4;
2026/01/17;2100 UTC;0;989,8;990,2;989,8;;27,9;;28,7;27,9;;;;;;47;4,6;2,5;
2026/01/17;2200 UTC;8,4;990,1;990,2;989,8;;25,5;;27,9;25;;;;;;142;4,6;,7;
2026/01/17;2300 UTC;0;990,4;990,4;990,1;;24,5;;25,8;24,5;;;;;;320;4;1,6;
2026/01/18;0000 UTC;0;990,9;990,9;990,4;;24,4;;24,6;24,3;;;;;;55;2,9;,7;
2026/01/18;0100 UTC;0;991,7;991,7;990,9;;23,9;;24,4;23,9;;;;;;18;1,3;,9;
2026/01/18;0200 UTC;0;992,8;992,8;991,7;;23,8;;23,9;23,6;;;;;;46;1,3;,4;
2026/01/18;0300 UTC;0;993,2;993,3;992,8;;23,6;;23,9;23,6;;;;;;325;1,1;,6;
2026/01/18;0400 UTC;0;993,2;993,3;993,1;;23,6;;23,7;23,6;;;;;;34;1,5;,4;
2026/01/18;0500 UTC;0;992,7;993,2;992,7;;23,6;;23,6;23,5;;;;;;205;1;,4;
2026/01/18;0600 UTC;0;992,1;992,7;992,1;;23,1;;23,6;23;;;;;;37;1;,1;
2026/01/18;0700 UTC;0;991,6;992,1;991,6;;22,7;;23,1;22,7;;;;;;34;1;,3;
2026/01/18;0800 UTC;0;991,4;991,6;991,3;;22,6;;22,7;22,5;;;;;;137;1,4;,8;
2026/01/18;0900 UTC;0;991,1;991,4;991,1;;22,5;;22,7;22,5;;;;;;139;1,3;,8;
2026/01/18;1000 UTC;0;991,5;991,5;991,1;;22;;22,5;22;;;;;;356;1,2;,7;
2026/01/18;1100 UTC;0;992,2;992,2;991,5;;22,2;;22,2;21,9;;;;;;29;1,4;,4;
2026/01/18;1200 UTC;,4;992,8;992,8;992,2;;23,4;;23,5;22,2;;;;;;238;2;1,1;
2026/01/18;1300 UTC;0;993,3;993,3;992,8;;25,1;;25,2;23,4;;;;;;280;2,6;1,3;
2026/01/18;1400 UTC;0;993,4;993,4;993,2;;27;;27;25,1;;;;;;183;3,4;1,3;
2026/01/18;1500 UTC;0;993,1;993,4;993,1;;28,5;;29;27;;;;;;222;2,9;1,3;
2026/01/18;1600 UTC;0;992,4;993,1;992,4;;29,6;;29,8;28,5;;;;;;2;3,9;1,9;
2026/01/18;1700 UTC;0;991,7;992,4;991,7;;30,5;;30,6;29,6;;;;;;286;4,3;1,2;
2026/01/18;1800 UTC;0;990,7;991,7;990,7;;29,9;;31,4;28,5;;;;;;51;7,6;,8;
2026/01/18;1900 UTC;,2;989;990,7;989;;31,8;;31,8;29,8;;;;;;293;2,9;1;
2026/01/18;2000 UTC;0;987,7;989;987,7;;31,5;;32,1;31;;;;;;333;3,9;,7;
2026/01/18;2100 UTC;0;986,7;987,7;986,7;;31,7;;31,7;31;;;;;;322;3,2;1,6;
2026/01/18;2200 UTC;0;986,8;987;986,6;;32,1;;32,3;30,9;;;;;;319;2,5;,7;
2026/01/18;2300 UTC;0;987,5;987,5;986,8;;29,7;;32,4;29,7;;;;;;62;1,8;,8;
2026/01/19;0000 UTC;0;988,5;988,5;987,5;;26,8;;29,7;26,8;;;;;;336;1,7;1,1;
2026/01/19;0100 UTC;0;989,6;989,6;988,5;;26,3;;26,8;26,3;;;;;;292;2;,5;
2026/01/19;0200 UTC;0;990,5;990,5;989,6;;26,2;;26,3;25,9;;;;;;22;4,3;2,5;
2026/01/19;0300 UTC;0;990,5;990,7;990,5;;25,5;;26,2;25,5;;;;;;13;4,7;,8;
2026/01/19;0400 UTC;0;990,7;990,7;990,5;;24,9;;25,5;24,9;;;;;;216;1,4;,8;
2026/01/19;0500 UTC;0;990,9;990,9;990,7;;24,7;;25;24,7;;;;;;360;1,8;,8;
2026/01/19;0600 UTC;0;990,4;990,9;990,4;;24,7;;24,7;24,6;;;;;;108;1,9;,5;
2026/01/19;0700 UTC;0;990,2;990,4;990,1;;24,4;;24,7;24,4;;;;;;356;1,7;,6;
2026/01/19;0800 UTC;0;989,9;990,2;989,9;;24,1;;24,4;24,1;;;;;;102;1,1;,7;
2026/01/19;0900 UTC;0;989,8;989,9;989,7;;23,9;;24,1;23,9;;;;;;12;1,5;1,2;
2026/01/19;1000 UTC;0;990,1;990,1;989,7;;23,7;;24;23,7;;;;;;21;1,5;,9;
2026/01/19;1100 UTC;0;990,8;990,8;990,1;;23,4;;23,7;23,4;;;;;;70;1,3;,4;
2026/01/19;1200 UTC;0;991,5;991,5;990,8;;24,9;;24,9;23,4;;;;;;30;1,7;,6;
2026/01/19;1300 UTC;0;992,4;992,4;991,5;;26,5;;26,5;24,8;;;;;;343;3,2;2,1;
2026/01/19;1400 UTC;0;992,7;992,7;992,4;;28,4;;28,4;26,4;;;;;;326;3,5;1,7;
2026/01/19;1500 UTC;0;992,6;992,8;992,6;;30,2;;30,2;28,4;;;;;;331;4,3;1,9;
2026/01/19;1600 UTC;0;991,8;992,6;991,8;;31,6;;31,7;30;;;;;;6;4,1;1,9;
2026/01/19;1700 UTC;0;990,3;991,8;990,3;;32;;32,6;31,1;;;;;;283;5,8;2;
2026/01/19;1800 UTC;0;989;990,3;989;;29,5;;32,1;29,4;;;;;;318;7,5;3,8;
2026/01/19;1900 UTC;0;987,8;989;987,7;;31,6;;31,7;29,5;;;;;;20;7,4;2,9;
2026/01/19;2000 UTC;0;986,7;987,8;986,6;;32;;32,2;31,3;;;;;;312;5;2,1;
2026/01/19;2100 UTC;0;986,6;986,7;986,6;;29,8;;32;29,7;;;;;;265;4,6;1,5;
2026/01/19;2200 UTC;0;987;987;986,5;;29,2;;29,8;29,1;;;;;;134;4,4;1;
2026/01/19;2300 UTC;0;987,8;987,8;987;;28,3;;29,6;28,3;;;;;;116;2,7;1,8;
2026/01/20;0000 UTC;0;988,6;988,6;987,8;;26,8;;28,3;26,8;;;;;;260;2,7;,5;
2026/01/20;0100 UTC;0;989,2;989,2;988,6;;25,8;;26,8;25,8;;;;;;56;1,5;1,1;
2026/01/20;0200 UTC;0;990,5;990,5;989,2;;25,3;;25,8;25,3;;;;;;180;1,5;,5;
2026/01/20;0300 UTC;0;991,7;991,7;990,5;;25,4;;25,4;25;;;;;;221;2,6;,9;
2026/01/20;0400 UTC;0;992,2;992,2;991,7;;25,1;;25,5;25,1;;;;;;99;2,1;,7;
2026/01/20;0500 UTC;0;991,4;992,2;991,4;;24,7;;25,1;24,7;;;;;;17;1,9;1,3;
2026/01/20;0600 UTC;0;991,2;991,4;991,1;;24,7;;24,8;24,6;;;;;;360;4,2;2,7;
2026/01/20;0700 UTC;0;990,6;991,2;990,5;;24,6;;24,9;24,6;;;;;;346;4,2;2;
2026/01/20;0800 UTC;,8;989,8;990,6;989,8;;24,1;;24,6;24,1;;;;;;3;3,9;2,3;
2026/01/20;0900 UTC;,8;989,8;989,8;989,5;;24,1;;24,1;24;;;;;;70;3,6;,6;
2026/01/20;1000 UTC;0;990,3;990,3;989,8;;24,1;;24,2;24;;;;;;199;2;1,1;
2026/01/20;1100 UTC;,4;990,9;991;990,3;;24,2;;24,2;24;;;;;;168;2,2;1,2;
2026/01/20;1200 UTC;0;991,9;991,9;990,9;;24,7;;24,7;24,2;;;;;;304;1,9;1;
2026/01/20;1300 UTC;0;992,3;992,3;991,9;;26,2;;26,2;24,7;;;;;;235;3,1;1,8;
2026/01/20;1400 UTC;0;992,6;992,7;992,3;;28;;28;26,2;;;;;;253;3,6;1,4;
2026/01/20;1500 UTC;0;992,5;992,8;992,5;;29,5;;29,5;28;;;;;;256;4,8;2,7;
2026/01/20;1600 UTC;0;991,6;992,5;991,6;;27,7;;29,5;27,7;;;;;;337;6,2;1,7;
2026/01/20;1700 UTC;14,8;991,5;992;991,5;;24;;27,9;23,8;;;;;;360;8,3;2,3;
2026/01/20;1800 UTC;1,2;990,5;991,4;990,5;;24,3;;24,3;24;;;;;;152;4,3;1,1;
2026/01/20;1900 UTC;1;989;990,5;989;;24,7;;24,8;24,3;;;;;;40;2,5;1;
2026/01/20;2000 UTC;0;988,9;989,1;988,7;;25,7;;25,8;24,7;;;;;;342;5,5;2,9;
2026/01/20;2100 UTC;0;988,5;989;988,5;;26;;26;25,7;;;;;;306;5,8;,9;
2026/01/20;2200 UTC;0;988,4;988,5;988,2;;25,9;;26,2;25,7;;;;;;50;2,8;1,3;
2026/01/20;2300 UTC;0;989;989,1;988,4;;25,7;;26;25,7;;;;;;166;2,1;,8;
2026/01/21;0000 UTC;0;989,9;989,9;989;;25,3;;25,7;25,2;;;;;;106;1,6;,7;
2026/01/21;0100 UTC;0;991,1;991,1;989,9;;24,9;;25,3;24,9;;;;;;356;2,5;,9;
2026/01/21;0200 UTC;0;991,9;991,9;991,1;;24,7;;24,9;24,7;;;;;;30;2,6;1,5;
2026/01/21;0300 UTC;0;992;992,1;991,9;;24,6;;24,7;24,6;;;;;;117;2,8;,4;
2026/01/21;0400 UTC;0;990,7;992;990,7;;24,3;;24,6;24,3;;;;;;339;1,9;1,2;
2026/01/21;0500 UTC;0;990,5;990,8;990,5;;24;;24,4;24;;;;;;58;1,9;,7;
2026/01/21;0600 UTC;0;990,3;990,5;990,3;;23,7;;24;23,7;;;;;;316;2,1;,5;
2026/01/21;0700 UTC;0;989,7;990,3;989,7;;23,8;;23,8;23,7;;;;;;176;1,5;,6;
2026/01/21;0800 UTC;0;989;989,7;988,9;;23,7;;23,8;23,6;;;;;;121;2,4;,7;
2026/01/21;0900 UTC;0;989,6;989,6;988,9;;23,6;;23,7;23,6;;;;;;273;1,6;,6;
2026/01/21;1000 UTC;;;;;;;;;;;;;;;;;;
2026/01/21;1100 UTC;0;990,9;990,9;990,1;;23,7;;23,7;23,6;;;;;;60;2,3;,9;
2026/01/21;1200 UTC;0;992;992;990,9;;23,9;;23,9;23,7;;;;;;350;1,9;,6;
2026/01/21;1300 UTC;0;992,8;992,8;992;;24,3;;24,4;23,9;;;;;;144;2,2;,6;
2026/01/21;1400 UTC;0;993,4;993,4;992,8;;25,1;;25,2;24,3;;;;;;11;1,9;1,1;
2026/01/21;1500 UTC;0;993,4;993,5;993,4;;25,4;;25,6;25,1;;;;;;11;3,4;2;
2026/01/21;1600 UTC;0;992,7;993,4;992,7;;26,1;;26,2;25,4;;;;;;287;3,5;,8;
2026/01/21;1700 UTC;0;991,8;992,7;991,8;;27,4;;27,4;26,1;;;;;;274;2,8;,9;
2026/01/21;1800 UTC;,2;990,5;991,8;990,5;;28,5;;28,8;27,3;;;;;;317;3;1,5;
2026/01/21;1900 UTC;0;988,7;990,5;988,7;;29,9;;30;28,5;;;;;;66;3,4;,7;
2026/01/21;2000 UTC;0;988;988,7;988;;30,3;;30,7;29,8;;;;;;233;3,9;1,9;
2026/01/21;2100 UTC;0;987,5;988;987,5;;30,4;;31;30,1;;;;;;165;4,5;2,3;
2026/01/21;2200 UTC;0;987,6;987,7;987,5;;28,5;;31;28,5;;;;;;197;7,1;2,6;
2026/01/21;2300 UTC;0;988,4;988,5;987,5;;26,5;;28,7;26,5;;;;;;182;7,7;3,3;
2026/01/22;0000 UTC;0;989,7;989,7;988,3;;25,7;;26,5;25,7;;;;;;201;5,8;3,3;
2026/01/22;0100 UTC;0;990,6;990,6;989,7;;25,3;;25,7;25,3;;;;;;223;5,8;1,3;
2026/01/22;0200 UTC;0;991;991;990,5;;24,7;;25,3;24,7;;;;;;243;1,9;,6;
2026/01/22;0300 UTC;0;991,2;991,3;990,9;;24,2;;24,7;24,2;;;;;;215;1,8;1,1;
2026/01/22;0400 UTC;0;991,1;991,3;991,1;;24,2;;24,4;24,2;;;;;;133;2;1;
2026/01/22;0500 UTC;0;991;991,2;990,9;;23,9;;24,2;23,9;;;;;;216;1,6;,4;
2026/01/22;0600 UTC;0;991,4;991,4;991;;23,6;;23,9;23,6;;;;;;249;2,3;,9;
2026/01/22;0700 UTC;0;991,2;991,4;991,2;;23,6;;23,7;23,6;;;;;;315;1,8;,4;
2026/01/22;0800 UTC;0;990,8;991,2;990,7;;23,6;;23,6;23,6;;;;;;168;1,3;,9;
2026/01/22;0900 UTC;0;990,8;990,8;990,5;;23,4;;23,6;23,4;;;;;;293;2,1;,3;
2026/01/22;1000 UTC;0;990,9;990,9;990,6;;23,3;;23,5;23,3;;;;;;113;,9;,6;
2026/01/22;1100 UTC;0;991,9;991,9;990,9;;23,2;;23,3;23,2;;;;;;335;1,5;1,1;
2026/01/22;1200 UTC;0;991,9;992,1;991,9;;24;;24,2;23,2;;;;;;78;3,1;,5;
2026/01/22;1300 UTC;0;992,2;992,2;991,8;;25,3;;25,3;23,9;;;;;;131;3,8;1,1;
2026/01/22;1400 UTC;0;992,4;992,4;992,2;;26,6;;26,6;25,3;;;;;;265;3,7;1,1;
2026/01/22;1500 UTC;0;992,1;992,4;992,1;;27,6;;27,7;26,6;;;;;;320;3,5;1,9;
2026/01/22;1600 UTC;0;991,9;992,2;991,9;;28,6;;28,7;27,4;;;;;;316;3,4;1,8;
2026/01/22;1700 UTC;0;991,1;991,9;991,1;;29,9;;30,1;28,6;;;;;;283;4,9;1,8;
2026/01/22;1800 UTC;0;989,5;991,1;989,5;;31,3;;31,3;29,8;;;;;;244;5,5;2,3;
2026/01/22;1900 UTC;0;988,2;989,5;988,2;;31,5;;32,1;30,9;;;;;;212;5,6;3,2;
2026/01/22;2000 UTC;0;987,3;988,2;987,2;;31;;32;30,8;;;;;;222;5,8;1,7;
2026/01/22;2100 UTC;0;987;987,3;986,9;;31;;31,3;30,9;;;;;;283;2,9;,8;
2026/01/22;2200 UTC;0;986,8;987;986,8;;28,3;;31;28,3;;;;;;24;6,1;3,1;
2026/01/22;2300 UTC;0;987,7;987,7;986,8;;26,6;;28,3;26,6;;;;;;26;5,5;1,4;
2026/01/23;0000 UTC;0;989,1;989,1;987,7;;25,9;;26,6;25,9;;;;;;116;4,7;1,7;
2026/01/23;0100 UTC;5;989,8;989,9;989,1;;24,7;;26;24,7;;;;;;350;5,8;2,8;
2026/01/23;0200 UTC;2,8;991,2;991,2;989,8;;24,6;;24,7;24,6;;;;;;260;4,8;1,2;
2026/01/23;0300 UTC;1,4;991,7;991,7;991,2;;24,2;;24,6;24,2;;;;;;260;4,3;1,9;
2026/01/23;0400 UTC;2;991,7;992,1;991,7;;24;;24,2;23,9;;;;;;217;3,5;1,2;
2026/01/23;0500 UTC;,2;991,3;991,7;991,3;;24;;24;23,9;;;;;;267;2;,5;
2026/01/23;0600 UTC;0;991;991,3;991;;23,9;;24;23,9;;;;;;199;1,5;,4;
2026/01/23;0700 UTC;0;990,8;991;990,8;;24,1;;24,1;23,9;;;;;;143;3,3;1,7;
2026/01/23;0800 UTC;0;990,7;990,8;990,4;;24;;24,1;23,9;;;;;;196;3,3;,8;
2026/01/23;0900 UTC;0;991;991;990,7;;23,8;;24,1;23,8;;;;;;273;2,5;1,5;
2026/01/23;1000 UTC;0;991,8;991,8;991;;23,8;;23,8;23,7;;;;;;256;3,1;1,1;
2026/01/23;1100 UTC;1,2;992,7;992,7;991,8;;23,6;;23,8;23,6;;;;;;265;3,6;1,8;
2026/01/23;1200 UTC;,8;993,9;993,9;992,7;;23,7;;23,7;23,5;;;;;;260;3,8;1,7;
2026/01/23;1300 UTC;2;994,8;994,8;993,9;;23,7;;23,8;23,6;;;;;;255;3,6;1,4;
2026/01/23;1400 UTC;3,4;995,3;995,3;994,8;;23,7;;23,8;23,6;;;;;;295;2,9;,8;
2026/01/23;1500 UTC;1;995,1;995,3;995,1;;24,1;;24,2;23,6;;;;;;345;2,9;1,7;
2026/01/23;1600 UTC;0;994,5;995,1;994,5;;24,6;;24,6;24;;;;;;336;3,3;2;
2026/01/23;1700 UTC;0;993,8;994,5;993,8;;25,5;;25,7;24,6;;;;;;103;3,2;1,1;
2026/01/23;1800 UTC;0;992,8;993,8;992,8;;26,2;;26,3;25,5;;;;;;265;3;1,1;
2026/01/23;1900 UTC;0;991,3;992,8;991,3;;27,3;;27,3;26,2;;;;;;289;2,6;,6;
2026/01/23;2000 UTC;0;989,6;991,3;989,6;;27,7;;28;27,3;;;;;;263;2,9;,6;
2026/01/23;2100 UTC;0;988,5;989,6;988,5;;29,2;;29,8;27,7;;;;;;195;5;2,8;
2026/01/23;2200 UTC;0;988,5;988,5;988,3;;29;;29,6;28,8;;;;;;303;5;,9;
2026/01/23;2300 UTC;0;989,5;989,5;988,5;;26,9;;29,1;26,9;;;;;;321;4,8;2,5;
2026/01/24;0000 UTC;0;990,4;990,4;989,5;;26,1;;26,9;26,1;;;;;;327;4,4;1,9;
2026/01/24;0100 UTC;0;991,3;991,3;990,4;;25,3;;26,1;25,3;;;;;;333;3,6;1;
2026/01/24;0200 UTC;0;992,3;992,3;991,3;;25,1;;25,3;25,1;;;;;;311;2,6;,6;
2026/01/24;0300 UTC;0;992,1;992,6;992,1;;25;;25,1;25;;;;;;15;1,2;,2;
2026/01/24;0400 UTC;0;991,8;992,1;991,8;;24,8;;25,1;24,8;;;;;;163;,8;,2;
2026/01/24;0500 UTC;0;991,6;991,8;991,6;;24,4;;24,8;24,4;;;;;;36;1,4;1,1;
2026/01/24;0600 UTC;0;991;991,5;991;;24,2;;24,4;24,2;;;;;;21;1,4;,5;
2026/01/24;0700 UTC;0;990,5;991;990,5;;24,2;;24,2;24,1;;;;;;37;1;,5;
2026/01/24;0800 UTC;0;990,7;990,7;990,5;;24,2;;24,2;24,1;;;;;;271;1,2;,4;
2026/01/24;0900 UTC;0;990,8;990,8;990,6;;24;;24,2;24;;;;;;264;2,8;1,6;
2026/01/24;1000 UTC;0;991,1;991,1;990,8;;24;;24;23,9;;;;;;249;3,1;,8;
2026/01/24;1100 UTC;0;991,5;991,5;991;;23,7;;24;23,7;;;;;;302;1,5;,8;
2026/01/24;1200 UTC;0;992,4;992,4;991,5;;24,2;;24,2;23,7;;;;;;221;1,9;1,2;
2026/01/24;1300 UTC;0;992,9;992,9;992,4;;25,3;;25,4;24,2;;;;;;207;3,3;1,9;
2026/01/24;1400 UTC;0;993,4;993,4;992,9;;27,6;;27,6;25,3;;;;;;230;4;2;
2026/01/24;1500 UTC;0;993,2;993,5;993,2;;28,7;;28,7;27,3;;;;;;218;4,8;1,9;
2026/01/24;1600 UTC;0;992,7;993,2;992,7;;29,8;;30,1;28,6;;;;;;205;4,3;1,9;
2026/01/24;1700 UTC;0;991,7;992,7;991,7;;31,3;;31,5;29,8;;;;;;171;4,9;1,5;
2026/01/24;1800 UTC;0;990;991,7;990;;32,2;;32,2;31,2;;;;;;203;4,3;1,7;
2026/01/24;1900 UTC;0;988,7;990;988,7;;32,7;;33;32;;;;;;235;5;2,4;
2026/01/24;2000 UTC;0;987,9;988,7;987,9;;33,6;;33,7;32,6;;;;;;215;4,9;2,3;
2026/01/24;2100 UTC;0;987,4;987,9;987,2;;31,1;;33,6;31,1;;;;;;148;7;3,2;
2026/01/24;2200 UTC;0;988,3;988,3;987,4;;28,4;;31,1;28,3;;;;;;150;7;1,2;
2026/01/24;2300 UTC;0;989,7;989,7;988,3;;27,4;;28,5;27,4;;;;;;22;3;1,8;
2026/01/25;0000 UTC;0;990,3;990,3;989,6;;26,4;;27,4;26,4;;;;;;32;4,4;2,8;
2026/01/25;0100 UTC;0;991,5;991,5;990,2;;25,4;;26,4;25,4;;;;;;348;5,2;2,3;
2026/01/25;0200 UTC;0;992,2;992,2;991,5;;25;;25,4;25;;;;;;27;3,9;1,9;
2026/01/25;0300 UTC;0;993,2;993,4;992,2;;24,8;;25;24,8;;;;;;6;3,1;1,6;
2026/01/25;0400 UTC;0;992,5;993,2;992,5;;24,5;;24,8;24,5;;;;;;355;3,3;1,4;
2026/01/25;0500 UTC;0;992,7;992,7;992,5;;24,5;;24,6;24,4;;;;;;289;2,5;,6;
2026/01/25;0600 UTC;0;992,3;992,7;992,3;;24,3;;24,5;24,3;;;;;;7;2,1;1,3;
2026/01/25;0700 UTC;0;991,5;992,3;991,5;;24,2;;24,3;24,2;;;;;;223;2,1;,4;
2026/01/25;0800 UTC;0;990,9;991,5;990,9;;24,1;;24,3;24,1;;;;;;124;,9;,4;
2026/01/25;0900 UTC;0;990,4;990,9;990,4;;23,9;;24,2;23,8;;;;;;217;1,3;,6;
2026/01/25;1000 UTC;0;990,8;990,8;990,4;;23,3;;23,9;23,3;;;;;;149;2;1,3;
2026/01/25;1100 UTC;0;991,6;991,6;990,8;;23,4;;23,5;23,3;;;;;;146;2,1;,4;
2026/01/25;1200 UTC;0;993,2;993,2;991,6;;24,3;;24,3;23,4;;;;;;338;1,8;1,4;
2026/01/25;1300 UTC;0;993,9;993,9;993,2;;25,3;;25,4;24,3;;;;;;255;3;,8;
2026/01/25;1400 UTC;0;994,8;994,8;993,9;;26,3;;26,3;25,3;;;;;;259;4,5;2;
2026/01/25;1500 UTC;0;994,9;995;994,8;;27,5;;27,5;26,3;;;;;;289;4;1,8;
2026/01/25;1600 UTC;0;993,9;994,9;993,9;;28,8;;28,9;27,4;;;;;;253;4,9;2,5;
2026/01/25;1700 UTC;0;992,7;993,9;992,7;;30,2;;30,6;28,8;;;;;;259;9,3;2,6;
2026/01/25;1800 UTC;0;991,3;992,7;991,3;;31,3;;31,3;29,6;;;;;;293;5,5;2,3;
2026/01/25;1900 UTC;0;990,5;991,4;990,5;;31,4;;31,7;30,8;;;;;;290;5;1,9;
2026/01/25;2000 UTC;0;989,7;990,5;989,6;;28,2;;31,4;28,2;;;;;;272;8;3,7;
2026/01/25;2100 UTC;0;989,9;990;989,6;;26,1;;28,2;25,8;;;;;;219;7,4;3,1;
2026/01/25;2200 UTC;,8;990,2;990,2;989,8;;25,2;;26,4;25,1;;;;;;170;5,2;1;
2026/01/25;2300 UTC;0;991,3;991,3;990,2;;25,1;;25,4;25;;;;;;321;3,3;,6;
2026/01/26;0000 UTC;,4;991,6;991,6;991,2;;24,6;;25,1;24,6;;;;;;46;2,2;1,4;
2026/01/26;0100 UTC;0;992,7;992,7;991,6;;24,7;;24,8;24,6;;;;;;93;2,2;,9;
2026/01/26;0200 UTC;0;993,8;993,8;992,7;;24,5;;24,7;24,4;;;;;;59;1,8;,9;
2026/01/26;0300 UTC;0;993,8;994,2;993,8;;24,4;;24,5;24,3;;;;;;231;2,2;,2;
2026/01/26;0400 UTC;0;993,9;994;993,8;;24,2;;24,5;24,2;;;;;;337;1;,6;
2026/01/26;0500 UTC;0;993,4;993,9;993,4;;24,2;;24,2;24;;;;;;217;1,6;,5;
2026/01/26;0600 UTC;0;992,3;993,4;992,3;;24,1;;24,2;24,1;;;;;;342;1,6;,6;
2026/01/26;0700 UTC;0;991,8;992,3;991,8;;23,9;;24,1;23,9;;;;;;354;1,4;,8;
2026/01/26;0800 UTC;0;991,5;991,8;991,5;;23,7;;23,9;23,7;;;;;;360;2;1,2;
2026/01/26;0900 UTC;0;991,5;991,5;991,3;;23,7;;23,7;23,6;;;;;;269;2,5;,5;
2026/01/26;1000 UTC;0;992,7;992,7;991,5;;23,6;;23,7;23,6;;;;;;351;2,8;,7;
2026/01/26;1100 UTC;0;993,7;993,7;992,7;;23,7;;23,7;23,6;;;;;;207;1,6;,7;
2026/01/26;1200 UTC;,2;994,3;994,3;993,7;;23,9;;24;23,7;;;;;;278;1,4;,5;
2026/01/26;1300 UTC;0;995,1;995,1;994,3;;24,7;;24,7;23,9;;;;;;42;2,1;1,1;
2026/01/26;1400 UTC;,8;995,5;995,5;995,1;;24,9;;25,1;24,7;;;;;;263;2,1;,6;
2026/01/26;1500 UTC;0;995,3;995,6;995,3;;26,2;;26,2;24,9;;;;;;71;2,7;,9;
2026/01/26;1600 UTC;0;994,6;995,3;994,6;;27,4;;27,5;26,2;;;;;;2;3,1;1,9;
2026/01/26;1700 UTC;2,2;994;994,6;993,9;;25;;27,9;25;;;;;;325;7,8;3,7;
2026/01/26;1800 UTC;43;993,9;994,1;993,9;;24,2;;24,9;24;;;;;;13;7,8;2,2;
2026/01/26;1900 UTC;4,4;992;993,9;992;;24,4;;24,4;24,2;;;;;;18;5;2,8;
2026/01/26;2000 UTC;0;990,5;992;990,5;;24,7;;24,7;24,4;;;;;;30;5,8;2,8;
2026/01/26;2100 UTC;0;990;990,5;990;;25;;25;24,6;;;;;;25;4,4;2,2;
2026/01/26;2200 UTC;0;990;990;989,8;;25,5;;25,5;24,9;;;;;;31;4;2;
2026/01/26;2300 UTC;0;990,3;990,5;990;;24,9;;25,5;24,9;;;;;;13;4;1,3;
2026/01/27;0000 UTC;0;991,2;991,3;990,3;;24,5;;24,9;24,5;;;;;;38;2,9;1,5;
2026/01/27;0100 UTC;0;992,1;992,1;991,1;;24,1;;24,5;24,1;;;;;;331;2,5;1;
2026/01/27;0200 UTC;0;993,4;993,4;992,1;;24,2;;24,2;24,1;;;;;;326;1,8;1;
2026/01/27;0300 UTC;0;994,1;994,1;993,4;;24,2;;24,2;24,1;;;;;;79;1,8;,3;
2026/01/27;0400 UTC;0;993,8;994,1;993,8;;24;;24,2;24;;;;;;333;1,1;,7;
2026/01/27;0500 UTC;,2;993,7;993,8;993,6;;24,1;;24,2;24;;;;;;124;1;,4;
2026/01/27;0600 UTC;,6;993,2;993,8;993,2;;24;;24,1;23,9;;;;;;44;1,8;1;
2026/01/27;0700 UTC;,2;992,8;993,2;992,7;;23,9;;24;23,9;;;;;;334;2,3;1,3;
2026/01/27;0800 UTC;0;992,4;992,8;992,4;;23,7;;23,9;23,7;;;;;;357;3,1;1,4;
2026/01/27;0900 UTC;0;992,3;992,4;992,3;;23,7;;23,7;23,7;;;;;;351;2,8;,4;
2026/01/27;1000 UTC;,2;992,6;992,6;992,2;;23,7;;23,8;23,7;;;;;;351;2,6;1,6;
2026/01/27;1100 UTC;0;993,3;993,3;992,6;;23,8;;23,8;23,7;;;;;;7;2,6;1,1;
2026/01/27;1200 UTC;0;994,3;994,3;993,3;;24,3;;24,3;23,8;;;;;;16;2,1;1,1;
2026/01/27;1300 UTC;0;995,1;995,1;994,3;;24,6;;24,7;24,2;;;;;;350;3,6;2,1;
2026/01/27;1400 UTC;0;995,5;995,5;995,1;;25,1;;25,2;24,6;;;;;;349;4;2,5;
2026/01/27;1500 UTC;,4;995,4;995,7;995,4;;26,2;;26,6;25,1;;;;;;351;4,5;2,3;
2026/01/27;1600 UTC;1,4;995,1;995,5;995,1;;26,1;;26,4;26;;;;;;11;4,4;1;
2026/01/27;1700 UTC;29,2;994,3;995,2;994,3;;24,3;;26,3;24,1;;;;;;355;6,6;1,7;
2026/01/27;1800 UTC;2;992,9;994,3;992,9;;25,6;;25,6;24,3;;;;;;252;3;,5;
2026/01/27;1900 UTC;0;991,4;992,8;991,4;;27,2;;27,4;25,5;;;;;;211;2,3;1,3;
2026/01/27;2000 UTC;14,2;991,1;991,4;990,8;;24,8;;27,6;24,8;;;;;;7;5,6;3,7;
2026/01/27;2100 UTC;40;991;991,2;991;;24,1;;24,9;24,1;;;;;;94;6,8;2,9;
2026/01/27;2200 UTC;3;992,4;992,4;991;;24,2;;24,3;24,1;;;;;;242;5,1;2,5;
2026/01/27;2300 UTC;8,4;992,7;992,8;992,4;;22,8;;24,2;22,7;;;;;;99;4,1;2,6;
2026/01/28;0000 UTC;4,4;993,4;993,4;992,7;;22,8;;22,8;22,6;;;;;;109;3,6;,9;
2026/01/28;0100 UTC;2,2;994,2;994,2;993,4;;23,2;;23,2;22,8;;;;;;205;1,3;,8;
2026/01/28;0200 UTC;1;995,2;995,2;994,2;;22,9;;23,3;22,9;;;;;;161;2,9;1,9;
2026/01/28;0300 UTC;,4;995,5;995,5;995,2;;22,4;;22,9;22,4;;;;;;173;3,8;2,4;
2026/01/28;0400 UTC;0;995,1;995,5;995,1;;22,2;;22,4;22,2;;;;;;174;3,7;2,1;
2026/01/28;0500 UTC;0;994,6;995,1;994,6;;22,2;;22,3;22,2;;;;;;177;3,5;1;
2026/01/28;0600 UTC;,4;993,6;994,6;993,6;;22,2;;22,3;22,2;;;;;;164;2,3;1,2;
2026/01/28;0700 UTC;0;992,9;993,6;992,9;;22,4;;22,4;22,2;;;;;;219;1,8;,8;
2026/01/28;0800 UTC;0;992,8;992,9;992,7;;22,3;;22,5;22,3;;;;;;248;2,5;,8;
2026/01/28;0900 UTC;0;992,5;992,8;992,5;;22,4;;22,4;22,3;;;;;;190;1,6;1;
2026/01/28;1000 UTC;0;993,1;993,1;992,5;;22,5;;22,5;22,3;;;;;;17;1,5;,7;
2026/01/28;1100 UTC;,6;994,5;994,5;993,1;;22,5;;22,5;22,5;;;;;;317;2,1;1,5;
2026/01/28;1200 UTC;1;995,9;995,9;994,5;;22,7;;22,7;22,4;;;;;;289;2,1;1;
2026/01/28;1300 UTC;1,8;996,7;996,7;995,9;;22,8;;22,8;22,4;;;;;;327;4,3;1,5;
2026/01/28;1400 UTC;,4;997;997;996,7;;23,1;;23,1;22,7;;;;;;339;2,7;1,1;
2026/01/28;1500 UTC;2,2;996,6;997;996,6;;23,6;;23,6;23,1;;;;;;352;2,8;1,5;
2026/01/28;1600 UTC;0;995,8;996,6;995,8;;24,8;;24,9;23,5;;;;;;346;3,4;1,6;
2026/01/28;1700 UTC;0;994,9;995,8;994,9;;25,9;;26;24,6;;;;;;306;3,4;1,4;
2026/01/28;1800 UTC;0;993,7;994,9;993,7;;26,6;;26,7;25,9;;;;;;326;5,2;2,7;
2026/01/28;1900 UTC;,2;992,6;993,7;992,6;;27,3;;27,3;26,5;;;;;;263;4,6;1,2;
2026/01/28;2000 UTC;0;991,6;992,6;991,6;;27,8;;27,8;27;;;;;;325;4,5;2,5;
2026/01/28;2100 UTC;0;991;991,6;991;;28,2;;28,2;27,5;;;;;;335;5,1;2,6;
2026/01/28;2200 UTC;0;991,1;991,1;990,9;;28,1;;28,6;28,1;;;;;;11;4,6;3;
2026/01/28;2300 UTC;0;991,6;991,6;991,1;;25,9;;28,1;25,9;;;;;;22;6;2,3;
2026/01/29;0000 UTC;0;992,8;992,8;991,6;;24,6;;25,9;24,6;;;;;;36;4,1;2;
2026/01/29;0100 UTC;0;993,6;993,6;992,8;;24,2;;24,6;24,2;;;;;;23;4;,8;
2026/01/29;0200 UTC;0;994,4;994,4;993,6;;24,1;;24,2;24,1;;;;;;70;1,8;,6;
2026/01/29;0300 UTC;0;995,1;995,1;994,4;;23,8;;24,1;23,8;;;;;;358;1,2;,6;
2026/01/29;0400 UTC;0;994,9;995,1;994,9;;23,6;;23,8;23,6;;;;;;176;1,1;,4;
2026/01/29;0500 UTC;0;994,8;994,9;994,8;;23,6;;23,7;23,6;;;;;;33;,7;,4;
2026/01/29;0600 UTC;0;994,5;994,8;994,5;;23,6;;23,7;23,5;;;;;;53;1,3;,7;
2026/01/29;0700 UTC;0;993,9;994,5;993,9;;23,5;;23,6;23,4;;;;;;347;1;,2;
2026/01/29;0800 UTC;0;993,3;993,9;993,3;;23,3;;23,5;23,3;;;;;;77;1,6;1,1;
2026/01/29;0900 UTC;0;993,4;993,4;993,2;;23,1;;23,3;23,1;;;;;;83;1,4;,9;
2026/01/29;1000 UTC;0;993,7;993,7;993,4;;23;;23,1;22,9;;;;;;12;1,3;,2;
2026/01/29;1100 UTC;0;994,4;994,4;993,7;;23,1;;23,1;23;;;;;;245;,6;,4;
2026/01/29;1200 UTC;0;995,5;995,5;994,4;;23,4;;23,4;23,1;;;;;;241;,9;,4;
2026/01/29;1300 UTC;0;996,4;996,4;995,5;;23,9;;24;23,4;;;;;;55;1,6;1;
2026/01/29;1400 UTC;0;996,8;996,8;996,4;;25;;25;23,9;;;;;;4;2,3;1,2;
2026/01/29;1500 UTC;0;996,9;997;996,8;;25,7;;25,8;25;;;;;;32;3,6;2,6;
2026/01/29;1600 UTC;0;996,1;996,9;996,1;;26,6;;26,8;25,7;;;;;;27;3,8;2,1;
2026/01/29;1700 UTC;0;995;996,1;995;;27,2;;27,5;26,4;;;;;;227;4,6;1;
2026/01/29;1800 UTC;0;993,5;995;993,5;;28,6;;28,7;27,1;;;;;;269;3,8;2,2;
2026/01/29;1900 UTC;0;991,9;993,5;991,9;;29,5;;29,6;28,3;;;;;;223;4,6;,7;
2026/01/29;2000 UTC;0;990,9;991,9;990,9;;30,2;;30,3;29;;;;;;283;4;1,6;
2026/01/29;2100 UTC;0;990;990,9;990;;30,3;;30,3;29,6;;;;;;272;4,5;1,1;
2026/01/29;2200 UTC;0;990,5;990,5;990;;29,2;;30,3;29,2;;;;;;264;5,3;2,6;
2026/01/29;2300 UTC;0;991,5;991,5;990,5;;27,5;;29,2;27,5;;;;;;250;4,5;2,2;
2026/01/30;0000 UTC;0;992,5;992,5;991,5;;26,4;;27,5;26,4;;;;;;218;4,1;1,5;
2026/01/30;0100 UTC;0;993,9;993,9;992,5;;25,9;;26,4;25,9;;;;;;171;4,7;2,8;
2026/01/30;0200 UTC;,8;994,8;994,8;993,9;;24,4;;25,9;24,4;;;;;;154;4,8;1,3;
2026/01/30;0300 UTC;3;995,9;995,9;994,8;;24,3;;24,4;24,2;;;;;;21;2,2;,8;
2026/01/30;0400 UTC;1,4;995,7;996;995,7;;24;;24,3;24;;;;;;26;4;2;
2026/01/30;0500 UTC;3,6;995,2;995,7;995,2;;23,9;;24,1;23,9;;;;;;93;3;1,1;
2026/01/30;0600 UTC;4;994,3;995,2;994,3;;23,9;;24;23,9;;;;;;152;1,8;,6;
2026/01/30;0700 UTC;1;993,4;994,3;993,4;;23,8;;23,9;23,8;;;;;;186;1,8;1,2;
2026/01/30;0800 UTC;0;993,2;993,4;993,1;;23,7;;23,8;23,7;;;;;;77;1,7;,5;
2026/01/30;0900 UTC;0;993,4;993,4;993,2;;23,6;;23,7;23,5;;;;;;189;2,5;1,3;
2026/01/30;1000 UTC;0;993,8;993,8;993,3;;23,5;;23,6;23,5;;;;;;178;3;1,8;
2026/01/30;1100 UTC;0;994,7;994,7;993,8;;23,7;;23,7;23,5;;;;;;212;2,4;,7;
2026/01/30;1200 UTC;0;995,7;995,7;994,7;;23,9;;23,9;23,6;;;;;;229;1,6;,9;
2026/01/30;1300 UTC;0;996,5;996,5;995,7;;25,3;;25,3;23,9;;;;;;73;1,7;,7;
2026/01/30;1400 UTC;0;996,9;996,9;996,5;;26,2;;26,3;25,3;;;;;;216;1,9;1,1;
2026/01/30;1500 UTC;0;996,7;997;996,7;;27,4;;27,4;26,1;;;;;;235;3,2;1,1;
2026/01/30;1600 UTC;1,2;996;996,7;996;;27,2;;27,7;27;;;;;;320;2,5;1,2;
2026/01/30;1700 UTC;1;994,6;996;994,6;;28;;28,4;26,6;;;;;;225;3,6;1,1;
2026/01/30;1800 UTC;3,4;993,1;994,6;993,1;;26,4;;28,9;26,4;;;;;;198;4,8;1,3;
2026/01/30;1900 UTC;0;992,1;993,1;992,1;;26,5;;27,6;26,3;;;;;;308;7,8;2,8;
2026/01/30;2000 UTC;14,4;991,4;992,1;991,4;;24,4;;26,5;24;;;;;;248;6,1;2,3;
2026/01/30;2100 UTC;0;990,3;991,4;990,3;;25,8;;25,8;24,4;;;;;;219;3,6;1,7;
2026/01/30;2200 UTC;0;989,8;990,4;989,8;;26,4;;26,7;25,6;;;;;;207;3,3;1,5;
2026/01/30;2300 UTC;0;990;990;989,8;;25,6;;26,4;25,6;;;;;;191;2,4;1,5;
2026/01/31;0000 UTC;0;991;991;990;;25,1;;25,6;25,1;;;;;;144;3,7;,9;
2026/01/31;0100 UTC;0;992;992;991;;24,6;;25,1;24,6;;;;;;121;2,2;,8;
2026/01/31;0200 UTC;0;992,9;992,9;992;;24,1;;24,6;24,1;;;;;;333;1,4;,7;
2026/01/31;0300 UTC;0;993,4;993,4;992,9;;23,9;;24,2;23,8;;;;;;3;1,7;,9;
2026/01/31;0400 UTC;0;993,4;993,6;993,4;;24;;24;23,8;;;;;;21;2;,7;
2026/01/31;0500 UTC;0;992,8;993,5;992,8;;24,1;;24,2;24;;;;;;21;1,4;,8;
2026/01/31;0600 UTC;0;992,4;992,8;992,4;;24,3;;24,3;24,1;;;;;;41;1,3;,7;
2026/01/31;0700 UTC;0;992,1;992,4;992,1;;24,5;;24,5;24,3;;;;;;207;1,3;,3;
2026/01/31;0800 UTC;0;991,9;992,1;991,8;;24,5;;24,5;24,4;;;;;;302;1,3;,3;
2026/01/31;0900 UTC;0;991,8;992;991,8;;24,4;;24,5;24,4;;;;;;281;1,7;,7;
2026/01/31;1000 UTC;0;991,8;991,9;991,8;;24,1;;24,4;24,1;;;;;;232;1,9;1,1;
2026/01/31;1100 UTC;0;992,7;992,7;991,8;;23,9;;24,1;23,9;;;;;;313;1,7;,8;
2026/01/31;1200 UTC;0;993,4;993,4;992,7;;24,2;;24,2;23,9;;;;;;308;2,6;,9;
2026/01/31;1300 UTC;0;994,2;994,2;993,4;;24,9;;25;24,1;;;;;;121;1,7;,6;
2026/01/31;1400 UTC;0;994,5;994,5;994,2;;26;;26,4;24,8;;;;;;274;3,1;,9;
2026/01/31;1500 UTC;0;994,6;994,6;994,4;;28,3;;28,3;26;;;;;;353;2,9;1,7;
2026/01/31;1600 UTC;,2;994,2;994,6;994,2;;28,9;;29,1;28,1;;;;;;257;3,7;,8;
2026/01/31;1700 UTC;0;993,3;994,2;993,3;;30,1;;30,1;29;;;;;;314;2,9;1,6;
2026/01/31;1800 UTC;0;991,4;993,3;991,4;;31,1;;31,3;30;;;;;;320;3,8;,8;
2026/01/31;1900 UTC;,8;989,6;991,4;989,6;;28,7;;31,5;28;;;;;;14;6,8;,8;
2026/01/31;2000 UTC;0;988,3;989,6;988,3;;31,6;;31,6;28,7;;;;;;130;2,2;,9;
2026/01/31;2100 UTC;0;987,9;988,3;987,8;;28,7;;31,9;28,7;;;;;;293;6;1,8;
2026/01/31;2200 UTC;0;987,9;987,9;987,7;;28,6;;29,2;28,5;;;;;;286;4,3;1,1;
2026/01/31;2300 UTC;0;988,5;988,5;987,9;;28;;28,6;28;;;;;;294;2,2;,5;
