REGIAO:;CO
UF:;MT
ESTACAO:;LUCAS DO RIO VERDE
CODIGO (WMO):;A955
LATITUDE:;-13,07499999
LONGITUDE:;-55,91138888
ALTITUDE:;393
DATA DE FUNDACAO:;03/12/25
Data;Hora UTC;PRECIPITAÇÃO TOTAL, HORÁRIO (mm);PRESSAO ATMOSFERICA AO NIVEL DA ESTACAO, HORARIA (mB);PRESSÃO ATMOSFERICA MAX.NA HORA ANT. (AUT) (mB);PRESSÃO ATMOSFERICA MIN. NA HORA ANT. (AUT) (mB);RADIACAO GLOBAL (Kj/m²);TEMPERATURA DO AR - BULBO SECO, HORARIA (°C);TEMPERATURA DO PONTO DE ORVALHO (°C);TEMPERATURA MÁXIMA NA HORA ANT. (AUT) (°C);TEMPERATURA MÍNIMA NA HORA ANT. (AUT) (°C);TEMPERATURA ORVALHO MAX. NA HORA ANT. (AUT) (°C);TEMPERATURA ORVALHO MIN. NA HORA ANT. (AUT) (°C);UMIDADE REL. MAX. NA HORA ANT. (AUT) (%);UMIDADE REL. MIN. NA HORA ANT. (AUT) (%);UMIDADE RELATIVA DO AR, HORARIA (%);VENTO, DIREÇÃO HORARIA (gr) (° (gr));VENTO, RAJADA MAXIMA (m/s);VENTO, VELOCIDADE HORARIA (m/s);
2026/01/01;0000 UTC;0;968,5;968,5;967,5;239,5;26;21,4;27,1;26;21,9;21,2;76;71;76;;;;
2026/01/01;0100 UTC;0;969,4;969,4;968,5;239,2;25,5;21,6;26;25,5;21,7;21,3;79;76;79;;;;
2026/01/01;0200 UTC;0;969,9;969,9;969,4;253,7;25;22;25,5;25;22,1;21,6;84;79;84;;;;
2026/01/01;0300 UTC;0;970,2;970,2;969,9;253,9;24,5;21,7;25,1;24,5;22,1;21,7;85;83;85;;;;
2026/01/01;0400 UTC;0;969,3;970,2;969,3;254,2;23,9;21,6;24,5;23,8;21,8;21,5;87;85;87;;;;
2026/01/01;0500 UTC;0;968,8;969,4;968,8;256,5;23,5;21,4;23,9;23,5;21,6;21,4;88;86;88;;;;
2026/01/01;0600 UTC;0;968,2;968,8;968,2;251;23,3;21,1;23,6;23,2;21,4;21;88;87;87;;;;
2026/01/01;0700 UTC;0;967,8;968,2;967,7;249,6;23;20,7;23,5;23;21;20,7;87;85;87;;;;
2026/01/01;0800 UTC;0;967,6;967,8;967,6;247,9;22,8;20,6;23,1;22,8;20,7;20,6;88;86;88;;;;
2026/01/01;0900 UTC;0;968,2;968,2;967,5;250,9;22,6;20,5;22,8;22,6;20,7;20,5;88;88;88;;;;
2026/01/01;1000 UTC;0;969,1;969,1;968,2;244,3;22,4;20,4;22,6;22,4;20,6;20,3;88;87;88;;;;
2026/01/01;1100 UTC;0;969,6;969,6;969;228,5;25,3;20,7;25,3;22,4;21,1;20,4;88;75;76;;;;
2026/01/01;1200 UTC;0;970,5;970,5;969,6;208,9;26,2;21;26,2;25,3;21,1;20,5;77;72;73;;;;
2026/01/01;1300 UTC;0;970,6;970,6;970,5;230,5;28,5;21,1;28,5;26,2;21,4;20,6;73;64;64;;;;
2026/01/01;1400 UTC;0;970,1;970,6;970,1;225,3;30,4;21;30,7;28,5;21,6;20,6;65;56;57;;;;
2026/01/01;1500 UTC;0;969,3;970,1;969,3;184,4;31,6;19,4;32,3;30,3;21,7;18,7;59;44;48;;;;
2026/01/01;1600 UTC;0;968,4;969,3;968,4;179,2;32,4;19,3;32,4;30,7;21,2;18,7;54;45;46;;;;
2026/01/01;1700 UTC;0;967,4;968,4;967,4;188,2;32,5;18,3;33,4;31,7;20,9;18,3;52;41;43;;;;
2026/01/01;1800 UTC;0;966,1;967,4;966,1;189,1;33,4;17,6;33,9;32,4;19;16,7;45;36;39;;;;
2026/01/01;1900 UTC;0;964,8;966,1;964,8;197,8;31,7;20,9;33,6;31,7;21,3;16,8;53;37;53;;;;
2026/01/01;2000 UTC;0;964,2;964,8;964,2;211,5;30,6;20,5;31,7;30,4;21,2;20,1;56;53;55;;;;
2026/01/01;2100 UTC;0;964,5;964,6;964,2;208,8;30,7;20,8;30,8;30,4;20,9;19,9;57;53;56;;;;
2026/01/01;2200 UTC;0;964,6;964,8;964,5;217;28,8;21,3;30,7;28,8;22,3;20,4;68;55;64;;;;
2026/01/01;2300 UTC;0;965,3;965,3;964,4;232,3;27,2;22,1;28,8;27,2;22,2;21,3;74;64;74;;;;
2026/01/02;0000 UTC;0;966,2;966,2;965,3;238;26,6;21,7;27,2;26,5;22,1;21,6;76;73;75;;;;
2026/01/02;0100 UTC;0;967,5;967,5;966,2;236,5;25,9;22,2;26,6;25,7;22,3;21,7;81;75;80;;;;
2026/01/02;0200 UTC;0;968;968;967,5;233,5;26;21,9;26,4;25,8;22,6;21,9;82;78;78;;;;
2026/01/02;0300 UTC;0;968,2;968,3;968;232,2;24,9;21,9;26,7;24,9;22,2;21,4;84;73;84;;;;
2026/01/02;0400 UTC;0;967,7;968,4;967,7;231,5;24,8;21,6;26,2;24,8;22;21,6;84;76;83;;;;
2026/01/02;0500 UTC;0;966,9;967,7;966,9;242,1;24,1;21,6;24,8;24,1;21,7;21,5;86;83;86;;;;
2026/01/02;0600 UTC;0;966,3;966,9;966,3;251,8;23,9;21,8;24,2;23,7;21,8;21,5;88;85;88;;;;
2026/01/02;0700 UTC;0;966,4;966,6;966,3;245;24,5;21,8;24,5;23,8;21,9;21,6;88;85;85;;;;
2026/01/02;0800 UTC;0;966,3;966,5;966,1;239,7;23,7;21,6;24,5;23,7;21,8;21,6;88;85;88;;;;
2026/01/02;0900 UTC;0;966,9;967;966,3;241;23,9;21,6;24,9;23,7;21,8;21,3;89;81;87;;;;
2026/01/02;1000 UTC;0;968,2;968,2;966,9;229,4;23,9;21,3;23,9;23,9;21,6;21,3;87;85;85;;;;
2026/01/02;1100 UTC;0;969,7;969,7;968,2;234,2;23,3;20,8;23,9;23,1;21,3;20,3;87;84;86;;;;
2026/01/02;1200 UTC;,2;970,7;970,7;969,7;249,8;22,8;20,7;23,4;22,8;20,9;20,5;88;84;88;;;;
2026/01/02;1300 UTC;2,4;970,9;970,9;970,6;285,3;22,4;20,6;22,8;22,4;20,8;20,5;90;88;90;;;;
2026/01/02;1400 UTC;,6;970,4;970,9;970,4;306,5;22,5;20,6;22,5;22,3;20,7;20,3;90;88;89;;;;
2026/01/02;1500 UTC;0;969,9;970,7;969,9;277,5;24,1;21,1;24,1;22,5;21,2;19,9;89;81;83;;;;
2026/01/02;1600 UTC;0;968;969,9;968;261,7;25,9;20,6;25,9;24,1;21,3;20,2;83;73;73;;;;
2026/01/02;1700 UTC;0;965,6;968;965,6;208,4;28;20,1;28;25,8;20,7;19,5;73;60;62;;;;
2026/01/02;1800 UTC;0;964,3;965,6;964,3;141,6;30,4;19,9;30,4;28;20,2;19,1;62;52;54;;;;
2026/01/02;1900 UTC;0;963;964,3;963;154,5;30,7;18,9;31;30,3;20,1;18,5;54;47;49;;;;
2026/01/02;2000 UTC;0;963;963;962,8;179,6;31,7;16,7;32;30,6;19,3;15,7;51;38;41;;;;
2026/01/02;2100 UTC;0;963,7;963,7;962,9;206,5;29,7;19,8;31,7;29,7;20,9;16,6;58;40;55;;;;
2026/01/02;2200 UTC;0;964,7;964,7;963,7;219,2;28,4;21,1;29,7;28,4;21,1;19,7;64;55;64;;;;
2026/01/02;2300 UTC;0;965,7;965,8;964,7;233,5;27,8;19,8;28,4;26,5;21,9;19,1;75;59;62;;;;
2026/01/03;0000 UTC;0;966,7;966,7;965,7;228,5;25,3;21;27,8;25,3;21;19,1;77;59;77;;;;
2026/01/03;0100 UTC;0;967,5;967,5;966,7;233;24,7;20,8;25,9;24,7;20,9;20,4;79;72;79;;;;
2026/01/03;0200 UTC;0;968,1;968,1;967,5;237,6;24,1;21,2;25,2;24,1;21,3;20,9;84;77;84;;;;
2026/01/03;0300 UTC;0;968;968,3;968;242,6;23,7;21,1;24,1;23,7;21,3;21;86;83;86;;;;
2026/01/03;0400 UTC;0;967,4;968;967,4;249,1;23,1;21;23,7;23,1;21,1;21;88;86;88;;;;
2026/01/03;0500 UTC;0;966,9;967,4;966,8;240,2;24,4;21,2;24,6;23,1;21,5;21;89;82;83;;;;
2026/01/03;0600 UTC;0;967,6;967,6;966,9;229,4;24,3;21,1;24,4;24,3;21,2;21,1;83;82;82;;;;
2026/01/03;0700 UTC;0;967,3;968;967,3;228,8;23,7;20,4;24,4;23,7;21,2;20,4;84;82;82;;;;
2026/01/03;0800 UTC;0;966,1;967,3;966;227,9;22,9;20,3;23,7;22,9;20,5;19,9;85;81;85;;;;
2026/01/03;0900 UTC;0;966,7;966,7;966,1;234;22,5;19,9;23,1;22,4;20,3;19,2;86;79;85;;;;
2026/01/03;1000 UTC;0;967,3;967,3;966,7;246,3;22,2;20,2;22,5;21,8;20,2;19,9;89;85;89;;;;
2026/01/03;1100 UTC;0;968;968,1;967,3;202,3;24,2;19,8;24,3;22,2;20,3;19,5;89;75;77;;;;
2026/01/03;1200 UTC;0;968,5;968,6;968;205;25,4;19,9;25,7;24,2;20,2;19,7;78;70;71;;;;
2026/01/03;1300 UTC;0;968,8;968,8;968,5;191,1;26,5;20,7;26,6;25,4;20,9;19,8;73;69;71;;;;
2026/01/03;1400 UTC;0;968,6;968,9;968,6;194,8;29,3;21,4;29,3;26,4;21,8;20,4;71;62;62;;;;
2026/01/03;1500 UTC;0;968,4;968,7;968,4;186,4;30,1;20,3;30,3;28,4;21,7;20,3;66;56;56;;;;
2026/01/03;1600 UTC;0;967,9;968,4;967,9;173,8;30,8;20,2;31,2;30,1;20,9;19,6;57;51;53;;;;
2026/01/03;1700 UTC;0;966,2;967,9;966,2;174,9;31,9;19,6;32;30,8;20,3;18,7;53;47;48;;;;
2026/01/03;1800 UTC;0;964,7;966,2;964,7;188;31,6;18,2;32,6;31;20,2;18,2;51;44;45;;;;
2026/01/03;1900 UTC;0;963,6;964,7;963,6;204;32,3;18,7;33;31,6;19,8;17,6;48;41;45;;;;
2026/01/03;2000 UTC;0;963,6;963,6;963,2;219,8;30;21,5;33,1;30;21,5;17,8;60;40;60;;;;
2026/01/03;2100 UTC;0;963,7;963,8;963,3;224,5;29,9;20,2;30,4;29,7;21,6;19,9;61;54;56;;;;
2026/01/03;2200 UTC;0;963,8;963,8;963,4;223,8;28,9;19,9;29,9;28,9;20,2;19,7;59;55;58;;;;
2026/01/03;2300 UTC;0;966;966;963,9;240,4;26,5;20,7;28,9;26,5;20,7;19,7;71;58;71;;;;
2026/01/04;0000 UTC;0;967,1;967,2;965,9;239,6;25,9;21,2;26,5;25,9;21,2;20,7;75;71;75;;;;
2026/01/04;0100 UTC;,2;967,7;967,7;967;241,7;24,7;21,2;25,9;24,6;21,5;20,9;81;75;81;;;;
2026/01/04;0200 UTC;5,2;968,1;968,1;967,7;263,3;24;22;24,7;23,9;22;21,2;88;81;88;;;;
2026/01/04;0300 UTC;,2;968,9;969;967,9;257,9;23,8;22,2;24;23,8;22,2;21,8;91;88;91;;;;
2026/01/04;0400 UTC;,2;967,7;968,9;967,7;245,7;23,8;21,9;24,1;23,8;22,3;21,7;91;88;89;;;;
2026/01/04;0500 UTC;0;967,3;967,8;967,3;247,9;23,7;21,9;23,8;23,6;22;21,7;90;89;89;;;;
2026/01/04;0600 UTC;0;966,7;967,4;966,7;241,3;23,6;21,3;23,8;23,6;21,9;21,3;89;87;87;;;;
2026/01/04;0700 UTC;0;966;966,7;966;245,1;23,3;21,3;23,6;23,3;21,4;21,3;89;87;89;;;;
2026/01/04;0800 UTC;0;965,6;966,1;965,5;249,6;22,5;20;23,4;22,4;21,4;19,9;89;85;86;;;;
2026/01/04;0900 UTC;0;966,1;966,1;965,6;254,7;21,8;19,4;22,5;21,8;19,9;19,4;87;84;86;;;;
2026/01/04;1000 UTC;0;966,9;966,9;966,1;249,8;22;19,6;22;21,8;19,6;19,4;87;86;86;;;;
2026/01/04;1100 UTC;0;967,7;967,7;966,9;240,1;22,9;19,9;22,9;22;20,2;19,6;86;83;84;;;;
2026/01/04;1200 UTC;0;968,6;968,6;967,7;222,6;23,4;19,9;23,5;22,8;20,3;19,9;85;81;81;;;;
2026/01/04;1300 UTC;0;969;969;968,6;205,6;24,5;19,9;24,5;23,4;20,2;19,6;82;74;76;;;;
2026/01/04;1400 UTC;0;969,1;969,2;968,9;213,8;26,3;19,8;26,4;24,4;20,7;19,7;77;67;68;;;;
2026/01/04;1500 UTC;0;968,7;969,1;968,7;193,8;26,9;20,1;27,1;26,2;20,6;19,8;70;65;66;;;;
2026/01/04;1600 UTC;0;967,7;968,7;967,7;180,6;27,8;19,8;27,9;26,9;20,7;19,8;68;61;62;;;;
2026/01/04;1700 UTC;0;966,6;967,8;966,6;188,5;29,8;20,1;29,9;27,8;21;19,5;63;56;56;;;;
2026/01/04;1800 UTC;0;965,5;966,6;965,5;183,8;29,5;20,9;29,9;28,5;21,7;20;64;56;60;;;;
2026/01/04;1900 UTC;0;964,4;965,5;964,4;188,9;30,3;19,5;30,4;29,2;20,7;19,5;60;52;52;;;;
2026/01/04;2000 UTC;0;964,4;964,4;964,2;197,1;30,6;20,9;30,8;29,6;21,6;19,2;61;51;57;;;;
2026/01/04;2100 UTC;0;964,5;964,6;964,4;214;27,7;21,1;30,5;27,7;21,8;20,8;68;57;67;;;;
2026/01/04;2200 UTC;10,6;966;966,1;964,5;261,9;23,4;21,7;27,7;23,3;22,8;21;90;67;90;;;;
2026/01/04;2300 UTC;,4;966,5;966,5;966;272,2;23,5;21,4;23,7;23,4;22,1;21,3;91;87;88;;;;
2026/01/05;0000 UTC;,2;967,1;967,1;966,5;267,3;23,6;22,1;23,8;23,5;22,1;21,3;92;87;92;;;;
2026/01/05;0100 UTC;0;967,8;967,8;967;261,6;23,7;21,8;24,2;23,6;22,1;21,6;92;86;89;;;;
2026/01/05;0200 UTC;0;968,4;968,4;967,8;261,3;24,1;21,6;24,1;23,4;21,9;21,5;91;85;86;;;;
2026/01/05;0300 UTC;0;968,1;968,5;968,1;259,7;23,8;21,7;24,2;23,8;21,9;21,4;88;85;88;;;;
2026/01/05;0400 UTC;0;967,5;968,1;967,4;265,1;23,1;21,6;23,8;23,1;21,8;21,5;91;88;91;;;;
2026/01/05;0500 UTC;0;967,5;967,6;967,3;269,9;23,3;21,3;23,5;23,1;21,7;21,3;91;88;88;;;;
2026/01/05;0600 UTC;0;967,1;967,5;967,1;265,3;23,5;21,1;23,6;23,3;21,4;21,1;88;86;86;;;;
2026/01/05;0700 UTC;0;966,7;967,2;966,6;263,9;23,7;21,5;23,7;23,5;21,5;21,1;88;86;88;;;;
2026/01/05;0800 UTC;0;966,7;966,8;966,6;273,4;23,4;21,5;23,7;23,4;21,6;21,4;89;87;89;;;;
2026/01/05;0900 UTC;0;967,1;967,1;966,7;277,4;23,4;21,5;23,4;23,3;21,6;21,5;90;89;89;;;;
2026/01/05;1000 UTC;0;967,6;967,6;967;262,3;23,3;21,2;23,4;23,3;21,5;21,1;89;88;88;;;;
2026/01/05;1100 UTC;0;968;968;967,5;266,3;23,9;21,3;23,9;23,3;21,4;21,1;88;85;85;;;;
2026/01/05;1200 UTC;0;968,1;968,1;967,9;280,9;24,6;21,3;24,6;23,9;21,5;21,2;85;82;82;;;;
2026/01/05;1300 UTC;0;968,7;968,7;968,1;307,5;25,9;21,1;26;24,6;21,5;20,9;82;74;75;;;;
2026/01/05;1400 UTC;0;968,9;969;968,7;206,2;26,1;21,1;26,3;25,7;21,2;20,8;76;72;74;;;;
2026/01/05;1500 UTC;0;968,3;968,9;968,3;230,4;27,6;21,4;27,6;26,1;21,5;20,6;74;66;69;;;;
2026/01/05;1600 UTC;0;967,5;968,3;967,5;212;28,2;20,9;28,6;27,6;21,5;19,9;69;60;65;;;;
2026/01/05;1700 UTC;0;967,1;967,6;967,1;189,1;24,9;19,4;28,8;24;21,4;19,4;80;61;72;;;;
2026/01/05;1800 UTC;0;965,8;967,1;965,8;189,1;26,7;19,2;26,7;24,9;20,3;18,4;75;62;63;;;;
2026/01/05;1900 UTC;0;964,9;965,8;964,9;208,6;29,1;19,2;29,2;26,7;20;18,9;65;54;55;;;;
2026/01/05;2000 UTC;0;964,8;964,9;964,5;173,2;27,2;21;29,1;27,1;21,1;19,7;69;55;69;;;;
2026/01/05;2100 UTC;0;965;965;964,8;175;26,9;20,4;27,3;26,8;21,3;20,3;72;67;68;;;;
2026/01/05;2200 UTC;0;965,5;965,5;965;186,5;26,2;20,1;26,9;26,2;21;20,1;72;67;69;;;;
2026/01/05;2300 UTC;0;966,5;966,5;965,5;228,3;25,5;20,8;26,2;25,5;20,8;20;76;69;75;;;;
2026/01/06;0000 UTC;0;967;967,1;966,5;280,7;24,5;20,7;25,5;24,5;21,1;20,7;81;75;80;;;;
2026/01/06;0100 UTC;0;967,7;967,7;967;293,3;23,7;20,6;24,5;23,7;20,7;20,4;83;80;83;;;;
2026/01/06;0200 UTC;0;968,2;968,2;967,7;322;23,3;20,7;23,7;23,3;20,7;20,6;86;83;85;;;;
2026/01/06;0300 UTC;0;967,9;968,3;967,9;308,9;23,3;20,4;23,4;23,3;20,8;20,4;86;84;84;;;;
2026/01/06;0400 UTC;0;967,3;968;967,3;299,7;22,9;20,4;23,3;22,9;20,5;20,3;86;84;86;;;;
2026/01/06;0500 UTC;0;966,8;967,4;966,8;316,2;22,6;20,5;22,9;22,6;20,6;20,4;88;86;88;;;;
2026/01/06;0600 UTC;0;966,6;966,8;966,6;321,5;22,4;20,5;22,6;22,4;20,6;20,5;89;88;89;;;;
2026/01/06;0700 UTC;0;966,4;966,6;966,4;315,3;22,2;20,5;22,4;22,2;20,5;20,5;90;89;90;;;;
2026/01/06;0800 UTC;0;966,6;966,6;966,4;327,8;22,4;20,7;22,4;22,1;20,7;20,5;91;90;90;;;;
2026/01/06;0900 UTC;0;967;967;966,6;321;22,6;20,6;22,7;22,4;20,8;20,6;90;88;89;;;;
2026/01/06;1000 UTC;0;967,7;967,7;967;265,5;22,7;20,6;22,7;22,5;20,7;20,5;89;88;88;;;;
2026/01/06;1100 UTC;0;968,3;968,3;967,7;263,2;23,5;20,7;23,5;22,7;20,7;20,5;88;84;84;;;;
2026/01/06;1200 UTC;0;969;969;968,3;251,1;23,8;20,6;23,9;23,5;20,8;20,4;84;81;82;;;;
2026/01/06;1300 UTC;0;969,4;969,4;969;238,5;25,2;20,1;25,3;23,8;20,8;20;83;74;74;;;;
2026/01/06;1400 UTC;0;969,2;969,5;969,2;212,1;26,2;20,4;26,3;25,2;20,9;19,8;75;69;70;;;;
2026/01/06;1500 UTC;0;968,7;969,3;968,7;193,3;27,4;20,4;28;26,2;20,4;19,6;70;61;65;;;;
2026/01/06;1600 UTC;0;967,7;968,7;967,7;146,6;28,2;19,8;28,8;26,5;21,2;19,6;71;58;60;;;;
2026/01/06;1700 UTC;1,4;967;967,8;967;178;27;20,7;29;26,1;21,7;19,7;75;57;69;;;;
2026/01/06;1800 UTC;0;966;967;965,9;149;28,5;19,6;29,3;26,7;20,8;18,8;69;55;59;;;;
2026/01/06;1900 UTC;0;964,8;966;964,8;148,8;29,3;18,8;29,9;28,5;19,9;18,3;59;51;53;;;;
2026/01/06;2000 UTC;0;964,7;964,8;964,5;167,9;29,4;18,9;30;29,1;19,4;18,6;55;51;53;;;;
2026/01/06;2100 UTC;0;965,3;965,3;964,7;183;27;20,9;29,7;27;20,9;18,5;70;52;70;;;;
2026/01/06;2200 UTC;0;965,6;965,6;965,3;209,2;25,9;21,1;27;25,9;21,1;20;75;67;75;;;;
2026/01/06;2300 UTC;0;966,6;966,6;965,6;229,7;24,5;20,9;25,9;24,5;21,2;20,1;80;73;80;;;;
2026/01/07;0000 UTC;1;967,5;967,5;966,6;275,3;23;20;24,8;23;21,6;19,7;85;74;83;;;;
2026/01/07;0100 UTC;0;967,9;967,9;967,4;286,2;23,6;20,2;23,8;23;21,1;20;85;81;81;;;;
2026/01/07;0200 UTC;0;968,3;968,5;967,9;279,9;23,1;20,3;23,6;23,1;20,3;19,8;84;80;84;;;;
2026/01/07;0300 UTC;0;967,8;968,3;967,8;280,4;23,1;20,5;23,2;23;20,6;20,3;86;84;85;;;;
2026/01/07;0400 UTC;0;967,8;967,9;967,8;288,5;22,8;20,9;23,1;22,8;20,9;20,6;89;86;89;;;;
2026/01/07;0500 UTC;0;967,5;967,8;967,4;289,3;22,4;20,8;22,9;22,4;20,9;20,8;91;88;91;;;;
2026/01/07;0600 UTC;0;966,9;967,5;966,9;282,5;22,4;20,9;22,5;22,3;20,9;20,8;91;91;91;;;;
2026/01/07;0700 UTC;0;966,9;967;966,6;289,3;21,9;20,5;22,4;21,9;20,9;20,5;92;91;92;;;;
2026/01/07;0800 UTC;0;967,3;967,3;966,9;289,9;21,7;20,4;21,9;21,7;20,5;20,4;92;92;92;;;;
2026/01/07;0900 UTC;0;967,9;967,9;967,3;287,2;21,4;20,1;21,7;21,4;20,4;20,1;92;92;92;;;;
2026/01/07;1000 UTC;0;968,7;968,7;967,9;269,6;21,7;20,4;21,7;21,3;20,4;20,1;93;92;92;;;;
2026/01/07;1100 UTC;0;969,6;969,6;968,7;268,7;22,7;20,5;22,7;21,7;20,6;20,3;92;86;87;;;;
2026/01/07;1200 UTC;0;970,3;970,3;969,6;258,1;23,7;20,3;23,7;22,6;20,8;20,2;89;81;82;;;;
2026/01/07;1300 UTC;1;970,6;970,7;970,3;248,3;23,9;21;24,2;23,6;21,2;20;85;78;84;;;;
2026/01/07;1400 UTC;0;970,4;970,6;970,4;262,7;26,1;20,3;26,1;23,9;21,1;20,1;84;71;71;;;;
2026/01/07;1500 UTC;0;970;970,4;970;258,4;27,5;20,1;27,6;26;21;19,8;73;63;64;;;;
2026/01/07;1600 UTC;1;969,3;970;969,1;236,9;26,2;21,4;28,2;26,2;23,2;20,1;79;63;75;;;;
2026/01/07;1700 UTC;21,2;968,8;969,5;968,7;246,2;23,8;21,7;26,2;22,8;22;19,9;91;74;88;;;;
2026/01/07;1800 UTC;0;967,9;968,8;967,6;251,2;25,4;21,4;25,5;23,8;22,6;21;89;78;79;;;;
2026/01/07;1900 UTC;0;966;968,1;966;269,7;26,1;21,6;26,1;24,3;22,1;21,1;86;76;76;;;;
2026/01/07;2000 UTC;0;965,8;966;965,4;332,5;26,7;21,6;26,7;25,9;22,1;21,1;78;73;73;;;;
2026/01/07;2100 UTC;0;966;966,2;965,7;217,8;25,8;20,8;27,3;25,8;21,8;20,4;75;69;74;;;;
2026/01/07;2200 UTC;0;967,2;967,2;965,9;224,7;25,3;20,6;25,8;25,3;21,1;20,6;78;74;75;;;;
2026/01/07;2300 UTC;31,4;968,7;968,9;967,2;368,6;22,3;20,8;25,3;22,3;21,2;20,6;92;75;92;;;;
2026/01/08;0000 UTC;21,2;968,1;969;968,1;366,9;22,2;21;22,3;21,4;21,1;20,1;93;91;93;;;;
2026/01/08;0100 UTC;,6;969,2;969,2;968;386,2;22,4;21,2;22,5;22,2;21,3;21;93;93;93;;;;
2026/01/08;0200 UTC;0;970,6;970,6;969,2;360,6;22,6;21,4;22,7;22,3;21,6;21,1;93;93;93;;;;
2026/01/08;0300 UTC;0;970,3;970,8;970,3;342,7;22,7;21,2;22,9;22,6;21,5;21,2;93;91;91;;;;
2026/01/08;0400 UTC;0;969,9;970,4;969,9;324,6;22,7;21,1;22,9;22,7;21,3;21,1;91;90;90;;;;
2026/01/08;0500 UTC;,6;969,1;969,9;969,1;308,7;22,3;20,6;22,8;22,3;21,1;20,5;90;89;90;;;;
2026/01/08;0600 UTC;,8;968,7;969,1;968,6;329,3;22,3;20,6;22,4;22,2;20,6;20,5;90;90;90;;;;
2026/01/08;0700 UTC;0;968,7;968,8;968,7;335,7;22,2;20,5;22,3;22,1;20,7;20,4;91;90;90;;;;
2026/01/08;0800 UTC;0;968,7;968,7;968,6;340,3;22,1;20,4;22,2;22,1;20,5;20,4;90;90;90;;;;
2026/01/08;0900 UTC;0;969,1;969,1;968,6;336,6;22;20,4;22,1;22;20,4;20,3;90;90;90;;;;
2026/01/08;1000 UTC;0;969,5;969,5;969,1;298,5;22;20,4;22,1;22;20,4;20,2;90;90;90;;;;
2026/01/08;1100 UTC;0;970,2;970,2;969,5;309,2;22,4;20,6;22,5;22;20,7;20,3;91;88;90;;;;
2026/01/08;1200 UTC;0;970,9;970,9;970,1;301,7;23,7;20,6;23,7;22,4;21;20,4;90;82;83;;;;
2026/01/08;1300 UTC;0;971,1;971,1;970,9;199,5;25,1;19,9;25,2;23,7;20,7;19,9;83;73;73;;;;
2026/01/08;1400 UTC;0;970,9;971,1;970,9;142,4;26,2;20,3;26,6;25;21,1;19,8;76;69;70;;;;
2026/01/08;1500 UTC;0;970,2;970,9;970,2;106,7;26,9;20,6;27,9;26,2;20,9;19,6;71;62;68;;;;
2026/01/08;1600 UTC;0;969,2;970,2;969,2;153,5;28,6;19,6;28,7;26,7;21,2;19;71;58;58;;;;
2026/01/08;1700 UTC;0;968,4;969,2;968,4;159;29,6;19,1;29,7;28,5;21,4;18,3;65;52;53;;;;
2026/01/08;1800 UTC;0;967,4;968,4;967,4;196,2;30,5;17,9;30,7;29,2;19,5;17,9;55;47;47;;;;
2026/01/08;1900 UTC;0;965,9;967,4;965,9;233,7;31;17,6;31,1;30,3;18,9;16,7;50;42;45;;;;
2026/01/08;2000 UTC;0;965;965,9;965;247,7;30,7;18,1;31,4;30,6;19,2;16,8;50;43;47;;;;
2026/01/08;2100 UTC;0;965,2;965,2;965;212,5;30,2;18,9;30,8;30,2;18,9;17,6;51;46;51;;;;
2026/01/08;2200 UTC;0;966;966;965,2;195,7;29,2;18,9;30,4;29,2;19,1;18,4;54;50;54;;;;
2026/01/08;2300 UTC;0;967;967;966;200,4;26,1;20,9;29,2;26,1;20,9;18,5;73;53;73;;;;
2026/01/09;0000 UTC;0;968,3;968,3;967;248,2;25,4;20,3;26,2;25,1;21;20;77;69;74;;;;
2026/01/09;0100 UTC;1,6;969,2;969,2;968,3;324,5;22,7;20,1;25,4;22,6;20,4;19,7;86;74;86;;;;
2026/01/09;0200 UTC;,4;969,1;969,2;969;399;22,4;20,7;22,7;22,4;20,7;20;90;85;90;;;;
2026/01/09;0300 UTC;0;970;970,1;969,1;364,5;22,7;20,4;23;22,3;21,2;20,4;91;86;87;;;;
2026/01/09;0400 UTC;3,6;969,2;970,1;969,2;309,2;22,3;20,3;22,7;22;20,4;20,3;91;87;89;;;;
2026/01/09;0500 UTC;,2;968,2;969,2;968,2;340,8;21,9;20,2;22,3;21,8;20,4;20,2;90;89;90;;;;
2026/01/09;0600 UTC;0;967,4;968,2;967,4;348,8;21,6;20,1;22;21,6;20,3;20;91;89;91;;;;
2026/01/09;0700 UTC;0;967,5;967,5;967,3;344;21,4;20,1;21,6;21,4;20,2;20;92;91;92;;;;
2026/01/09;0800 UTC;,2;967,9;967,9;967,5;338,2;21,4;20;21,5;21,3;20,1;20;92;92;92;;;;
2026/01/09;0900 UTC;0;968,6;968,6;967,9;334,4;21,2;19,8;21,4;21,2;20;19,8;92;92;92;;;;
2026/01/09;1000 UTC;0;969,2;969,2;968,6;309,7;21,4;20;21,4;21,1;20;19,8;92;92;92;;;;
2026/01/09;1100 UTC;0;969,5;969,5;969,2;324,3;23,6;19,8;23,6;21,4;20,7;19,7;92;78;79;;;;
2026/01/09;1200 UTC;0;969,7;969,7;969,5;277,8;24,3;18,8;24,3;23,4;20,2;18,4;81;70;71;;;;
2026/01/09;1300 UTC;0;969,8;969,9;969,6;166,7;27,4;19,2;27,5;24,3;19,7;18,5;71;59;61;;;;
2026/01/09;1400 UTC;0;969,6;969,8;969,5;25,5;28,7;18,9;28,7;27,3;19,2;17,6;61;53;56;;;;
2026/01/09;1500 UTC;0;969,5;969,7;969,4;109,4;30,1;18,6;30,2;28,6;19,8;18,3;57;49;50;;;;
2026/01/09;1600 UTC;0;968,9;969,5;968,9;136,9;30,9;18,7;31,1;29,9;19,4;18;53;47;48;;;;
2026/01/09;1700 UTC;0;968,3;968,9;968,2;145,3;31,3;17,7;31,8;30,8;18,5;17,1;48;42;44;;;;
2026/01/09;1800 UTC;0;967,2;968,3;967,2;156,4;31,6;16,5;32,4;31;18,3;16,4;47;39;40;;;;
2026/01/09;1900 UTC;0;966,4;967,2;966,4;163,2;32,1;16,7;32,8;31,6;17,6;16,1;41;37;40;;;;
2026/01/09;2000 UTC;0;965,5;966,4;965,5;174,9;32,2;17;32,4;31,4;18,1;16,3;44;39;40;;;;
2026/01/09;2100 UTC;0;965,2;965,6;965,1;180,7;31,4;16,9;32,4;31,4;18,3;16,4;44;38;42;;;;
2026/01/09;2200 UTC;0;965,5;965,5;965,2;192,5;30,5;16,4;31,5;30,4;17,4;16,2;45;41;43;;;;
2026/01/09;2300 UTC;0;966,5;966,5;965,5;208,3;26,9;18,9;30,5;26,9;19,4;16,6;62;43;62;;;;
2026/01/10;0000 UTC;0;967,5;967,5;966,5;226,4;25,1;19,3;26,9;25,1;20;19;73;62;70;;;;
2026/01/10;0100 UTC;0;968,2;968,2;967,5;250,4;24,4;20;25,2;24,4;20,3;19,3;77;70;76;;;;
2026/01/10;0200 UTC;0;969;969;968,2;275,5;23,8;20,1;24,4;23,7;20,2;19,7;81;76;80;;;;
2026/01/10;0300 UTC;0;969;969,2;968,9;296,1;23,5;20,1;23,8;23,3;20,4;20;84;80;81;;;;
2026/01/10;0400 UTC;0;968,5;969,1;968,5;291,8;22,9;20,2;23,8;22,9;20,4;20;85;80;85;;;;
2026/01/10;0500 UTC;0;968,2;968,5;968,2;291,5;22,4;20,2;22,9;22,4;20,3;20,1;87;85;87;;;;
2026/01/10;0600 UTC;0;968;968,2;967,9;267,8;22,2;20;22,5;22,2;20,3;20;88;87;87;;;;
2026/01/10;0700 UTC;0;967,5;968;967,5;271,2;21,7;19,8;22,2;21,7;20;19,8;89;87;89;;;;
2026/01/10;0800 UTC;0;967,4;967,5;967,4;269,1;21,4;19,6;21,7;21,4;19,8;19,6;90;89;90;;;;
2026/01/10;0900 UTC;0;967,7;967,8;967,4;258,1;21,1;19,4;21,4;21,1;19,6;19,4;90;90;90;;;;
2026/01/10;1000 UTC;0;968,2;968,2;967,7;233,4;21,3;19,7;21,3;21;19,7;19,4;91;90;90;;;;
2026/01/10;1100 UTC;0;968,9;968,9;968,2;243;26,4;20,7;26,4;21,3;20,8;19,7;90;71;71;;;;
2026/01/10;1200 UTC;0;969,5;969,5;968,9;199;28,8;19,9;29,2;26,4;20,9;19;72;55;58;;;;
2026/01/10;1300 UTC;0;969,5;969,5;969,4;136,6;29,9;19;30,1;28,8;20,1;19;60;52;52;;;;
2026/01/10;1400 UTC;0;969,3;969,6;969,3;158,9;31,1;19,4;31,3;29,8;19,9;19;55;49;50;;;;
2026/01/10;1500 UTC;0;968,6;969,3;968,6;167,4;32;18,7;32,7;31,1;20,5;17,8;53;42;45;;;;
2026/01/10;1600 UTC;0;967,9;968,6;967,8;167,5;33,3;18,3;33,3;32;19;17,1;47;39;41;;;;
2026/01/10;1700 UTC;0;966,9;967,9;966,9;169,8;33,5;18,4;33,7;32,8;18,4;16,3;42;36;41;;;;
2026/01/10;1800 UTC;0;965,7;966,9;965,7;180,1;34,1;16,6;34,3;32;18,9;15,9;46;33;35;;;;
2026/01/10;1900 UTC;0;964,1;965,7;964,1;178,4;34,1;15,2;35,1;33,8;17,1;14,5;37;30;32;;;;
2026/01/10;2000 UTC;0;963,3;964,1;963,3;206,5;32,9;18;34,7;32,3;19,5;15;46;31;41;;;;
2026/01/10;2100 UTC;,2;963,4;963,4;963;238,3;29,1;19;32,9;27,7;22,1;18,1;70;41;54;;;;
2026/01/10;2200 UTC;0;964,2;964,2;963,4;235,8;26,8;21,4;29,7;26,8;21,6;19,1;72;53;72;;;;
2026/01/10;2300 UTC;0;965;965,2;964,2;242,8;26,7;20,3;27,2;26,1;21,3;19,7;72;64;68;;;;
2026/01/11;0000 UTC;0;966,1;966,1;965;239,4;26,3;20,8;27,4;25,7;21,2;19,5;76;62;72;;;;
2026/01/11;0100 UTC;0;967,3;967,3;966,2;252;24,8;20,6;26,3;24,7;21,1;20,3;79;71;78;;;;
2026/01/11;0200 UTC;0;968,8;968,9;967,3;228;24,8;19,3;26,6;24,8;20,8;19,3;78;65;71;;;;
2026/01/11;0300 UTC;0;968,8;969,5;968,8;239,9;23,4;19,5;24,8;23,4;19,5;19,1;79;71;79;;;;
2026/01/11;0400 UTC;;;;;;;;;;;;;;;;;;
2026/01/11;0500 UTC;;;;;;;;;;;;;;;;;;
2026/01/11;0600 UTC;;;;;;;;;;;;;;;;;;
2026/01/11;0700 UTC;;;;;;;;;;;;;;;;;;
2026/01/11;0800 UTC;;;;;;;;;;;;;;;;;;
2026/01/11;0900 UTC;;;;;;;;;;;;;;;;;;
2026/01/11;1000 UTC;0;967,8;967,9;967,1;244,2;21,6;19,4;21,7;21,4;19,5;19,3;88;87;87;;;;
2026/01/11;1100 UTC;0;968,4;968,4;967,8;233,6;24,1;19,6;24,1;21,6;20;19,4;88;75;76;;;;
2026/01/11;1200 UTC;0;968,6;968,7;968,4;189,1;26,3;18,8;26,3;24,2;19,7;18,4;76;63;63;;;;
2026/01/11;1300 UTC;0;969;969,1;968,6;182,5;29,5;18,6;29,6;26,3;19,9;18,6;64;52;52;;;;
2026/01/11;1400 UTC;0;969,1;969,1;969;163,4;30,8;16,7;31,6;29,5;19,9;16,5;54;42;43;;;;
2026/01/11;1500 UTC;0;968,6;969,1;968,6;161,3;31,4;17,4;31,9;30,6;18,5;16,3;47;42;43;;;;
2026/01/11;1600 UTC;0;967,7;968,6;967,7;179,1;31,6;17,3;32,3;30,8;19,3;16,9;50;39;42;;;;
2026/01/11;1700 UTC;0;966,3;967,7;966,3;181,9;30,7;18,4;32,8;30;19,4;16;50;38;48;;;;
2026/01/11;1800 UTC;0;964,6;966,3;964,6;201,5;32,5;18,3;32,5;29,5;19,4;17,9;54;43;43;;;;
2026/01/11;1900 UTC;0;963,9;964,7;963,9;206,5;30,8;19,2;32,5;30,8;19,4;18;50;43;50;;;;
2026/01/11;2000 UTC;0;964,1;964,1;963,8;221,4;30,3;19,4;30,8;30,3;19,8;19,2;53;50;52;;;;
2026/01/11;2100 UTC;;;;;;;;;;;;;;;;;;
2026/01/11;2200 UTC;0;966,3;966,3;964,6;239,3;26,3;20,5;27,8;26,3;20,9;20,4;71;65;71;;;;
2026/01/11;2300 UTC;,4;967,6;967,6;966,3;256,4;24,8;20,6;26,3;24,5;21,2;20;79;70;77;;;;
2026/01/12;0000 UTC;15,4;968;968,8;967,5;246,3;21;18,9;25,4;21;20,7;18,5;88;71;88;;;;
2026/01/12;0100 UTC;,6;969,5;969,5;967,9;260,1;21,6;19,1;22;20,8;19,8;18,9;90;83;86;;;;
2026/01/12;0200 UTC;0;969,4;970,2;969,1;240;22,4;19,2;22,7;21,6;19,4;18,7;87;79;82;;;;
2026/01/12;0300 UTC;0;969,3;969,5;969,2;250,7;21,4;19,1;22,7;21,3;19,8;18,9;89;80;87;;;;
2026/01/12;0400 UTC;0;969,4;969,7;969,3;259,3;21,6;19,3;21,6;21,1;19,7;19,1;90;87;87;;;;
2026/01/12;0500 UTC;0;970,2;970,2;969,4;256,8;21,8;19,8;21,8;21,2;19,8;18,8;89;86;89;;;;
2026/01/12;0600 UTC;23,2;969,6;970,5;969,6;259,8;20,2;18,8;21,9;20,1;19,9;18,8;92;88;92;;;;
2026/01/12;0700 UTC;3,6;968,7;969,6;968,6;268,7;20,2;18,8;20,3;20,1;18,9;18,6;92;91;91;;;;
2026/01/12;0800 UTC;,4;968,5;968,6;968,4;266,8;20,6;18,9;20,6;20,2;18,9;18,7;91;89;90;;;;
2026/01/12;0900 UTC;0;969;969;968,5;267,7;20,4;18,8;20,6;20,4;18,9;18,7;90;90;90;;;;
2026/01/12;1000 UTC;0;969,4;969,4;969;254,4;20,6;19,1;20,7;20,4;19,1;18,8;91;90;91;;;;
2026/01/12;1100 UTC;0;969,8;969,8;969,4;260,6;21,8;19,1;21,8;20,6;19,7;19,1;91;85;85;;;;
2026/01/12;1200 UTC;0;970,2;970,2;969,8;332,2;24,5;19,4;24,5;21,8;20,2;18,8;88;71;73;;;;
2026/01/12;1300 UTC;0;970,3;970,3;970,1;244,4;25,4;19,4;25,4;24,1;20;19;77;69;69;;;;
2026/01/12;1400 UTC;0;970,5;970,5;970,3;182,4;26,3;19,5;26,7;25,4;20;18,6;70;63;66;;;;
2026/01/12;1500 UTC;0;970,4;970,7;970,4;170,3;27,2;18,1;27,2;26,2;19,7;17,5;67;57;58;;;;
2026/01/12;1600 UTC;0;969,7;970,5;969,7;196,9;29,1;19,1;29,1;27;20,1;16,9;59;52;55;;;;
2026/01/12;1700 UTC;0;969;969,7;968,9;197;30,1;17,7;30,5;28,9;20,3;17,2;57;45;48;;;;
2026/01/12;1800 UTC;0;967,5;969;967,5;170,8;31,4;16,8;31,5;30;18,2;16,6;48;41;42;;;;
2026/01/12;1900 UTC;0;966;967,5;966;178,7;30,8;18,5;31,8;28,7;20,1;17,2;59;42;48;;;;
2026/01/12;2000 UTC;0;965,3;966;965,3;194,2;28,6;19,1;30,8;28,4;20,4;18;59;47;56;;;;
2026/01/12;2100 UTC;0;965,6;965,6;965,2;179,1;28,7;19,3;29,1;28,5;19,8;18,7;58;55;57;;;;
2026/01/12;2200 UTC;0;966,2;966,2;965,5;198,7;27,3;20,1;28,8;27,3;20,1;19,2;65;56;65;;;;
2026/01/12;2300 UTC;0;967,4;967,4;966,2;233,5;26,1;20,7;27,3;26;20,9;20;73;65;72;;;;
2026/01/13;0000 UTC;0;967,7;967,8;967,4;260;24,9;19,1;26,1;24,9;21,3;19,1;77;69;70;;;;
2026/01/13;0100 UTC;0;968,8;968,8;967,6;276,4;24,2;19,9;24,9;23,7;20,1;19,1;80;70;77;;;;
2026/01/13;0200 UTC;0;969,5;969,5;968,8;328,4;23,5;20,1;24,2;23,1;20,3;19,9;84;77;81;;;;
2026/01/13;0300 UTC;0;969,6;969,8;969,4;302,1;23,5;19,8;23,8;23,4;20,2;19,5;82;77;80;;;;
2026/01/13;0400 UTC;0;969,5;969,6;969,4;287,4;23,2;19,8;23,7;23,2;19,8;19,5;81;78;81;;;;
2026/01/13;0500 UTC;0;968,5;969,5;968,5;296,8;22,8;19,6;23,2;22,8;19,8;19,6;83;81;82;;;;
2026/01/13;0600 UTC;0;967,7;968,5;967,7;276,3;22,8;19,1;23;22,7;19,8;19,1;83;79;80;;;;
2026/01/13;0700 UTC;0;967,9;967,9;967,7;280,9;22,7;19,4;22,8;22,5;19,6;19,1;83;80;81;;;;
2026/01/13;0800 UTC;0;968;968,2;967,9;282,8;22,8;19,6;22,8;22,7;19,7;19,4;83;81;82;;;;
2026/01/13;0900 UTC;0;969;969;968;274,6;22,8;19,1;23,1;22,7;19,8;19,1;83;80;80;;;;
2026/01/13;1000 UTC;2;969,6;969,6;968,9;250,7;21,6;19,8;22,8;21,6;19,8;19;89;80;89;;;;
2026/01/13;1100 UTC;2,2;970,6;970,6;969,6;240,6;22,2;20,7;22,2;21,6;20,7;19,8;91;89;91;;;;
2026/01/13;1200 UTC;,4;971,4;971,4;970,6;260,5;22,2;20,3;22,5;22,2;21;20,2;91;89;89;;;;
2026/01/13;1300 UTC;6,2;972,3;972,4;971,4;268,4;21,4;19,2;22,3;21,4;20,4;19,1;89;87;88;;;;
2026/01/13;1400 UTC;2,8;971,8;972,3;971,7;279,6;21,3;19,5;21,4;21,2;19,8;18,9;91;86;90;;;;
2026/01/13;1500 UTC;,2;971,2;971,7;971,2;289,8;22,7;20,1;22,7;21,3;20,4;19,6;90;85;85;;;;
2026/01/13;1600 UTC;0;970,1;971,2;970,1;313,7;24,7;19,9;24,8;22,7;21,3;19,8;86;75;75;;;;
2026/01/13;1700 UTC;0;969;970,1;969;275,3;25,6;20;25,7;24,7;20,6;19,5;78;71;71;;;;
2026/01/13;1800 UTC;0;967,7;969;967,7;266,5;26,4;19,8;26,4;25,5;20,8;19,7;75;67;67;;;;
2026/01/13;1900 UTC;0;967;967,7;967;256,5;26,5;20,7;26,6;26,2;21,3;19,8;73;67;71;;;;
2026/01/13;2000 UTC;0;965,9;967;965,9;281,9;28,5;20;28,5;26,4;20,5;19,3;71;59;60;;;;
2026/01/13;2100 UTC;0;965,4;965,9;965,4;247,3;28,3;20,9;28,7;28;21,4;19,6;68;59;64;;;;
2026/01/13;2200 UTC;0;965,8;965,8;965,4;241,7;25,8;22,2;28,5;25,8;22,3;20,2;81;61;80;;;;
2026/01/13;2300 UTC;0;967,2;967,2;965,8;381,8;24,5;21,7;25,8;24,5;22,1;21,4;85;77;85;;;;
2026/01/14;0000 UTC;0;968,2;968,2;967,2;475,3;24;21,7;24,6;24;21,9;21,6;87;85;87;;;;
2026/01/14;0100 UTC;0;969;969;968,2;424,9;23,6;21,6;24;23,6;21,7;21,5;88;87;88;;;;
2026/01/14;0200 UTC;0;969,5;969,5;969;361,1;23,2;21,5;23,6;23,2;21,6;21,4;90;88;90;;;;
2026/01/14;0300 UTC;0;969,8;969,9;969,5;334,4;23,3;21;23,7;23;21,6;21;91;86;87;;;;
2026/01/14;0400 UTC;1;969,5;970,2;969,4;348,3;22,1;20,1;24,2;22,1;21,1;18,4;88;71;88;;;;
2026/01/14;0500 UTC;0;968,4;969,5;968,4;338,7;21,9;20,4;22,1;21,6;20,4;19,9;91;88;91;;;;
2026/01/14;0600 UTC;0;968,6;968,7;968,3;303,6;21,7;20,4;21,9;21,6;20,4;20,2;92;91;92;;;;
2026/01/14;0700 UTC;5,4;969,1;969,3;968,6;265,5;21,1;19,2;22,6;21,1;20,6;19,1;92;84;89;;;;
2026/01/14;0800 UTC;3,8;968,8;969,2;968,7;228,6;21,5;19,4;21,8;20,9;19,9;19,2;90;88;88;;;;
2026/01/14;0900 UTC;,4;969,3;969,4;968,8;286;21,5;20;21,5;21,2;20;19,3;91;88;91;;;;
2026/01/14;1000 UTC;,6;970,5;970,5;969,3;254,1;21,8;20,2;21,8;21,4;20,2;19,8;91;90;91;;;;
2026/01/14;1100 UTC;0;971;971;970,5;273,3;22,2;20;22,3;21,7;20,4;20;91;87;87;;;;
2026/01/14;1200 UTC;0;971,7;971,7;971;278,3;23,2;20,2;23,2;22,2;20,6;20;88;83;83;;;;
2026/01/14;1300 UTC;0;972,2;972,2;971,7;266,8;24,1;20,2;24,1;23,2;20,7;20;84;79;79;;;;
2026/01/14;1400 UTC;0;972,3;972,3;972,1;255,7;25;19,7;25;24;20,4;19,3;79;71;72;;;;
2026/01/14;1500 UTC;0;971,5;972,3;971,5;192,4;26,2;19,5;26,2;25;20,1;19,2;74;66;67;;;;
2026/01/14;1600 UTC;0;970,6;971,5;970,6;192,1;28,4;19;28,6;26,2;20;18,9;67;56;57;;;;
2026/01/14;1700 UTC;0;969,3;970,6;969,3;267,2;29,4;18,9;29,7;28,1;19,9;18,6;60;52;53;;;;
2026/01/14;1800 UTC;0;967,8;969,3;967,8;277,1;30;18,9;30,4;28,7;20,1;18,3;58;49;51;;;;
2026/01/14;1900 UTC;,2;966,5;967,8;966,5;270,8;30,5;18,8;31;29,7;19,7;18,3;53;48;50;;;;
2026/01/14;2000 UTC;0;965,3;966,5;965,3;260,3;30;18,6;30,7;30;19,5;18,4;53;49;50;;;;
2026/01/14;2100 UTC;0;965,2;965,4;965,1;240,3;29,6;18,9;30,4;29,6;19,5;18,6;54;50;53;;;;
2026/01/14;2200 UTC;0;965,3;965,4;965;218,6;28,4;18,7;29,6;28,4;19,3;18,5;56;53;56;;;;
2026/01/14;2300 UTC;0;966,1;966,1;965,2;221,7;26,7;20,1;28,4;26,7;20,5;18,5;67;55;67;;;;
2026/01/15;0000 UTC;0;966,7;966,7;966,1;326,4;24,8;20,6;26,7;24,8;20,9;20;77;67;77;;;;
2026/01/15;0100 UTC;0;968,3;968,3;966,7;394,5;24,1;20,8;25;24,1;20,9;20,3;82;75;82;;;;
2026/01/15;0200 UTC;0;969,3;969,4;968,3;435,7;24,3;20,8;24,3;23,8;21,1;20,8;84;81;81;;;;
2026/01/15;0300 UTC;0;969,4;969,6;969,1;369,7;24,4;20,7;25;24,3;21,1;20,7;81;77;80;;;;
2026/01/15;0400 UTC;0;968,4;969,5;968,4;413,2;23,3;20,7;24,4;23,2;20,9;20,6;86;80;85;;;;
2026/01/15;0500 UTC;0;968;968,5;968;392,9;23;20,6;23,3;23;20,8;20,5;87;85;86;;;;
2026/01/15;0600 UTC;0;967,8;968,1;967,8;365,7;22,5;20;23;22,5;20,6;20;88;86;86;;;;
2026/01/15;0700 UTC;0;967,7;967,9;967,6;337,2;22,3;19,5;22,5;22,3;20;19,4;86;84;84;;;;
2026/01/15;0800 UTC;0;967,4;967,7;967,4;339;21,9;19,3;22,3;21,9;19,5;19,3;85;84;85;;;;
2026/01/15;0900 UTC;0;967,5;967,5;967,2;355,9;21,1;19,2;21,9;21,1;19,4;19,1;89;85;89;;;;
2026/01/15;1000 UTC;0;968,1;968,1;967,5;270,8;20,9;19,1;21,1;20,9;19,2;19,1;90;89;89;;;;
2026/01/15;1100 UTC;0;968,5;968,5;968,1;315,1;24,1;18,6;24,1;20,9;19,7;18,6;90;72;72;;;;
2026/01/15;1200 UTC;0;969,2;969,2;968,5;219,5;25,8;18,3;25,8;24,1;19,6;17,9;75;63;63;;;;
2026/01/15;1300 UTC;0;969,7;969,7;969,2;214;28,5;19,5;28,5;25,8;19,5;18,1;64;55;58;;;;
2026/01/15;1400 UTC;0;969,6;969,7;969,5;245,6;29,8;19,5;29,8;28,2;19,7;18,4;58;53;54;;;;
2026/01/15;1500 UTC;0;969;969,5;969;245,6;31;19,7;31;29,8;20,1;18,5;55;48;51;;;;
2026/01/15;1600 UTC;0;968,5;969;968,5;243,7;32,2;19,1;32,2;30,7;20,2;18,7;53;45;46;;;;
2026/01/15;1700 UTC;0;967,5;968,5;967,5;236,2;33,2;17,3;33,2;32,1;19,3;17,1;47;39;39;;;;
2026/01/15;1800 UTC;0;966,2;967,5;966,2;222,3;32;17,1;33,6;32;19;15,9;45;36;41;;;;
2026/01/15;1900 UTC;0;965,5;966,2;965,4;221,4;28,6;17,6;32;28,6;18,9;15,6;54;37;51;;;;
2026/01/15;2000 UTC;0;964,9;965,5;964,7;215,9;27,8;19,6;29,9;27,8;20,6;17,8;64;50;61;;;;
2026/01/15;2100 UTC;0;964,9;965;964,8;202,6;28,9;21,9;29,2;27,8;21,9;18,8;66;54;66;;;;
2026/01/15;2200 UTC;0;966,3;966,3;964,9;202;26,2;19,2;29,4;26,2;21,6;18,7;66;54;65;;;;
2026/01/15;2300 UTC;19,2;967,7;967,9;966,3;290;21,4;19,8;26,2;21,3;20,8;19,2;91;66;91;;;;
2026/01/16;0000 UTC;2,2;968;968;967,5;255,1;21,9;20,5;22;21,1;20,6;19,5;92;90;92;;;;
2026/01/16;0100 UTC;0;969,1;969,1;968;260,2;22,6;20,9;22,6;21,9;21,1;20,5;93;91;91;;;;
2026/01/16;0200 UTC;,2;969,5;969,5;969,1;268;22,3;20,6;22,6;22,3;20,9;20,5;91;90;90;;;;
2026/01/16;0300 UTC;,2;968,7;969,5;968,7;293,1;22,2;20,6;22,3;22,2;20,7;20,5;90;90;90;;;;
2026/01/16;0400 UTC;0;968,1;968,7;968;280,4;22,2;20,2;22,2;22;20,6;20,2;91;88;88;;;;
2026/01/16;0500 UTC;0;968;968,3;967,9;276,6;21,7;20,1;22,3;21,7;20,3;20;90;88;90;;;;
2026/01/16;0600 UTC;0;967,8;968;967,7;288,7;21,1;19,7;21,8;21,1;20,1;19,7;92;90;92;;;;
2026/01/16;0700 UTC;0;967,6;967,8;967,4;289;21;19,7;21,1;20,8;19,7;19,5;92;92;92;;;;
2026/01/16;0800 UTC;0;967,4;967,6;967,3;280,4;21,2;19,8;21,3;21;19,9;19,7;92;92;92;;;;
2026/01/16;0900 UTC;0;967,8;967,8;967,3;272,4;21,3;19,8;21,4;21,1;19,9;19,7;92;91;91;;;;
2026/01/16;1000 UTC;0;968,3;968,3;967,8;258,7;21,4;19,8;21,4;21,2;19,8;19,7;91;90;91;;;;
2026/01/16;1100 UTC;0;969,2;969,2;968,3;271,8;22,5;20;22,5;21,4;20,2;19,8;91;85;86;;;;
2026/01/16;1200 UTC;0;969,6;969,6;969,2;300,7;24,2;20;24,2;22,5;20,4;19,5;86;76;77;;;;
2026/01/16;1300 UTC;0;970,1;970,1;969,6;327,8;27,8;20,1;28;24,2;20,7;19,4;77;62;63;;;;
2026/01/16;1400 UTC;0;969,8;970,1;969,8;238,2;29,8;20,9;29,8;27,8;21,1;19,3;63;56;59;;;;
2026/01/16;1500 UTC;0;969,4;969,8;969,4;212,3;30,4;18,9;30,4;29,4;20,7;18,4;59;48;50;;;;
2026/01/16;1600 UTC;0;968,6;969,4;968,6;233,5;32,4;16,8;32,5;30,4;19,8;16,1;54;38;39;;;;
2026/01/16;1700 UTC;0;967,7;968,6;967,7;224,3;32,6;15,9;32,8;31,9;18,4;15,6;44;36;37;;;;
2026/01/16;1800 UTC;0;966;967,7;966;207;33,4;16;33,5;32,6;17,4;13,8;40;32;35;;;;
2026/01/16;1900 UTC;0;964,9;966;964,9;203,5;32,1;17,7;33,3;32;17,9;15,2;43;34;42;;;;
2026/01/16;2000 UTC;0;964,4;964,9;964,4;196,8;30,4;20,1;32,5;29,8;20,6;13,2;56;31;54;;;;
2026/01/16;2100 UTC;0;964,8;964,8;964,4;193,1;32;17;32,4;29,5;20,3;15,6;56;37;41;;;;
2026/01/16;2200 UTC;0;965,6;965,6;964,8;195,5;30,3;17,7;32,2;30;20,7;15,4;58;37;47;;;;
2026/01/16;2300 UTC;0;966,3;966,3;965,5;208,8;27,1;19;30,5;27,1;19,5;15,6;63;41;62;;;;
2026/01/17;0000 UTC;0;967;967,1;966,3;219,1;26,2;18,7;28,3;26,1;20,2;17,8;69;53;63;;;;
2026/01/17;0100 UTC;0;968;968;967;217,6;26,4;18,1;27,2;25,9;20;18,1;69;59;60;;;;
2026/01/17;0200 UTC;0;968,3;968,4;968;209,8;25,3;17,7;26,4;25,3;18,1;17,6;64;60;63;;;;
2026/01/17;0300 UTC;0;968,2;968,5;968,2;252,9;23,1;19,1;25,3;23,1;19,3;17,7;79;63;78;;;;
2026/01/17;0400 UTC;0;967,9;968,3;967,9;272,9;22,8;18,9;24,1;22,8;19,3;18,3;80;70;79;;;;
2026/01/17;0500 UTC;0;967,9;968,1;967,9;281,3;22,3;19,3;23,7;22,3;19,3;18,5;83;73;83;;;;
2026/01/17;0600 UTC;0;967;967,9;967;325,9;21,8;19,3;22,4;21,8;19,4;19,1;86;82;86;;;;
2026/01/17;0700 UTC;0;967,2;967,2;967;314,9;21,8;19;21,9;21,5;19,4;19;87;84;84;;;;
2026/01/17;0800 UTC;0;967,1;967,3;967;304,9;21;18,9;21,8;21;19;18,8;88;84;88;;;;
2026/01/17;0900 UTC;0;967,4;967,5;967;293,1;20,7;18,8;21,2;20,7;18,9;18,7;89;86;89;;;;
2026/01/17;1000 UTC;0;968,1;968,1;967,4;237,4;20,9;18,9;21;20,6;18,9;18,7;89;87;89;;;;
2026/01/17;1100 UTC;0;968,8;968,8;968,1;246,7;24,2;19,1;24,2;20,9;19,9;18,9;89;73;73;;;;
2026/01/17;1200 UTC;0;969,2;969,2;968,8;286,6;27,1;19,4;27,2;24,2;19,8;18,4;74;60;63;;;;
2026/01/17;1300 UTC;0;969,2;969,3;969,1;168,1;28,1;19;28,7;27,1;19,5;18,2;63;54;58;;;;
2026/01/17;1400 UTC;0;968,9;969,2;968,9;166,5;29,9;19,4;29,9;28,1;20,1;18,6;60;53;53;;;;
2026/01/17;1500 UTC;0;968,7;968,9;968,6;179,6;31;19,1;31,3;29,9;20,5;18,7;56;48;49;;;;
2026/01/17;1600 UTC;0;967,2;968,7;967,2;180,6;31,9;18,4;32,4;31;19,9;17,9;51;43;45;;;;
2026/01/17;1700 UTC;0;966,3;967,2;966,3;178,8;32,5;17,8;33,2;31,9;19,7;15,5;47;35;42;;;;
2026/01/17;1800 UTC;,4;965,3;966,3;965,3;204,5;29;20,6;32,5;29;21,6;17,7;61;42;61;;;;
2026/01/17;1900 UTC;,8;964;965,3;964;226,8;29;21,1;29,9;28,1;22,8;20;69;57;63;;;;
2026/01/17;2000 UTC;0;965,9;965,9;963,9;208,3;24,2;20,8;29,7;24,2;21,2;19,9;81;56;81;;;;
2026/01/17;2100 UTC;9,4;966;966,7;965,9;269,9;22,5;20,9;24,2;22,4;21;20,3;91;81;91;;;;
2026/01/17;2200 UTC;,6;965,7;966,1;965,7;263,7;22,6;20,6;23;22,1;20,9;20,1;91;86;88;;;;
2026/01/17;2300 UTC;,4;965,9;966,1;965,7;275,8;22,6;20,5;22,9;22,2;20,9;20,1;89;87;88;;;;
2026/01/18;0000 UTC;0;966,6;966,6;965,9;262,6;23,2;20,4;24;22,6;20,5;19,6;88;77;84;;;;
2026/01/18;0100 UTC;0;967,6;967,6;966,6;283,2;23,3;20,6;23,3;22,4;20,9;20,3;90;84;85;;;;
2026/01/18;0200 UTC;0;968,5;968,6;967,6;267,3;22,5;20,6;23,4;22,5;20,7;20,3;89;83;89;;;;
2026/01/18;0300 UTC;0;968,5;968,7;968,5;282,9;22,1;20,6;22,5;22,1;20,8;20,5;91;89;91;;;;
2026/01/18;0400 UTC;0;967,8;968,5;967,8;269,2;22;20,6;22,2;22;20,7;20,5;92;91;92;;;;
2026/01/18;0500 UTC;0;967,2;967,8;967,2;271,1;22,2;20,7;22,2;21,9;20,8;20,5;92;92;92;;;;
2026/01/18;0600 UTC;0;967,4;967,4;967,1;267,3;22,1;20,6;22,9;22;20,8;20,4;92;87;91;;;;
2026/01/18;0700 UTC;0;967,4;967,6;967,4;258,3;22,9;20;23;21,9;20,7;20;91;84;84;;;;
2026/01/18;0800 UTC;0;966,8;967,4;966,8;286,5;21,8;20;22,9;21,8;20,2;20;90;84;90;;;;
2026/01/18;0900 UTC;0;967,3;967,4;966,7;279,3;22,1;20,5;22,1;21,6;20,5;20,1;91;90;91;;;;
2026/01/18;1000 UTC;0;968,2;968,2;967,3;244,2;22,6;20,3;22,6;22,1;20,6;20,2;91;87;87;;;;
2026/01/18;1100 UTC;0;968,8;968,9;968,2;253;23,5;20,5;23,5;22,6;20,6;20,3;87;83;83;;;;
2026/01/18;1200 UTC;0;969,7;969,7;968,8;324,5;24,8;20,7;25,2;23,5;20,9;20,1;83;75;78;;;;
2026/01/18;1300 UTC;0;969,7;969,8;969,7;342,1;26,7;20,2;26,8;24,8;21,2;20,2;78;67;67;;;;
2026/01/18;1400 UTC;0;969,4;969,7;969,4;290,2;28,4;20;28,6;26,7;21;19,9;69;60;60;;;;
2026/01/18;1500 UTC;0;968,5;969,4;968,5;261,2;29,9;19,1;29,9;28,4;20,8;19;62;52;52;;;;
2026/01/18;1600 UTC;0;967,5;968,5;967,4;214,5;31,2;19,8;31,3;29,9;19,8;18,3;54;47;51;;;;
2026/01/18;1700 UTC;0;966,4;967,5;966,4;200,9;33;18,8;33;31,2;19,7;18,1;51;43;43;;;;
2026/01/18;1800 UTC;0;965,1;966,4;965,1;216;32,7;17,8;33,2;31,8;19,3;17,7;47;41;41;;;;
2026/01/18;1900 UTC;0;963,6;965,1;963,6;206,3;31,7;20,2;33,4;31,7;20,7;17,2;54;38;51;;;;
2026/01/18;2000 UTC;2;963,3;963,6;963,3;232,6;27,3;21;31,8;27,1;21,8;18,5;71;46;69;;;;
2026/01/18;2100 UTC;1;962,8;963,4;962,6;244,8;27;22,3;28,5;25,8;23,1;19,4;77;60;75;;;;
2026/01/18;2200 UTC;0;963,8;963,8;962,8;287;25,9;22,6;28,9;25,9;23,2;19,9;82;59;82;;;;
2026/01/18;2300 UTC;0;964,6;964,6;963,8;351,3;24,9;21,5;26,6;24,9;22,6;20,6;84;71;82;;;;
2026/01/19;0000 UTC;0;965,3;965,3;964,6;269,2;26,6;19,6;26,8;24,9;21,9;19,6;83;66;66;;;;
2026/01/19;0100 UTC;0;966,1;966,1;965,3;259,9;24,5;20,8;26,8;24,5;20,8;19,2;80;64;80;;;;
2026/01/19;0200 UTC;0;966,9;966,9;966,1;395,5;24,4;20,8;24,7;24,1;21,5;20,7;84;79;81;;;;
2026/01/19;0300 UTC;0;967,2;967,2;966,8;307,7;25,3;20,9;25,6;24,4;21,5;20,5;81;74;77;;;;
2026/01/19;0400 UTC;0;967;967,4;967;288,8;24,3;19,8;25,3;24,3;21;19,7;77;75;76;;;;
2026/01/19;0500 UTC;0;966,7;967,1;966,7;337,6;23,6;20,3;24,4;23,6;20,5;19,8;82;76;82;;;;
2026/01/19;0600 UTC;0;966;966,7;966;326;24,2;19,9;24,3;23,6;20,5;19,7;82;75;77;;;;
2026/01/19;0700 UTC;0;965,4;966;965,4;301,3;23,2;20,1;24,4;23,2;20,2;18,7;83;71;82;;;;
2026/01/19;0800 UTC;0;965,3;965,4;965,1;372;23,1;20,6;23,3;22,9;20,6;19,9;86;82;86;;;;
2026/01/19;0900 UTC;0;965,4;965,4;965,2;337;23,6;20,6;24;23,1;20,7;20,4;86;80;83;;;;
2026/01/19;1000 UTC;0;966,1;966,1;965,4;259,2;23,9;20,5;23,9;23,5;20,8;20,4;85;81;81;;;;
2026/01/19;1100 UTC;0;967,5;967,5;966,1;252,2;24,2;20,6;24,2;23,9;20,7;20,5;82;80;80;;;;
2026/01/19;1200 UTC;0;967,7;967,7;967,5;240,8;25,1;20,9;25,1;24,2;20,9;20,7;81;77;77;;;;
2026/01/19;1300 UTC;0;968;968,1;967,7;271,3;27,3;20,8;27,4;25,1;21,2;20,6;77;67;68;;;;
2026/01/19;1400 UTC;0;967,9;968,1;967,9;282;29,3;21;29,4;27,2;21,9;20,7;70;61;61;;;;
2026/01/19;1500 UTC;0;967,6;967,9;967,5;250,1;27,5;19,6;30,3;27,5;21,3;19,2;63;53;62;;;;
2026/01/19;1600 UTC;0;966,4;967,6;966,4;217,2;26,7;19,7;27,7;25,4;20,7;19,5;72;62;65;;;;
2026/01/19;1700 UTC;0;965,1;966,5;965,1;190,1;26,4;19;27,6;25,8;21,1;19;75;61;64;;;;
2026/01/19;1800 UTC;0;964,6;965,1;964,6;183,7;25,7;20,2;27;25,6;20,5;17,9;73;59;72;;;;
2026/01/19;1900 UTC;0;963,4;964,6;963,4;195,1;27,3;20,6;27,3;25,7;20,9;20;73;66;67;;;;
2026/01/19;2000 UTC;0;962,8;963,4;962,6;203,2;27;20,8;27,3;26,7;20,9;20,5;70;67;69;;;;
2026/01/19;2100 UTC;0;963;963;962,8;201,5;27,5;20,1;27,7;27;20,9;20;69;64;64;;;;
2026/01/19;2200 UTC;0;963,6;963,6;962,9;210,5;26,9;20,6;27,5;26,9;20,9;20,2;70;64;68;;;;
2026/01/19;2300 UTC;0;964,7;964,7;963,6;271,8;26;21,5;26,9;26;21,6;20,6;76;68;76;;;;
2026/01/20;0000 UTC;0;965,5;965,6;964,7;352,5;25,2;21,7;26;25,2;22;21,5;81;76;81;;;;
2026/01/20;0100 UTC;0;966,5;966,5;965,5;353,6;25,9;21,9;25,9;25;22;21,7;83;78;79;;;;
2026/01/20;0200 UTC;0;967,1;967,1;966,5;375,8;25,2;22,2;25,9;24,8;22,3;21,9;86;79;83;;;;
2026/01/20;0300 UTC;0;967;967,2;967;346,5;24,9;22,2;25,5;24,9;22,3;21,9;85;80;85;;;;
2026/01/20;0400 UTC;0;966,3;967;966,3;359,8;24,7;22,2;25;24,6;22,3;22,1;87;85;86;;;;
2026/01/20;0500 UTC;0;965,7;966,3;965,7;324,8;24,4;22,1;24,8;24,3;22,3;22,1;88;86;87;;;;
2026/01/20;0600 UTC;0;965,4;965,7;965,4;315,5;24,3;21,9;24,4;24,2;22,1;21,9;87;86;87;;;;
2026/01/20;0700 UTC;0;965,2;965,4;965,2;316,8;23,5;21,3;24,3;23,5;21,9;21,3;88;86;88;;;;
2026/01/20;0800 UTC;0;965,1;965,2;964,9;312;23,7;21,5;23,7;23,5;21,5;21;88;85;87;;;;
2026/01/20;0900 UTC;0;965,2;965,4;965,1;336,6;23,7;21,4;23,7;23,7;21,5;21,3;88;87;87;;;;
2026/01/20;1000 UTC;0;965,7;965,7;965,2;245,1;23,8;21,5;23,8;23,6;21,5;21,4;88;87;87;;;;
2026/01/20;1100 UTC;0;966,1;966,2;965,7;255,9;24,3;21,5;24,3;23,7;21,6;21,2;87;85;85;;;;
2026/01/20;1200 UTC;0;966,4;966,4;966,1;278,5;26,2;20,7;26,2;24,3;21,7;20,6;85;72;72;;;;
2026/01/20;1300 UTC;0;967,1;967,2;966,4;267,2;27,3;21,3;27,5;25,9;21,6;20,7;75;68;70;;;;
2026/01/20;1400 UTC;0;967,3;967,4;967,1;225,6;28,3;20,6;28,4;27,3;21,4;20,5;70;62;63;;;;
2026/01/20;1500 UTC;0;966,3;967,3;966,3;233,4;30,3;20,6;30,3;28,3;21,3;20;65;54;56;;;;
2026/01/20;1600 UTC;3,8;965,8;966,5;965,7;268,1;25,8;22,5;30,3;24,6;22,9;20,3;88;56;82;;;;
2026/01/20;1700 UTC;37;965,4;966,2;965,4;268,1;23,2;22;25,9;22,7;22,8;21,3;93;81;93;;;;
2026/01/20;1800 UTC;3,2;964,5;965,4;964,5;269,9;23,9;22,7;24,2;23,3;23;22,1;93;93;93;;;;
2026/01/20;1900 UTC;,2;963,8;964,6;963,8;260,8;24,6;22,3;24,6;23,7;23,1;22,3;93;87;87;;;;
2026/01/20;2000 UTC;,6;963,1;963,8;963;285,2;24,6;23,2;24,8;24,3;23,2;22,1;92;86;92;;;;
2026/01/20;2100 UTC;0;963,2;963,2;962,8;244,5;25,2;22,9;25,4;24,5;23,5;22,5;92;84;87;;;;
2026/01/20;2200 UTC;,6;964,3;964,3;963,2;257,4;24,2;22,4;25,2;23,8;22,9;21,1;90;79;90;;;;
2026/01/20;2300 UTC;,4;964,9;964,9;964,3;386,6;23,1;21,7;24,1;23,1;22,3;21,7;92;90;92;;;;
2026/01/21;0000 UTC;0;965,5;965,5;964,8;340,2;23,5;21,9;23,7;23;22;21,7;93;90;91;;;;
2026/01/21;0100 UTC;0;966,2;966,2;965,5;312,8;23,2;21,7;23,9;23,2;21,8;21,3;91;86;91;;;;
2026/01/21;0200 UTC;0;966,4;966,4;966,1;301,1;23,5;21,7;23,6;23,2;21,9;21,6;91;89;90;;;;
2026/01/21;0300 UTC;0;966,8;966,8;966,4;336,5;23,3;21,7;23,6;23,3;21,7;21,5;91;89;91;;;;
2026/01/21;0400 UTC;0;966,8;967,1;966,8;307;23,2;21,3;23,4;23,1;21,8;21,3;92;89;89;;;;
2026/01/21;0500 UTC;2,6;966,3;966,8;966,3;264,7;22,1;20,3;23,3;22,1;21,4;20,3;90;88;89;;;;
2026/01/21;0600 UTC;6,4;965,4;966,3;965,4;310,8;22;20,3;22,1;21,8;20,4;20,2;92;89;90;;;;
2026/01/21;0700 UTC;4,2;965,3;965,4;965,3;357,9;21,7;20,3;22;21,7;20,4;20,1;92;90;92;;;;
2026/01/21;0800 UTC;6,6;965,4;965,4;965,2;343,4;21,5;20,1;21,8;21,5;20,4;20,1;92;92;92;;;;
2026/01/21;0900 UTC;13;965,6;965,6;965,4;326,1;21;19,7;21,5;21;20,1;19,6;92;92;92;;;;
2026/01/21;1000 UTC;;;;;;;;;;;;;;;;;;
2026/01/21;1100 UTC;4;967;967;966,4;287,1;21,9;20,4;21,9;21,4;20,4;20;92;91;91;;;;
2026/01/21;1200 UTC;4,2;967,2;967,2;967;288,8;22,7;21,1;22,7;21,9;21,1;20,4;91;91;91;;;;
2026/01/21;1300 UTC;1,6;967,6;967,6;967,2;282,8;23,6;21;23,7;22,7;21,5;21;91;85;85;;;;
2026/01/21;1400 UTC;,4;967,6;967,7;967,5;252,6;24,6;20,7;24,7;23,6;21,3;20,6;86;78;79;;;;
2026/01/21;1500 UTC;0;967,3;967,6;967,3;268,1;25,1;20,9;25,1;24,5;21,2;20,6;80;77;78;;;;
2026/01/21;1600 UTC;0;966,7;967,3;966,7;283,1;26,4;19,8;26,4;25,1;21,2;19,7;78;67;67;;;;
2026/01/21;1700 UTC;0;965,8;966,7;965,8;261,5;26,2;19,8;26,4;26;20,3;19,6;71;66;68;;;;
2026/01/21;1800 UTC;0;965;965,8;965;259,5;26,5;20,4;27,1;26,2;20,4;19,8;69;65;69;;;;
2026/01/21;1900 UTC;,2;964,5;965;964,4;295,6;26,2;20,5;27,1;26;21,2;20;74;66;71;;;;
2026/01/21;2000 UTC;0;963,9;964,5;963,9;285,4;26,8;20;27,1;26;21;19,8;73;65;66;;;;
2026/01/21;2100 UTC;0;963,9;964;963,8;308,9;25,6;21,3;26,8;25,3;21,7;20,1;79;66;77;;;;
2026/01/21;2200 UTC;0;964,1;964,1;963,8;246,9;25,9;21;26,6;25,6;21;20,2;77;68;74;;;;
2026/01/21;2300 UTC;0;964,9;964,9;964,1;323,9;25,3;20,9;25,9;25,3;20,9;20,7;77;74;77;;;;
2026/01/22;0000 UTC;0;966;966;964,9;447,7;23,7;20,8;25,3;23,7;21;20,8;84;76;84;;;;
2026/01/22;0100 UTC;0;966;966;965,8;481;23,3;20,9;23,7;23,3;20,9;20,8;86;84;86;;;;
2026/01/22;0200 UTC;0;966,5;966,5;966;478,3;23,3;20,8;23,3;23,2;20,9;20,8;86;86;86;;;;
2026/01/22;0300 UTC;0;967,1;967,1;966,5;475,2;23,2;20,9;23,3;23,1;20,9;20,8;87;86;87;;;;
2026/01/22;0400 UTC;0;966,5;967,1;966,5;492,2;23,1;20,9;23,2;23,1;20,9;20,8;88;87;87;;;;
2026/01/22;0500 UTC;0;966,3;966,5;966,3;475,2;23,1;20,9;23,2;23,1;20,9;20,8;87;87;87;;;;
2026/01/22;0600 UTC;0;965,9;966,3;965,9;428,7;23,1;20,8;23,1;23;20,9;20,8;88;87;87;;;;
2026/01/22;0700 UTC;0;965,8;965,9;965,7;441,4;23;20,8;23,1;23;20,9;20,8;88;87;88;;;;
2026/01/22;0800 UTC;0;966;966;965,8;425;23;20,8;23;23;20,8;20,7;88;87;87;;;;
2026/01/22;0900 UTC;0;966,5;966,5;965,9;454,6;22,9;20,8;23;22,9;20,8;20,7;88;87;88;;;;
2026/01/22;1000 UTC;,2;967,1;967,1;966,5;332,7;22,7;21;22,9;22,7;21;20,8;90;88;90;;;;
2026/01/22;1100 UTC;0;967,8;967,8;967,1;324,6;23,1;21,2;23,1;22,7;21,2;21;90;89;89;;;;
2026/01/22;1200 UTC;0;968,1;968,1;967,7;241,7;24,2;20,7;24,2;23,1;21,6;20,7;89;81;81;;;;
2026/01/22;1300 UTC;0;968,7;968,8;968,1;311,2;24,8;20,4;24,8;24,1;20,7;20,4;81;76;76;;;;
2026/01/22;1400 UTC;0;968,3;968,8;968,3;342,6;25,9;20,7;26,4;24,8;20,8;20,3;77;70;73;;;;
2026/01/22;1500 UTC;,2;967,8;968,3;967,7;384,9;26,9;20,7;26,9;25,7;21,6;20,5;78;69;69;;;;
2026/01/22;1600 UTC;0;967;967,8;967;353,2;28,1;21,4;28,5;26,9;21,6;20,2;71;61;67;;;;
2026/01/22;1700 UTC;0;966,5;967;966,5;385,1;25,9;20,9;28,8;25,9;21,7;20,2;74;62;74;;;;
2026/01/22;1800 UTC;0;965,2;966,5;965,2;333,3;27,1;21,2;27,4;25,9;21,6;20,8;75;68;70;;;;
2026/01/22;1900 UTC;0;964,4;965,2;964,4;358,3;26,8;22,2;27,7;26,8;22,6;21,2;77;69;76;;;;
2026/01/22;2000 UTC;0;963,9;964,4;963,9;330,2;26,3;21,1;26,8;26;22,6;21,1;78;73;73;;;;
2026/01/22;2100 UTC;0;963,6;963,9;963,6;343,8;27;21,6;27,2;26,1;21,6;20,8;74;69;72;;;;
2026/01/22;2200 UTC;0;964,1;964,1;963,5;351,4;26,9;21,6;27,7;26,9;22,1;21,3;73;70;73;;;;
2026/01/22;2300 UTC;0;964,9;964,9;964,1;436,4;25,2;22;26,9;25,1;22;20,3;83;69;83;;;;
2026/01/23;0000 UTC;0;965,6;965,6;964,9;504,2;25;21,2;25,5;25;22;21,2;83;78;79;;;;
2026/01/23;0100 UTC;0;966,3;966,3;965,6;495,4;24,5;21,6;25;24,5;21,6;21,1;84;79;84;;;;
2026/01/23;0200 UTC;0;966,6;966,7;966,2;466;24,2;21,4;24,5;24,2;21,7;21,3;85;84;84;;;;
2026/01/23;0300 UTC;0;966,8;966,9;966,6;446,7;24;21,5;24,3;24;21,5;21,3;86;84;86;;;;
2026/01/23;0400 UTC;0;966,8;966,9;966,7;364,5;23,8;21,2;24,1;23,8;21,5;21,2;86;85;85;;;;
2026/01/23;0500 UTC;0;966,2;966,8;966,2;410,6;23,2;21,1;23,8;23,2;21,3;21,1;88;85;88;;;;
2026/01/23;0600 UTC;0;965,9;966,2;965,9;395,8;23,4;21,2;23,4;23,2;21,2;21,1;88;88;88;;;;
2026/01/23;0700 UTC;0;965,7;965,9;965,7;372,1;23,3;21,2;23,4;23,3;21,2;21,1;88;87;88;;;;
2026/01/23;0800 UTC;0;965,9;965,9;965,7;406,2;23;21;23,3;23;21,2;21;88;87;88;;;;
2026/01/23;0900 UTC;0;966,5;966,5;965,8;453,1;22,5;20,9;23;22,5;21;20,9;91;88;91;;;;
2026/01/23;1000 UTC;0;967,2;967,2;966,5;245,5;22,6;21,1;22,8;22,5;21,2;20,9;91;90;91;;;;
2026/01/23;1100 UTC;0;967,9;967,9;967,2;263,1;23,4;21,5;23,4;22,6;21,5;21,1;92;89;89;;;;
2026/01/23;1200 UTC;0;968,5;968,5;967,9;380,1;25,2;20,9;25,3;23,5;21,6;20,9;89;77;77;;;;
2026/01/23;1300 UTC;0;968,9;968,9;968,5;351,2;26,4;20,7;26,6;25,2;21,1;20,4;77;70;71;;;;
2026/01/23;1400 UTC;0;969;969,1;968,9;307,4;28,4;21,1;28,4;26,4;21,3;20,1;71;63;65;;;;
2026/01/23;1500 UTC;0;968,5;969;968,5;313;29;20,2;29,1;27,9;20,6;19,4;65;56;59;;;;
2026/01/23;1600 UTC;0;967,8;968,5;967,8;318,5;30,3;19,2;30,3;29;20,5;18,9;59;52;52;;;;
2026/01/23;1700 UTC;0;966,8;967,8;966,8;316,3;30,7;18,4;31,3;29,9;20,4;18,4;56;47;48;;;;
2026/01/23;1800 UTC;0;965,5;966,8;965,5;333,6;31,2;19,7;31,7;30,7;20,1;18,7;52;47;50;;;;
2026/01/23;1900 UTC;0;964,9;965,6;964,9;305,3;29,2;19,5;31,4;28,9;20,6;18,1;57;46;56;;;;
2026/01/23;2000 UTC;0;964,6;964,9;964,6;211;28,5;18,8;29,2;28;19,3;18,3;58;53;56;;;;
2026/01/23;2100 UTC;0;964,6;964,7;964,5;194,7;28,4;18,9;28,5;28,1;19,2;18,4;58;54;56;;;;
2026/01/23;2200 UTC;0;964,9;965;964,6;206,8;26,1;20,9;28,4;26,1;20,9;18,9;73;56;73;;;;
2026/01/23;2300 UTC;0;965,9;965,9;964,9;255;25,3;20,2;26,1;25,3;20,9;20,1;76;73;73;;;;
2026/01/24;0000 UTC;0;967,2;967,2;965,9;266,5;25,2;20,4;25,5;25;20,8;20;77;72;75;;;;
2026/01/24;0100 UTC;,8;967,8;967,8;967,2;474;24,2;22,3;25,4;24,2;22,5;20,5;89;75;89;;;;
2026/01/24;0200 UTC;,2;968,1;968,1;967,7;462,7;24,1;22,6;24,3;24,1;22,7;22,3;91;89;91;;;;
2026/01/24;0300 UTC;0;967,9;968,2;967,9;289,8;24,7;21,7;24,8;24,1;22,6;21,6;91;83;83;;;;
2026/01/24;0400 UTC;0;967,2;967,9;967,2;298,4;24,2;21,6;24,7;24,2;21,9;21,5;86;83;85;;;;
2026/01/24;0500 UTC;0;966,6;967,2;966,6;290,3;23,6;21,1;24,2;23,6;21,6;21,1;86;85;86;;;;
2026/01/24;0600 UTC;0;966,4;966,6;966,3;308,1;23,4;21,2;23,6;23,4;21,3;21,1;87;86;87;;;;
2026/01/24;0700 UTC;0;966,5;966,5;966,3;290,7;23,4;21,1;23,5;23,3;21,2;21,1;88;86;87;;;;
2026/01/24;0800 UTC;0;966,4;966,5;966,3;286,7;23,3;20,9;23,4;23,3;21,1;20,9;87;86;86;;;;
2026/01/24;0900 UTC;0;967,1;967,1;966,4;294,8;23,2;21;23,3;23,2;21;20,8;88;86;87;;;;
2026/01/24;1000 UTC;0;967,6;967,6;967,1;218,2;23,2;20,9;23,3;23,2;21,1;20,9;87;87;87;;;;
2026/01/24;1100 UTC;0;968,1;968,1;967,5;197;23,9;20,8;23,9;23,2;21,2;20,8;87;83;83;;;;
2026/01/24;1200 UTC;0;968,7;968,7;968,1;204;24,8;20,5;24,8;23,9;21;20;83;76;77;;;;
2026/01/24;1300 UTC;0;969,4;969,4;968,7;211,4;25,9;20,1;26,1;24,8;20,7;19,9;78;69;71;;;;
2026/01/24;1400 UTC;0;969,5;969,5;969,4;205,3;25,8;20,2;26,2;25,4;20,6;19,7;75;68;71;;;;
2026/01/24;1500 UTC;0;969;969,5;968,9;248,2;28,4;21;28,4;25,2;21,5;20,1;80;64;64;;;;
2026/01/24;1600 UTC;0;968,1;969;968,1;220,7;29,9;19,7;29,9;28,2;20,7;19,3;64;53;54;;;;
2026/01/24;1700 UTC;0;966,7;968,1;966,7;192,8;31,2;18,7;31,2;29,7;20,2;18,5;56;47;48;;;;
2026/01/24;1800 UTC;0;966;966,7;966;183;30,4;20;31,2;29,6;21,1;18,8;59;47;54;;;;
2026/01/24;1900 UTC;0;965,3;966;965,2;186,4;30,2;20,2;31,6;30,2;20,4;19,2;55;48;55;;;;
2026/01/24;2000 UTC;0;964,7;965,3;964,7;184,9;30,5;20,1;30,7;29,4;20,7;19,5;59;52;54;;;;
2026/01/24;2100 UTC;0;964,8;964,9;964,7;178,5;30;20;30,8;30;20,4;19;56;50;55;;;;
2026/01/24;2200 UTC;0;965,7;965,8;964,8;201,4;27,2;20,1;30;27,2;20,7;20;66;55;65;;;;
2026/01/24;2300 UTC;0;966,6;966,6;965,7;215,8;27,1;20,6;27,2;26,6;20,6;19,8;68;65;68;;;;
2026/01/25;0000 UTC;0;967,8;967,8;966,6;246,8;25,4;21,8;27,2;25,4;21,8;20,5;81;67;81;;;;
2026/01/25;0100 UTC;0;968,5;968,5;967,8;306,1;25,1;21,9;25,4;25,1;22;21,7;83;81;82;;;;
2026/01/25;0200 UTC;,2;969,1;969,1;968,5;271,5;24,8;22,2;25,1;24,7;22,5;21,9;87;82;85;;;;
2026/01/25;0300 UTC;0;968,9;969,3;968,9;301,5;24,4;21,6;24,8;24,4;22,2;21,6;86;84;85;;;;
2026/01/25;0400 UTC;0;968,6;968,9;968,4;270,8;23,6;20,9;24,4;23,6;21,6;20,9;85;84;85;;;;
2026/01/25;0500 UTC;0;968,6;968,7;968,5;267;23,5;20,8;23,6;23,5;21;20,8;85;85;85;;;;
2026/01/25;0600 UTC;0;968,1;968,7;968,1;258,5;23,4;20,9;23,6;23,4;20,9;20,7;86;84;86;;;;
2026/01/25;0700 UTC;0;968,1;968,2;968;262,8;23,4;21;23,5;23,3;21;20,8;86;85;86;;;;
2026/01/25;0800 UTC;0;968,1;968,2;968;284,3;23,3;20,9;23,4;23,3;21;20,9;87;86;87;;;;
2026/01/25;0900 UTC;0;968;968,2;967,9;260,1;23,2;20,8;23,4;23,2;21;20,7;87;86;86;;;;
2026/01/25;1000 UTC;0;969,3;969,3;968;197;23,2;20,8;23,3;23,1;20,9;20,7;87;86;87;;;;
2026/01/25;1100 UTC;0;970;970;969,3;174,7;23,3;20,6;23,3;23,1;20,8;20,5;87;84;85;;;;
2026/01/25;1200 UTC;0;970,8;970,8;969,9;183,3;23,9;20,5;23,9;23,3;20,9;20,5;85;81;81;;;;
2026/01/25;1300 UTC;,2;971,5;971,6;970,8;211;24;21,1;24,3;23,9;21,3;20,5;84;80;84;;;;
2026/01/25;1400 UTC;0;971,8;971,8;971,5;217,3;23,9;21,3;24,2;23,8;21,6;20,6;86;81;86;;;;
2026/01/25;1500 UTC;0;971,5;971,8;971,5;212,8;24;21,1;24,2;23,8;21,4;20,7;86;81;84;;;;
2026/01/25;1600 UTC;2,8;971,1;971,6;971,1;226;23,6;21,6;24;22,9;21,7;20,9;90;83;89;;;;
2026/01/25;1700 UTC;0;970,6;971,1;970,6;244,9;23,8;21,1;23,8;23,4;21,7;21;89;84;84;;;;
2026/01/25;1800 UTC;,2;970;970,6;970;245,7;24,3;20,5;24,4;23,8;21,2;20,5;85;79;80;;;;
2026/01/25;1900 UTC;0;968,6;970;968,6;197,3;23,9;21,4;24,3;23,5;21,7;20,7;88;80;86;;;;
2026/01/25;2000 UTC;0;968,2;968,6;968;260,2;24,1;21,3;24,1;23,8;21,5;21,1;86;84;85;;;;
2026/01/25;2100 UTC;0;967,8;968,2;967,8;267,9;24;21,1;24,3;24;21,3;20,8;85;81;84;;;;
2026/01/25;2200 UTC;0;967,2;967,8;967,1;290,2;23,4;21;24;23,4;21,1;20,9;86;83;86;;;;
2026/01/25;2300 UTC;0;968,7;968,7;967,2;420,5;23;21;23,4;23;21,1;20,9;89;86;88;;;;
2026/01/26;0000 UTC;0;970,2;970,2;968,7;410,8;22,9;21;23,1;22,9;21,1;20,9;89;88;89;;;;
2026/01/26;0100 UTC;0;971;971;970,2;370,7;22,9;21;23;22,9;21,1;21;89;89;89;;;;
2026/01/26;0200 UTC;0;970,7;971;970,7;380;22,3;20,7;23;22,3;21;20,7;91;88;91;;;;
2026/01/26;0300 UTC;0;970,2;970,8;970,2;353,1;22,4;20,7;22,5;22,2;20,8;20,7;91;90;90;;;;
2026/01/26;0400 UTC;0;969,7;970,2;969,6;368,6;22,4;20,6;22,5;22,4;20,8;20,6;90;90;90;;;;
2026/01/26;0500 UTC;0;969,8;969,8;969,7;372,2;22,4;20,7;22,4;22,3;20,7;20,6;90;90;90;;;;
2026/01/26;0600 UTC;0;969,2;969,8;969,1;378,9;22,2;20,7;22,5;22,2;20,8;20,7;91;90;91;;;;
2026/01/26;0700 UTC;0;969,3;969,3;969,2;380,1;22;20,6;22,2;22;20,7;20,6;92;91;92;;;;
2026/01/26;0800 UTC;0;969,4;969,4;969,2;368,7;22;20,6;22;21,9;20,6;20,5;92;92;92;;;;
2026/01/26;0900 UTC;0;969,9;969,9;969,3;351,3;22,4;20,9;22,4;22;20,9;20,6;92;91;91;;;;
2026/01/26;1000 UTC;0;970,4;970,4;969,9;206,9;22,9;21,2;22,9;22,4;21,2;20,9;91;90;90;;;;
2026/01/26;1100 UTC;0;971,2;971,2;970,4;213,4;23,6;21,2;23,6;22,9;21,4;21,2;90;86;86;;;;
2026/01/26;1200 UTC;0;971,7;971,7;971,2;223,3;24,8;21,2;24,8;23,6;21,3;21;86;80;80;;;;
2026/01/26;1300 UTC;0;971,7;971,8;971,7;277,3;26,8;20,9;26,8;24,8;21,3;20,4;80;68;70;;;;
2026/01/26;1400 UTC;0;971,5;971,9;971,5;261,6;28,3;20,8;28,6;26,8;21,4;20,1;70;61;64;;;;
2026/01/26;1500 UTC;0;971,3;971,6;971,3;215,8;29,4;20,6;29,4;28;21,3;20,2;67;58;59;;;;
2026/01/26;1600 UTC;0;970,5;971,3;970,5;227,2;30;21;30;29,2;21,8;20,3;64;56;59;;;;
2026/01/26;1700 UTC;0;969,6;970,5;969,6;234,1;28,8;21,2;31,3;28,8;21,4;19,5;64;51;64;;;;
2026/01/26;1800 UTC;0;968,2;969,6;968,2;228,8;31,3;20,2;31,7;28,7;21,5;19,3;65;48;52;;;;
2026/01/26;1900 UTC;0;966,8;968,2;966,8;249,8;32;17,9;32,2;31,1;20,9;17,9;55;43;43;;;;
2026/01/26;2000 UTC;0;966,3;966,8;966,3;264;30;20,2;32,2;29,6;20,9;18,3;58;43;56;;;;
2026/01/26;2100 UTC;0;966,9;967;966,2;211;28,6;21;30;28,6;21,2;19,8;64;55;63;;;;
2026/01/26;2200 UTC;0;967,2;967,3;966,9;211;27,2;21,2;28,6;27,2;21,5;20,8;70;63;70;;;;
2026/01/26;2300 UTC;0;967,8;967,9;967,1;296,8;25,9;21,2;27,2;25,8;21,3;21,1;76;70;75;;;;
2026/01/27;0000 UTC;0;968,5;968,5;967,7;359,6;25,1;21,6;26;25;21,6;21,2;81;75;81;;;;
2026/01/27;0100 UTC;0;969,4;969,4;968,5;366,1;24,8;21,5;25,3;24,8;21,6;21,4;82;79;82;;;;
2026/01/27;0200 UTC;0;970,5;970,5;969,4;354,8;25;21,6;25;24,8;21,7;21,5;82;82;82;;;;
2026/01/27;0300 UTC;0;970,3;970,6;970,3;295,9;24,8;21,1;25;24,8;21,6;21,1;82;80;80;;;;
2026/01/27;0400 UTC;0;969,5;970,3;969,5;290,1;24,3;21;24,8;24,3;21,1;21;82;80;82;;;;
2026/01/27;0500 UTC;0;968,9;969,5;968,9;348,7;23,7;21;24,3;23,5;21,1;21;86;82;85;;;;
2026/01/27;0600 UTC;0;969,1;969,1;968,9;317,7;23,5;21,2;23,8;23,5;21,2;21;87;85;87;;;;
2026/01/27;0700 UTC;0;969,4;969,4;969,1;357,2;23,6;21,4;23,6;23,3;21,4;21,1;88;87;87;;;;
2026/01/27;0800 UTC;0;969,3;969,4;969,2;309,3;23,3;21,1;23,6;23,3;21,4;21,1;88;86;87;;;;
2026/01/27;0900 UTC;0;969,7;969,7;969,2;344;23,1;21,1;23,3;23,1;21,2;21,1;89;87;88;;;;
2026/01/27;1000 UTC;0;970,2;970,2;969,7;200,8;22,6;21,1;23,1;22,6;21,1;20,9;91;88;91;;;;
2026/01/27;1100 UTC;0;970,8;970,8;970,2;158,4;25,3;21,6;25,3;22,6;21,9;21,1;91;80;80;;;;
2026/01/27;1200 UTC;0;970,9;971;970,8;51,8;27,7;20,4;27,7;25,3;21,8;20,3;80;65;65;;;;
2026/01/27;1300 UTC;0;970,8;971;970,8;64,4;29;20,7;29,3;27,6;20,9;19,7;65;58;61;;;;
2026/01/27;1400 UTC;0;970,8;970,9;970,7;124,4;31;20;31;29;21;19,6;61;52;52;;;;
2026/01/27;1500 UTC;0;970,5;970,9;970,5;131,7;32,1;18,4;32,4;30,8;20,9;18;57;43;44;;;;
2026/01/27;1600 UTC;0;969,7;970,6;969,7;152,9;32,1;18,8;32,9;31,7;19,7;17,8;47;42;45;;;;
2026/01/27;1700 UTC;0;968,4;969,7;968,4;166,7;30,6;20,5;33,2;30,6;20,6;17,8;55;41;55;;;;
2026/01/27;1800 UTC;0;966,7;968,4;966,7;170,1;30,3;19,4;32,6;29,5;22,1;18,2;64;44;52;;;;
2026/01/27;1900 UTC;0;966,4;966,7;965,9;197,3;28,7;19,2;30,7;28,7;19,9;18,4;56;51;56;;;;
2026/01/27;2000 UTC;0;966,2;966,4;966;221,9;27,9;21,9;28,7;27,8;21,9;19,3;70;56;70;;;;
2026/01/27;2100 UTC;0;966,5;966,5;965,9;197,9;27;20,7;27,9;26,9;21,9;20,4;71;67;68;;;;
2026/01/27;2200 UTC;,2;968,2;968,2;966,5;192,7;26,1;21,6;27;26,1;21,8;20,5;76;68;76;;;;
2026/01/27;2300 UTC;2;969,6;969,6;968,2;235,8;22,8;20;26,1;22,8;21,3;19,7;86;69;85;;;;
2026/01/28;0000 UTC;,6;970,6;970,6;969,6;252,8;23,2;21;23,2;22,7;21,3;19,9;90;84;88;;;;
2026/01/28;0100 UTC;6,8;971,7;971,7;970,6;225,4;22,3;20,4;23,3;22,3;21,2;20,3;89;87;89;;;;
2026/01/28;0200 UTC;5;971,6;972,1;971,5;242,9;21,8;20,3;22,3;21,8;20,5;20,2;91;89;91;;;;
2026/01/28;0300 UTC;,6;971;971,6;971;226,5;22,1;20,5;22,3;21,7;20,5;20,2;91;90;91;;;;
2026/01/28;0400 UTC;,2;971,3;971,4;970,3;225,6;21,8;20,2;22,1;21,8;20,5;20,1;91;90;91;;;;
2026/01/28;0500 UTC;,8;970,6;971,3;970,6;227,8;21,8;20,3;21,9;21,7;20,3;20,2;91;91;91;;;;
2026/01/28;0600 UTC;,2;969,7;970,6;969,7;218,4;21,5;19,9;21,9;21,5;20,2;19,9;91;90;90;;;;
2026/01/28;0700 UTC;0;968,9;969,7;968,9;254,5;21,4;19,9;21,6;21,3;19,9;19,7;91;90;91;;;;
2026/01/28;0800 UTC;0;968,8;968,9;968,6;245,3;21,2;19,7;21,4;21,2;19,9;19,7;92;91;92;;;;
2026/01/28;0900 UTC;0;969,3;969,3;968,8;226,3;21,4;19,9;21,4;21;20;19,6;92;91;91;;;;
2026/01/28;1000 UTC;0;970,7;970,7;969,3;150,2;21,2;19,7;21,5;21,1;20;19,7;92;91;92;;;;
2026/01/28;1100 UTC;0;971,7;971,7;970,7;120,6;22,2;20,4;22,2;21,2;20,4;19,7;92;90;90;;;;
2026/01/28;1200 UTC;0;972,4;972,4;971,7;135,3;23,2;20;23,2;22,1;20,4;19,7;90;82;82;;;;
2026/01/28;1300 UTC;0;972,9;972,9;972,4;186;24,5;19,9;24,5;23,2;20,2;19,6;82;75;76;;;;
2026/01/28;1400 UTC;0;972,8;973;972,8;116,3;25,7;19,7;26,2;24,5;20,4;19,5;77;68;70;;;;
2026/01/28;1500 UTC;0;972,4;972,8;972,4;78,2;28,1;19,7;28,1;25,7;20,5;19,2;71;59;61;;;;
2026/01/28;1600 UTC;0;971,8;972,4;971,8;64,4;29,5;19,2;29,5;27,8;20;18,3;62;52;54;;;;
2026/01/28;1700 UTC;0;970,4;971,8;970,4;80,3;30,2;19;30,9;29,1;20,3;18,5;59;49;51;;;;
2026/01/28;1800 UTC;0;969,1;970,4;969,1;121,7;29,8;19,9;31,5;29,8;21,1;18,2;59;45;55;;;;
2026/01/28;1900 UTC;6,2;969,3;969,9;969,1;261,9;22,5;20,2;29,9;22,5;20,8;19,6;87;54;87;;;;
2026/01/28;2000 UTC;3,8;968,5;969,3;968,5;230,8;22,4;20,3;22,6;21,8;20,5;19,9;90;87;88;;;;
2026/01/28;2100 UTC;0;968,5;968,5;968,2;210,7;22,8;20,6;23;22,1;20,9;20,1;89;86;87;;;;
2026/01/28;2200 UTC;0;968,8;968,8;968,6;174,1;23,2;21;23,4;22,8;21,2;20,6;88;86;87;;;;
2026/01/28;2300 UTC;0;969,6;969,6;968,8;230,2;22,6;20,9;23,4;22,6;21,1;20,8;90;86;90;;;;
2026/01/29;0000 UTC;0;970,1;970,1;969,5;258,9;22,5;21;22,7;22,4;21;20,9;91;90;91;;;;
2026/01/29;0100 UTC;0;970,9;970,9;970,1;214;23,1;21,2;23,2;22,5;21,4;21;91;89;89;;;;
2026/01/29;0200 UTC;0;970,7;971;970,7;187,5;22,9;21;23,1;22,9;21,2;21;90;89;89;;;;
2026/01/29;0300 UTC;0;970,5;970,7;969,9;194,3;22,7;20,6;22,9;22,5;21;20,5;89;88;88;;;;
2026/01/29;0400 UTC;0;970,2;970,5;970,2;202,8;22,7;20,6;22,8;22,6;20,7;20,5;88;88;88;;;;
2026/01/29;0500 UTC;0;970,2;970,4;970,2;221,4;22,5;20,7;22,7;22,4;20,8;20,6;90;88;90;;;;
2026/01/29;0600 UTC;0;970,1;970,2;970,1;252,7;22,3;20,9;22,5;22,2;20,9;20,7;91;90;91;;;;
2026/01/29;0700 UTC;0;969,9;970,1;969,8;244,1;22,2;20,7;22,4;22,2;20,9;20,7;92;91;91;;;;
2026/01/29;0800 UTC;0;970;970;969,9;246,5;21,8;20,4;22,2;21,8;20,7;20,4;92;91;92;;;;
2026/01/29;0900 UTC;0;970,4;970,4;970;247,2;21,5;20,2;22;21,5;20,6;20,2;92;92;92;;;;
2026/01/29;1000 UTC;0;971;971;970,4;206,1;21,7;20,4;21,7;21,5;20,4;20,2;92;92;92;;;;
2026/01/29;1100 UTC;0;971,6;971,7;970,9;118,9;22,8;21,2;22,8;21,7;21,2;20,4;92;91;91;;;;
2026/01/29;1200 UTC;0;972;972;971,6;51,6;24,9;21,3;24,9;22,8;21,5;20,9;91;80;80;;;;
2026/01/29;1300 UTC;0;972,4;972,4;972;91,4;27;21,5;27,1;24,9;21,9;21,2;81;71;72;;;;
2026/01/29;1400 UTC;0;972,1;972,4;972,1;17,3;28,8;21,1;28,8;27;21,9;20,8;72;63;63;;;;
2026/01/29;1500 UTC;0;971,4;972,1;971,4;16,3;30,5;19,8;30,7;28,6;21,7;19,8;66;52;53;;;;
2026/01/29;1600 UTC;0;970,6;971,4;970,6;17;31,9;19;31,9;30,3;20,3;17,7;55;43;46;;;;
2026/01/29;1700 UTC;0;969,6;970,6;969,6;30,6;31,8;18;32,7;30,9;19,9;16,9;51;39;44;;;;
2026/01/29;1800 UTC;0;967,9;969,6;967,9;31,5;34;17,8;34;31,1;19,3;16,4;47;36;38;;;;
2026/01/29;1900 UTC;0;966,4;967,9;966,4;145,1;31,6;18,3;34,1;31,6;18,9;15,6;46;34;45;;;;
2026/01/29;2000 UTC;0;966,1;966,5;966,1;219,5;27,3;19,3;31,8;27,2;20,1;17,9;62;44;62;;;;
2026/01/29;2100 UTC;0;966,4;966,4;965,8;185,9;26,2;20,4;28,3;26,2;20,4;18,7;70;57;70;;;;
2026/01/29;2200 UTC;0;966,5;966,5;966,3;179,8;25,7;20,2;26,4;25,7;20,5;20;72;69;72;;;;
2026/01/29;2300 UTC;0;967,2;967,2;966,5;287;25,1;20,8;25,7;24,9;21,1;20,3;78;72;77;;;;
2026/01/30;0000 UTC;0;968,4;968,4;967,2;364,9;24,5;21,3;25,1;24,5;21,4;20,8;82;77;82;;;;
2026/01/30;0100 UTC;0;969,1;969,1;968,4;308,4;24,8;21,2;25;24,5;21,5;21,2;83;80;81;;;;
2026/01/30;0200 UTC;0;969,4;969,4;969,1;270,1;24,8;21,5;25,2;24,6;21,7;21,3;84;79;82;;;;
2026/01/30;0300 UTC;0;969,5;969,5;969,3;283,2;24,7;21,6;24,9;24,5;21,8;21,4;85;81;83;;;;
2026/01/30;0400 UTC;0;969,1;969,5;969,1;294;24,5;21,8;24,7;24,5;21,9;21,5;85;83;85;;;;
2026/01/30;0500 UTC;0;968,8;969,2;968,8;160;24,9;20,6;25,9;24,5;22,2;20,4;86;72;77;;;;
2026/01/30;0600 UTC;0;968,4;968,8;968,4;272,5;24,3;21,5;24,9;24;21,5;20,5;85;77;85;;;;
2026/01/30;0700 UTC;0;968,5;968,5;968,4;333,5;24;21,3;24,2;23,9;21,7;21,3;86;85;85;;;;
2026/01/30;0800 UTC;0;968,5;968,6;968,4;262,4;23,8;21;24;23,7;21,4;20,9;86;84;84;;;;
2026/01/30;0900 UTC;0;968,9;968,9;968,5;264,3;23,4;20,8;23,8;23,3;21;20,8;86;84;86;;;;
2026/01/30;1000 UTC;0;969;969,3;968,9;175,3;23,7;20,8;23,7;23,3;20,9;20,7;86;83;84;;;;
2026/01/30;1100 UTC;0;970,2;970,2;969;161,7;23,9;21,1;23,9;23,3;21,5;20,8;88;84;84;;;;
2026/01/30;1200 UTC;0;971;971;970,2;150;24,2;21,4;24,2;23,9;21,4;20,8;85;82;85;;;;
2026/01/30;1300 UTC;0;971,6;971,6;971;72,2;25,3;21,4;25,4;24,1;21,7;21,3;85;78;79;;;;
2026/01/30;1400 UTC;0;971,9;971,9;971,6;54,5;26,4;21;26,4;25,3;21,8;21;79;72;72;;;;
2026/01/30;1500 UTC;0;971,3;971,9;971,3;52,3;27,6;22;27,6;26,4;22,1;20,9;73;69;71;;;;
2026/01/30;1600 UTC;0;969,9;971,3;969,9;34,1;29,4;20,1;29,7;27,7;22,3;19,9;71;57;57;;;;
2026/01/30;1700 UTC;0;967,9;969,9;967,9;51,7;31,2;19,7;31,2;29,4;20,3;18,7;58;48;50;;;;
2026/01/30;1800 UTC;0;966,5;967,9;966,5;72,1;32,3;19,4;32,9;31,1;20,3;18,2;53;43;47;;;;
2026/01/30;1900 UTC;0;965,5;966,5;965,5;118;32,5;17,3;33,3;32,2;20,2;16,9;49;39;41;;;;
2026/01/30;2000 UTC;0;965,1;965,5;964,9;163,8;32,7;18,2;33,6;32,1;18,6;16,8;44;37;42;;;;
2026/01/30;2100 UTC;0;965,2;965,4;965,1;216,7;28,6;20,6;32,7;28,4;20,9;19,2;64;43;62;;;;
2026/01/30;2200 UTC;0;966,2;966,3;965,2;192,1;27,9;19,9;28,6;27,5;20,6;19,8;65;61;62;;;;
2026/01/30;2300 UTC;0;966,4;966,4;966;229,8;26;21,4;27,9;26;21,7;20,1;76;62;76;;;;
2026/01/31;0000 UTC;0;966,9;966,9;966,3;295,7;25,6;21,2;26;25,3;21,5;21;78;74;77;;;;
2026/01/31;0100 UTC;0;967,9;967,9;966,9;318,4;24,6;21,2;25,6;24,6;21,3;21;82;77;82;;;;
2026/01/31;0200 UTC;0;968;968;967,7;367;23,9;21,3;24,6;23,9;21,4;21,1;85;81;85;;;;
2026/01/31;0300 UTC;0;968,2;968,4;968;390,8;24;21,4;24;23,7;21,4;21,2;87;85;85;;;;
2026/01/31;0400 UTC;0;968;968,2;968;390;23,5;21,3;24;23,4;21,4;21,2;88;85;88;;;;
2026/01/31;0500 UTC;0;967,6;968;967,6;381,4;23,2;21,3;23,6;23,2;21,4;21,3;89;88;89;;;;
2026/01/31;0600 UTC;0;967,1;967,6;966,9;350,5;23,1;21,2;23,5;23,1;21,4;21,1;89;87;89;;;;
2026/01/31;0700 UTC;0;967,2;967,2;967;412;23,1;21,4;23,1;22,9;21,4;21,1;90;89;90;;;;
2026/01/31;0800 UTC;0;967,2;967,5;967,2;342,6;22,9;21,1;23,2;22,9;21,4;21,1;90;89;90;;;;
2026/01/31;0900 UTC;0;967,1;967,2;966,9;317,3;22,3;20,8;22,9;22,3;21,1;20,8;91;90;91;;;;
2026/01/31;1000 UTC;0;967,8;967,8;967,1;218,2;22,2;20,8;22,3;22,1;20,8;20,6;91;91;91;;;;
2026/01/31;1100 UTC;0;968,3;968,4;967,8;67,6;24,7;21,7;24,7;22,2;21,8;20,7;91;84;84;;;;
2026/01/31;1200 UTC;0;968,6;968,6;968,3;20,2;27;21;27;24,6;21,7;20,7;84;70;70;;;;
2026/01/31;1300 UTC;0;969;969,1;968,6;;28,8;21,1;28,8;27;21,1;19,7;70;61;63;;;;
2026/01/31;1400 UTC;0;969,3;969,4;969;8,6;30,7;19,8;30,7;28,8;21,1;19,4;63;51;52;;;;
2026/01/31;1500 UTC;0;968,8;969,4;968,8;48,5;31,6;19,4;31,6;30,7;21;19,1;54;48;49;;;;
2026/01/31;1600 UTC;0;967,1;968,8;967,1;87,8;33,2;19,4;33,3;31,6;19,8;18,3;49;41;44;;;;
2026/01/31;1700 UTC;0;966;967,1;965,9;121,5;32,7;19;33,6;32,5;20,4;18,3;47;40;44;;;;
2026/01/31;1800 UTC;0;964,6;966;964,6;170,8;32,2;20,6;33,3;30,3;21,7;18,6;56;43;50;;;;
2026/01/31;1900 UTC;1,4;964,7;965,4;964,6;241,7;27,6;23,6;32,2;25,6;23,6;19,8;84;50;79;;;;
2026/01/31;2000 UTC;0;964,4;964,8;964,2;179,2;29,1;21;29,1;27,2;23,9;20,9;82;61;62;;;;
2026/01/31;2100 UTC;0;964;964,4;964;128,7;30,6;18,8;30,6;29,1;21;18,5;62;49;49;;;;
2026/01/31;2200 UTC;0;964,9;964,9;964;162,2;30,1;18,8;30,7;30,1;19,6;18,6;53;49;51;;;;
2026/01/31;2300 UTC;0;965,9;965,9;964,8;192;28,6;19,4;30,1;28,6;19,6;18,7;58;51;58;;;;
